model,k,epoch,loss_name,train_loss,train_rmse
Deterministic,,1,MSE,1.0600850582122803,1.0296043157577515
Deterministic,,2,MSE,0.9734693765640259,0.986645519733429
Deterministic,,3,MSE,0.9114617705345154,0.9547050595283508
Deterministic,,4,MSE,0.8727454543113708,0.9342084527015686
Deterministic,,5,MSE,0.8542739748954773,0.924269437789917
Deterministic,,6,MSE,0.8518289923667908,0.9229457974433899
Deterministic,,7,MSE,0.8591862916946411,0.9269230365753174
Deterministic,,8,MSE,0.869256854057312,0.9323394298553467
Deterministic,,9,MSE,0.8765414953231812,0.9362379312515259
Deterministic,,10,MSE,0.8787033557891846,0.9373917579650879
Deterministic,,11,MSE,0.8761417865753174,0.9360244870185852
Deterministic,,12,MSE,0.8706199526786804,0.933070182800293
Deterministic,,13,MSE,0.8639156222343445,0.9294705986976624
Deterministic,,14,MSE,0.8576046824455261,0.9260694980621338
Deterministic,,15,MSE,0.8529002070426941,0.9235259890556335
Deterministic,,16,MSE,0.8503161668777466,0.9221258759498596
Deterministic,,17,MSE,0.8498017191886902,0.9218469262123108
Deterministic,,18,MSE,0.850907564163208,0.9224464893341064
Deterministic,,19,MSE,0.8529045581817627,0.9235283136367798
Deterministic,,20,MSE,0.8549532294273376,0.9246367812156677
Deterministic,,21,MSE,0.8563826084136963,0.9254094362258911
Deterministic,,22,MSE,0.8568341135978699,0.925653338432312
Deterministic,,23,MSE,0.8562930226325989,0.9253610372543335
Deterministic,,24,MSE,0.854999303817749,0.9246616959571838
Deterministic,,25,MSE,0.8533173203468323,0.9237517714500427
Deterministic,,26,MSE,0.8516547083854675,0.9228513836860657
Deterministic,,27,MSE,0.8503365516662598,0.9221369624137878
Deterministic,,28,MSE,0.8495533466339111,0.9217121601104736
Deterministic,,29,MSE,0.8493351340293884,0.9215937852859497
Deterministic,,30,MSE,0.8495898842811584,0.9217320084571838
Deterministic,,31,MSE,0.8501184582710266,0.9220187067985535
Deterministic,,32,MSE,0.8506885766983032,0.9223278164863586
Deterministic,,33,MSE,0.8511043787002563,0.9225531816482544
Deterministic,,34,MSE,0.8512660264968872,0.9226408004760742
Deterministic,,35,MSE,0.8511427044868469,0.922573983669281
Deterministic,,36,MSE,0.8507835268974304,0.9223792552947998
Deterministic,,37,MSE,0.8502948880195618,0.922114372253418
Deterministic,,38,MSE,0.8497996926307678,0.9218457937240601
Deterministic,,39,MSE,0.8494092226028442,0.9216340184211731
Deterministic,,40,MSE,0.8491876721382141,0.9215137958526611
Deterministic,,41,MSE,0.8491456508636475,0.9214909672737122
Deterministic,,42,MSE,0.8492432236671448,0.9215439558029175
Deterministic,,43,MSE,0.8494082689285278,0.9216334819793701
Deterministic,,44,MSE,0.8495692610740662,0.9217208027839661
Deterministic,,45,MSE,0.8496719598770142,0.921776533126831
Deterministic,,46,MSE,0.8496861457824707,0.9217842221260071
Deterministic,,47,MSE,0.8496116399765015,0.9217438101768494
Deterministic,,48,MSE,0.8494729995727539,0.9216685891151428
Deterministic,,49,MSE,0.8493090271949768,0.9215796589851379
Deterministic,,50,MSE,0.8491562604904175,0.9214967489242554
Deterministic,,51,MSE,0.8490453958511353,0.921436607837677
Deterministic,,52,MSE,0.8489909172058105,0.9214070439338684
Deterministic,,53,MSE,0.8489874005317688,0.9214051365852356
Deterministic,,54,MSE,0.8490210771560669,0.9214233756065369
Deterministic,,55,MSE,0.8490665555000305,0.9214480519294739
Deterministic,,56,MSE,0.8490988612174988,0.9214655756950378
Deterministic,,57,MSE,0.8491033911705017,0.9214680790901184
Deterministic,,58,MSE,0.8490744233131409,0.9214523434638977
Deterministic,,59,MSE,0.8490201830863953,0.9214228987693787
Deterministic,,60,MSE,0.8489551544189453,0.9213876128196716
Deterministic,,61,MSE,0.848895251750946,0.921355128288269
Deterministic,,62,MSE,0.8488522171974182,0.9213317632675171
Deterministic,,63,MSE,0.8488300442695618,0.9213197231292725
Deterministic,,64,MSE,0.8488255739212036,0.9213172793388367
Deterministic,,65,MSE,0.8488304615020752,0.9213199615478516
Deterministic,,66,MSE,0.8488360643386841,0.9213230013847351
Deterministic,,67,MSE,0.8488346934318542,0.921322226524353
Deterministic,,68,MSE,0.8488219976425171,0.9213153719902039
Deterministic,,69,MSE,0.8487973213195801,0.9213019609451294
Deterministic,,70,MSE,0.8487656116485596,0.9212847352027893
Deterministic,,71,MSE,0.8487342000007629,0.9212676882743835
Deterministic,,72,MSE,0.8487099409103394,0.921254575252533
Deterministic,,73,MSE,0.8486930131912231,0.9212453365325928
Deterministic,,74,MSE,0.84868323802948,0.9212400317192078
Deterministic,,75,MSE,0.8486775755882263,0.9212369918823242
Deterministic,,76,MSE,0.8486721515655518,0.9212340116500854
Deterministic,,77,MSE,0.8486635088920593,0.921229362487793
Deterministic,,78,MSE,0.8486509323120117,0.9212225079536438
Deterministic,,79,MSE,0.8486348390579224,0.9212138056755066
Deterministic,,80,MSE,0.8486170172691345,0.9212040901184082
Deterministic,,81,MSE,0.8485991358757019,0.9211944341659546
Deterministic,,82,MSE,0.848582923412323,0.9211856126785278
Deterministic,,83,MSE,0.8485692143440247,0.9211781620979309
Deterministic,,84,MSE,0.8485573530197144,0.9211717247962952
Deterministic,,85,MSE,0.8485468626022339,0.9211660623550415
Deterministic,,86,MSE,0.8485366702079773,0.9211605191230774
Deterministic,,87,MSE,0.8485255837440491,0.9211544990539551
Deterministic,,88,MSE,0.8485138416290283,0.9211481213569641
Deterministic,,89,MSE,0.8485011458396912,0.9211412072181702
Deterministic,,90,MSE,0.8484890460968018,0.9211346507072449
Deterministic,,91,MSE,0.8484761714935303,0.9211276769638062
Deterministic,,92,MSE,0.8484618067741394,0.9211198687553406
Deterministic,,93,MSE,0.8484501838684082,0.9211135506629944
Deterministic,,94,MSE,0.8484383225440979,0.9211071133613586
Deterministic,,95,MSE,0.8484253883361816,0.9211000800132751
Deterministic,,96,MSE,0.8484141826629639,0.9210940003395081
Deterministic,,97,MSE,0.848402738571167,0.9210878014564514
Deterministic,,98,MSE,0.8483911156654358,0.9210814833641052
Deterministic,,99,MSE,0.8483788967132568,0.9210748672485352
Deterministic,,100,MSE,0.8483662009239197,0.9210679531097412
Deterministic,,101,MSE,0.8483536243438721,0.9210611581802368
Deterministic,,102,MSE,0.8483420610427856,0.9210548400878906
Deterministic,,103,MSE,0.8483307361602783,0.9210487008094788
Deterministic,,104,MSE,0.8483194708824158,0.9210426211357117
Deterministic,,105,MSE,0.8483077883720398,0.9210362434387207
Deterministic,,106,MSE,0.8482962846755981,0.9210299849510193
Deterministic,,107,MSE,0.8482847809791565,0.9210237860679626
Deterministic,,108,MSE,0.8482730984687805,0.9210174083709717
Deterministic,,109,MSE,0.8482615947723389,0.921011209487915
Deterministic,,110,MSE,0.848250150680542,0.9210049510002136
Deterministic,,111,MSE,0.8482388257980347,0.9209988117218018
Deterministic,,112,MSE,0.8482271432876587,0.9209924936294556
Deterministic,,113,MSE,0.8482155203819275,0.9209861755371094
Deterministic,,114,MSE,0.848203718662262,0.9209797382354736
Deterministic,,115,MSE,0.8481921553611755,0.9209734797477722
Deterministic,,116,MSE,0.84818035364151,0.9209671020507812
Deterministic,,117,MSE,0.8481688499450684,0.9209608435630798
Deterministic,,118,MSE,0.8481572866439819,0.9209545254707336
Deterministic,,119,MSE,0.8481456637382507,0.9209482669830322
Deterministic,,120,MSE,0.8481339812278748,0.9209418892860413
Deterministic,,121,MSE,0.8481226563453674,0.9209357500076294
Deterministic,,122,MSE,0.8481112122535706,0.9209295511245728
Deterministic,,123,MSE,0.8480992317199707,0.9209230542182922
Deterministic,,124,MSE,0.8480881452560425,0.9209170341491699
Deterministic,,125,MSE,0.8480767011642456,0.9209107756614685
Deterministic,,126,MSE,0.8480653762817383,0.9209046363830566
Deterministic,,127,MSE,0.8480539321899414,0.9208984375
Deterministic,,128,MSE,0.8480425477027893,0.9208922386169434
Deterministic,,129,MSE,0.848031222820282,0.9208860993385315
Deterministic,,130,MSE,0.8480199575424194,0.9208800196647644
Deterministic,,131,MSE,0.8480085134506226,0.920873761177063
Deterministic,,132,MSE,0.8479971289634705,0.9208676218986511
Deterministic,,133,MSE,0.8479857444763184,0.9208614230155945
Deterministic,,134,MSE,0.8479740619659424,0.9208550453186035
Deterministic,,135,MSE,0.8479627370834351,0.9208489060401917
Deterministic,,136,MSE,0.847951352596283,0.9208427667617798
Deterministic,,137,MSE,0.8479399085044861,0.9208365082740784
Deterministic,,138,MSE,0.8479283452033997,0.920830249786377
Deterministic,,139,MSE,0.8479169607162476,0.9208240509033203
Deterministic,,140,MSE,0.8479053974151611,0.9208177924156189
Deterministic,,141,MSE,0.8478938341140747,0.9208115339279175
Deterministic,,142,MSE,0.8478823900222778,0.9208052754402161
Deterministic,,143,MSE,0.8478707075119019,0.9207989573478699
Deterministic,,144,MSE,0.8478591442108154,0.9207926988601685
Deterministic,,145,MSE,0.8478472828865051,0.9207862019538879
Deterministic,,146,MSE,0.8478357195854187,0.9207799434661865
Deterministic,,147,MSE,0.8478239178657532,0.9207735657691956
Deterministic,,148,MSE,0.8478119969367981,0.920767068862915
Deterministic,,149,MSE,0.8478003740310669,0.9207607507705688
Deterministic,,150,MSE,0.8477885127067566,0.9207543134689331
Deterministic,,151,MSE,0.8477766513824463,0.9207478761672974
Deterministic,,152,MSE,0.8477649688720703,0.9207415580749512
Deterministic,,153,MSE,0.8477529287338257,0.9207350015640259
Deterministic,,154,MSE,0.8477407693862915,0.9207283854484558
Deterministic,,155,MSE,0.8477280139923096,0.9207214713096619
Deterministic,,156,MSE,0.8477160930633545,0.9207149744033813
Deterministic,,157,MSE,0.8477034568786621,0.9207081198692322
Deterministic,,158,MSE,0.8476908802986145,0.9207013249397278
Deterministic,,159,MSE,0.8476783633232117,0.9206945300102234
Deterministic,,160,MSE,0.8476657867431641,0.9206876754760742
Deterministic,,161,MSE,0.8476531505584717,0.920680820941925
Deterministic,,162,MSE,0.8476414680480957,0.9206744432449341
Deterministic,,163,MSE,0.8476297855377197,0.9206681251525879
Deterministic,,164,MSE,0.8476171493530273,0.9206612706184387
Deterministic,,165,MSE,0.847603976726532,0.9206541180610657
Deterministic,,166,MSE,0.8475916981697083,0.9206474423408508
Deterministic,,167,MSE,0.8475797176361084,0.9206409454345703
Deterministic,,168,MSE,0.847567617893219,0.9206343293190002
Deterministic,,169,MSE,0.8475553393363953,0.9206277132034302
Deterministic,,170,MSE,0.8475430011749268,0.9206209778785706
Deterministic,,171,MSE,0.8475304245948792,0.9206141829490662
Deterministic,,172,MSE,0.847517728805542,0.9206072688102722
Deterministic,,173,MSE,0.8475053906440735,0.9206005334854126
Deterministic,,174,MSE,0.8474933505058289,0.9205940365791321
Deterministic,,175,MSE,0.8474807143211365,0.9205871820449829
Deterministic,,176,MSE,0.8474678993225098,0.9205802083015442
Deterministic,,177,MSE,0.8474557995796204,0.9205736517906189
Deterministic,,178,MSE,0.8474436402320862,0.9205670356750488
Deterministic,,179,MSE,0.847430944442749,0.9205601215362549
Deterministic,,180,MSE,0.8474182486534119,0.9205532073974609
Deterministic,,181,MSE,0.8474053740501404,0.9205462336540222
Deterministic,,182,MSE,0.8473926186561584,0.9205393195152283
Deterministic,,183,MSE,0.8473803997039795,0.9205326437950134
Deterministic,,184,MSE,0.8473676443099976,0.9205257296562195
Deterministic,,185,MSE,0.8473544120788574,0.9205185770988464
Deterministic,,186,MSE,0.8473418951034546,0.920511782169342
Deterministic,,187,MSE,0.8473294973373413,0.9205050468444824
Deterministic,,188,MSE,0.8473164439201355,0.9204979538917542
Deterministic,,189,MSE,0.8473032712936401,0.9204908013343811
Deterministic,,190,MSE,0.847290575504303,0.9204838871955872
Deterministic,,191,MSE,0.8472775816917419,0.9204767942428589
Deterministic,,192,MSE,0.8472646474838257,0.9204698204994202
Deterministic,,193,MSE,0.8472517728805542,0.9204627871513367
Deterministic,,194,MSE,0.8472384810447693,0.9204555749893188
Deterministic,,195,MSE,0.8472254872322083,0.9204485416412354
Deterministic,,196,MSE,0.8472123146057129,0.9204413890838623
Deterministic,,197,MSE,0.8471988439559937,0.9204340577125549
Deterministic,,198,MSE,0.847185492515564,0.9204267859458923
Deterministic,,199,MSE,0.8471723794937134,0.9204196929931641
Deterministic,,200,MSE,0.8471591472625732,0.9204124808311462
Deterministic,,201,MSE,0.8471460938453674,0.920405387878418
Deterministic,,202,MSE,0.847133219242096,0.9203984141349792
Deterministic,,203,MSE,0.847119927406311,0.9203912019729614
Deterministic,,204,MSE,0.8471066355705261,0.9203839898109436
Deterministic,,205,MSE,0.847093939781189,0.9203770756721497
Deterministic,,206,MSE,0.8470805883407593,0.9203698039054871
Deterministic,,207,MSE,0.8470668792724609,0.9203623533248901
Deterministic,,208,MSE,0.8470534682273865,0.9203550815582275
Deterministic,,209,MSE,0.8470404148101807,0.9203479886054993
Deterministic,,210,MSE,0.8470271229743958,0.9203407764434814
Deterministic,,211,MSE,0.8470130562782288,0.9203331470489502
Deterministic,,212,MSE,0.8469998240470886,0.9203259348869324
Deterministic,,213,MSE,0.846986711025238,0.9203187823295593
Deterministic,,214,MSE,0.8469728827476501,0.9203112721443176
Deterministic,,215,MSE,0.8469593524932861,0.9203039407730103
Deterministic,,216,MSE,0.8469459414482117,0.9202966690063477
Deterministic,,217,MSE,0.8469322919845581,0.9202892184257507
Deterministic,,218,MSE,0.8469185829162598,0.9202817678451538
Deterministic,,219,MSE,0.8469050526618958,0.9202744364738464
Deterministic,,220,MSE,0.8468917012214661,0.9202671647071838
Deterministic,,221,MSE,0.846878170967102,0.9202598333358765
Deterministic,,222,MSE,0.8468644618988037,0.9202523827552795
Deterministic,,223,MSE,0.8468508124351501,0.9202449917793274
Deterministic,,224,MSE,0.8468372225761414,0.9202376008033752
Deterministic,,225,MSE,0.8468236327171326,0.9202302098274231
Deterministic,,226,MSE,0.8468096256256104,0.9202225804328918
Deterministic,,227,MSE,0.8467954993247986,0.9202148914337158
Deterministic,,228,MSE,0.8467814922332764,0.9202073216438293
Deterministic,,229,MSE,0.846767783164978,0.9201998710632324
Deterministic,,230,MSE,0.8467538356781006,0.920192301273346
Deterministic,,231,MSE,0.8467397093772888,0.9201846122741699
Deterministic,,232,MSE,0.8467260599136353,0.920177161693573
Deterministic,,233,MSE,0.8467124700546265,0.9201698303222656
Deterministic,,234,MSE,0.8466988205909729,0.9201623797416687
Deterministic,,235,MSE,0.8466850519180298,0.9201549291610718
Deterministic,,236,MSE,0.8466710448265076,0.9201472997665405
Deterministic,,237,MSE,0.8466575741767883,0.9201399683952332
Deterministic,,238,MSE,0.8466439843177795,0.920132577419281
Deterministic,,239,MSE,0.8466298580169678,0.920124888420105
Deterministic,,240,MSE,0.8466163277626038,0.9201175570487976
Deterministic,,241,MSE,0.8466026186943054,0.9201101064682007
Deterministic,,242,MSE,0.8465887904167175,0.920102596282959
Deterministic,,243,MSE,0.8465749621391296,0.9200950860977173
Deterministic,,244,MSE,0.8465605974197388,0.9200872778892517
Deterministic,,245,MSE,0.8465471267700195,0.9200799465179443
Deterministic,,246,MSE,0.8465331792831421,0.9200723767280579
Deterministic,,247,MSE,0.8465192317962646,0.9200648069381714
Deterministic,,248,MSE,0.8465051054954529,0.9200571179389954
Deterministic,,249,MSE,0.8464913964271545,0.9200496673583984
Deterministic,,250,MSE,0.8464772701263428,0.9200419783592224
Deterministic,,251,MSE,0.846463143825531,0.9200342893600464
Deterministic,,252,MSE,0.8464491963386536,0.9200267195701599
Deterministic,,253,MSE,0.846435010433197,0.9200190305709839
Deterministic,,254,MSE,0.8464206457138062,0.9200112223625183
Deterministic,,255,MSE,0.8464062213897705,0.920003354549408
Deterministic,,256,MSE,0.8463899493217468,0.9199945330619812
Deterministic,,257,MSE,0.8463760018348694,0.9199869632720947
Deterministic,,258,MSE,0.8463628888130188,0.9199798107147217
Deterministic,,259,MSE,0.8463494181632996,0.9199725389480591
Deterministic,,260,MSE,0.8463355302810669,0.9199649691581726
Deterministic,,261,MSE,0.8463216423988342,0.9199573993682861
Deterministic,,262,MSE,0.8463084101676941,0.9199502468109131
Deterministic,,263,MSE,0.8462942242622375,0.9199424982070923
Deterministic,,264,MSE,0.8462802171707153,0.919934868812561
Deterministic,,265,MSE,0.8462665677070618,0.9199274778366089
Deterministic,,266,MSE,0.8462522625923157,0.9199197292327881
Deterministic,,267,MSE,0.8462380170822144,0.9199119806289673
Deterministic,,268,MSE,0.846224308013916,0.9199045300483704
Deterministic,,269,MSE,0.8462100625038147,0.9198967814445496
Deterministic,,270,MSE,0.8461951017379761,0.9198886156082153
Deterministic,,271,MSE,0.8461808562278748,0.9198808670043945
Deterministic,,272,MSE,0.8461664915084839,0.919873058795929
Deterministic,,273,MSE,0.8461524248123169,0.9198654294013977
Deterministic,,274,MSE,0.8461373448371887,0.9198572635650635
Deterministic,,275,MSE,0.8461212515830994,0.9198485016822815
Deterministic,,276,MSE,0.8461065888404846,0.9198405146598816
Deterministic,,277,MSE,0.8460912704467773,0.919832170009613
Deterministic,,278,MSE,0.8460761308670044,0.919823944568634
Deterministic,,279,MSE,0.8460635542869568,0.9198171496391296
Deterministic,,280,MSE,0.8460511565208435,0.91981041431427
Deterministic,,281,MSE,0.8460374474525452,0.9198029637336731
Deterministic,,282,MSE,0.8460233211517334,0.9197952747344971
Deterministic,,283,MSE,0.8460091352462769,0.9197875261306763
Deterministic,,284,MSE,0.8459947109222412,0.9197797179222107
Deterministic,,285,MSE,0.8459810018539429,0.9197722673416138
Deterministic,,286,MSE,0.8459668159484863,0.919764518737793
Deterministic,,287,MSE,0.8459522724151611,0.9197566509246826
Deterministic,,288,MSE,0.8459385633468628,0.9197492003440857
Deterministic,,289,MSE,0.8459246754646301,0.9197416305541992
Deterministic,,290,MSE,0.8459106683731079,0.919734001159668
Deterministic,,291,MSE,0.8458955883979797,0.9197258353233337
Deterministic,,292,MSE,0.8458806872367859,0.9197177290916443
Deterministic,,293,MSE,0.8458660244941711,0.9197097420692444
Deterministic,,294,MSE,0.8458529710769653,0.9197026491165161
Deterministic,,295,MSE,0.8458393812179565,0.919695258140564
Deterministic,,296,MSE,0.8458252549171448,0.9196875691413879
Deterministic,,297,MSE,0.8458113074302673,0.9196799993515015
Deterministic,,298,MSE,0.8457968831062317,0.9196721315383911
Deterministic,,299,MSE,0.8457818627357483,0.9196639657020569
Deterministic,,300,MSE,0.8457671999931335,0.9196560382843018
Deterministic,,301,MSE,0.8457531332969666,0.9196483492851257
Deterministic,,302,MSE,0.8457380533218384,0.9196401834487915
Deterministic,,303,MSE,0.8457217812538147,0.91963130235672
Deterministic,,304,MSE,0.8457041382789612,0.9196217656135559
Deterministic,,305,MSE,0.8456858396530151,0.9196118116378784
Deterministic,,306,MSE,0.8456681370735168,0.9196021556854248
Deterministic,,307,MSE,0.8456500172615051,0.9195923209190369
Deterministic,,308,MSE,0.8456296324729919,0.9195812344551086
Deterministic,,309,MSE,0.8456049561500549,0.9195678234100342
Deterministic,,310,MSE,0.8455823659896851,0.9195555448532104
Deterministic,,311,MSE,0.8455613851547241,0.9195441007614136
Deterministic,,312,MSE,0.8455383777618408,0.9195315837860107
Deterministic,,313,MSE,0.8455151915550232,0.9195190072059631
Deterministic,,314,MSE,0.8454889059066772,0.919504702091217
Deterministic,,315,MSE,0.8454594016075134,0.9194886684417725
Deterministic,,316,MSE,0.8454471826553345,0.9194819927215576
Deterministic,,317,MSE,0.84543377161026,0.919474720954895
Deterministic,,318,MSE,0.8454228043556213,0.9194687604904175
Deterministic,,319,MSE,0.8454066514968872,0.9194599986076355
Deterministic,,320,MSE,0.8453854918479919,0.9194484949111938
Deterministic,,321,MSE,0.8453634977340698,0.919436514377594
Deterministic,,322,MSE,0.8453445434570312,0.9194262027740479
Deterministic,,323,MSE,0.8453257083892822,0.9194159507751465
Deterministic,,324,MSE,0.8453078866004944,0.9194062948226929
Deterministic,,325,MSE,0.8452903032302856,0.919396698474884
Deterministic,,326,MSE,0.845274031162262,0.9193878769874573
Deterministic,,327,MSE,0.8452590703964233,0.919379711151123
Deterministic,,328,MSE,0.8452428579330444,0.9193708896636963
Deterministic,,329,MSE,0.8452242016792297,0.9193607568740845
Deterministic,,330,MSE,0.8452039957046509,0.9193497896194458
Deterministic,,331,MSE,0.8451868295669556,0.9193404316902161
Deterministic,,332,MSE,0.8451706767082214,0.9193316698074341
Deterministic,,333,MSE,0.8451542258262634,0.9193227291107178
Deterministic,,334,MSE,0.845138430595398,0.9193140864372253
Deterministic,,335,MSE,0.8451221585273743,0.9193052649497986
Deterministic,,336,MSE,0.8451056480407715,0.9192962646484375
Deterministic,,337,MSE,0.8450892567634583,0.919287383556366
Deterministic,,338,MSE,0.8450730443000793,0.9192785620689392
Deterministic,,339,MSE,0.8450570106506348,0.9192698001861572
Deterministic,,340,MSE,0.8450404405593872,0.9192607998847961
Deterministic,,341,MSE,0.8450238108634949,0.9192517399787903
Deterministic,,342,MSE,0.8450073599815369,0.919242799282074
Deterministic,,343,MSE,0.8449910879135132,0.9192339777946472
Deterministic,,344,MSE,0.8449742197990417,0.9192247986793518
Deterministic,,345,MSE,0.8449578881263733,0.9192159175872803
Deterministic,,346,MSE,0.8449406623840332,0.9192065596580505
Deterministic,,347,MSE,0.8449239730834961,0.9191974401473999
Deterministic,,348,MSE,0.8449076414108276,0.9191885590553284
Deterministic,,349,MSE,0.844890296459198,0.9191791415214539
Deterministic,,350,MSE,0.8448735475540161,0.9191700220108032
Deterministic,,351,MSE,0.8448567986488342,0.9191609025001526
Deterministic,,352,MSE,0.8448376655578613,0.9191505312919617
Deterministic,,353,MSE,0.8448222279548645,0.9191421270370483
Deterministic,,354,MSE,0.8448027968406677,0.9191315174102783
Deterministic,,355,MSE,0.8447849750518799,0.9191218614578247
Deterministic,,356,MSE,0.8447684049606323,0.9191128611564636
Deterministic,,357,MSE,0.8447520136833191,0.9191039204597473
Deterministic,,358,MSE,0.844737708568573,0.9190961122512817
Deterministic,,359,MSE,0.844722330570221,0.9190877676010132
Deterministic,,360,MSE,0.844707727432251,0.9190798401832581
Deterministic,,361,MSE,0.8446912169456482,0.919070839881897
Deterministic,,362,MSE,0.8446733951568604,0.9190611243247986
Deterministic,,363,MSE,0.8446564078330994,0.9190518856048584
Deterministic,,364,MSE,0.844638466835022,0.91904217004776
Deterministic,,365,MSE,0.8446220755577087,0.9190332293510437
Deterministic,,366,MSE,0.844605565071106,0.9190242290496826
Deterministic,,367,MSE,0.844589352607727,0.9190154075622559
Deterministic,,368,MSE,0.8445746898651123,0.919007420539856
Deterministic,,369,MSE,0.844558835029602,0.9189988374710083
Deterministic,,370,MSE,0.8445428013801575,0.9189900755882263
Deterministic,,371,MSE,0.8445268869400024,0.9189814329147339
Deterministic,,372,MSE,0.8445104956626892,0.9189724922180176
Deterministic,,373,MSE,0.8444943428039551,0.9189637303352356
Deterministic,,374,MSE,0.8444781303405762,0.9189549088478088
Deterministic,,375,MSE,0.8444614410400391,0.918945848941803
Deterministic,,376,MSE,0.8444451093673706,0.9189369678497314
Deterministic,,377,MSE,0.8444284796714783,0.9189279079437256
Deterministic,,378,MSE,0.8444127440452576,0.9189193248748779
Deterministic,,379,MSE,0.8443964123725891,0.9189104437828064
Deterministic,,380,MSE,0.8443796038627625,0.9189013242721558
Deterministic,,381,MSE,0.8443629145622253,0.9188922047615051
Deterministic,,382,MSE,0.8443471789360046,0.9188836812973022
Deterministic,,383,MSE,0.8443315625190735,0.9188751578330994
Deterministic,,384,MSE,0.8443154692649841,0.9188663959503174
Deterministic,,385,MSE,0.8442988395690918,0.9188573360443115
Deterministic,,386,MSE,0.8442827463150024,0.9188485741615295
Deterministic,,387,MSE,0.8442665934562683,0.9188398122787476
Deterministic,,388,MSE,0.8442522287368774,0.918832004070282
Deterministic,,389,MSE,0.8442343473434448,0.9188222885131836
Deterministic,,390,MSE,0.8442190885543823,0.918813943862915
Deterministic,,391,MSE,0.8442032337188721,0.9188053011894226
Deterministic,,392,MSE,0.8441892862319946,0.9187977313995361
Deterministic,,393,MSE,0.844171404838562,0.9187880158424377
Deterministic,,394,MSE,0.8441567420959473,0.9187800288200378
Deterministic,,395,MSE,0.8441404104232788,0.9187711477279663
Deterministic,,396,MSE,0.844124972820282,0.918762743473053
Deterministic,,397,MSE,0.8441067934036255,0.9187528491020203
Deterministic,,398,MSE,0.8440926671028137,0.9187451601028442
Deterministic,,399,MSE,0.8440771102905273,0.9187366962432861
Deterministic,,400,MSE,0.844059944152832,0.9187273383140564
Deterministic,,401,MSE,0.8440449833869934,0.9187192320823669
Deterministic,,402,MSE,0.8440297842025757,0.9187109470367432
Deterministic,,403,MSE,0.844013512134552,0.9187020659446716
Deterministic,,404,MSE,0.8439958095550537,0.9186924695968628
Deterministic,,405,MSE,0.8439781665802002,0.9186828136444092
Deterministic,,406,MSE,0.8439620733261108,0.918674111366272
Deterministic,,407,MSE,0.8439456820487976,0.9186651706695557
Deterministic,,408,MSE,0.8439295887947083,0.9186564087867737
Deterministic,,409,MSE,0.8439131379127502,0.9186474680900574
Deterministic,,410,MSE,0.8438971638679504,0.9186387658119202
Deterministic,,411,MSE,0.8438827991485596,0.9186309576034546
Deterministic,,412,MSE,0.8438677787780762,0.9186227321624756
Deterministic,,413,MSE,0.8438512086868286,0.9186137318611145
Deterministic,,414,MSE,0.8438343405723572,0.9186045527458191
Deterministic,,415,MSE,0.8438190221786499,0.9185962080955505
Deterministic,,416,MSE,0.8438027501106262,0.9185873866081238
Deterministic,,417,MSE,0.8437891602516174,0.9185799956321716
Deterministic,,418,MSE,0.8437718749046326,0.9185705780982971
Deterministic,,419,MSE,0.8437567353248596,0.9185622930526733
Deterministic,,420,MSE,0.8437387943267822,0.918552577495575
Deterministic,,421,MSE,0.8437231183052063,0.9185439944267273
Deterministic,,422,MSE,0.843706488609314,0.9185349941253662
Deterministic,,423,MSE,0.8436893224716187,0.9185256361961365
Deterministic,,424,MSE,0.8436734080314636,0.9185169339179993
Deterministic,,425,MSE,0.8436537981033325,0.9185062646865845
Deterministic,,426,MSE,0.8436372876167297,0.9184973239898682
Deterministic,,427,MSE,0.8436205983161926,0.9184882044792175
Deterministic,,428,MSE,0.8436058759689331,0.9184802174568176
Deterministic,,429,MSE,0.843589186668396,0.918471097946167
Deterministic,,430,MSE,0.8435717821121216,0.9184616208076477
Deterministic,,431,MSE,0.8435564041137695,0.9184532761573792
Deterministic,,432,MSE,0.8435410261154175,0.9184448719024658
Deterministic,,433,MSE,0.8435240983963013,0.9184356927871704
Deterministic,,434,MSE,0.8435102105140686,0.9184281229972839
Deterministic,,435,MSE,0.8434863090515137,0.9184151291847229
Deterministic,,436,MSE,0.8434651494026184,0.9184035658836365
Deterministic,,437,MSE,0.8434422612190247,0.9183911085128784
Deterministic,,438,MSE,0.8434207439422607,0.9183794260025024
Deterministic,,439,MSE,0.8433979749679565,0.9183670282363892
Deterministic,,440,MSE,0.8433722853660583,0.9183530211448669
Deterministic,,441,MSE,0.8433424234390259,0.9183367490768433
Deterministic,,442,MSE,0.8433212041854858,0.9183252453804016
Deterministic,,443,MSE,0.8432976603507996,0.9183123707771301
Deterministic,,444,MSE,0.8432795405387878,0.9183025360107422
Deterministic,,445,MSE,0.8432472348213196,0.9182849526405334
Deterministic,,446,MSE,0.843209445476532,0.9182643890380859
Deterministic,,447,MSE,0.8431709408760071,0.918243408203125
Deterministic,,448,MSE,0.8431299328804016,0.9182210564613342
Deterministic,,449,MSE,0.8430618643760681,0.9181839823722839
Deterministic,,450,MSE,0.8430248498916626,0.9181638360023499
Deterministic,,451,MSE,0.8430203199386597,0.9181613922119141
Deterministic,,452,MSE,0.8430261015892029,0.9181645512580872
Deterministic,,453,MSE,0.8430200219154358,0.9181612133979797
Deterministic,,454,MSE,0.8429906964302063,0.9181452393531799
Deterministic,,455,MSE,0.8429561853408813,0.9181264638900757
Deterministic,,456,MSE,0.842921257019043,0.9181074500083923
Deterministic,,457,MSE,0.8428875803947449,0.9180890917778015
Deterministic,,458,MSE,0.8428735136985779,0.9180814027786255
Deterministic,,459,MSE,0.8428574204444885,0.9180726408958435
Deterministic,,460,MSE,0.8428407311439514,0.9180635809898376
Deterministic,,461,MSE,0.8428220748901367,0.918053388595581
Deterministic,,462,MSE,0.8428001999855042,0.9180415272712708
Deterministic,,463,MSE,0.8427823781967163,0.9180318117141724
Deterministic,,464,MSE,0.8427646160125732,0.918022096157074
Deterministic,,465,MSE,0.8427478671073914,0.9180129766464233
Deterministic,,466,MSE,0.8427310585975647,0.9180038571357727
Deterministic,,467,MSE,0.8427082896232605,0.9179914593696594
Deterministic,,468,MSE,0.8426823019981384,0.9179772734642029
Deterministic,,469,MSE,0.8426622152328491,0.917966365814209
Deterministic,,470,MSE,0.8426452875137329,0.9179571270942688
Deterministic,,471,MSE,0.8426282405853271,0.9179478287696838
Deterministic,,472,MSE,0.8426088690757751,0.9179372787475586
Deterministic,,473,MSE,0.8425896763801575,0.9179268479347229
Deterministic,,474,MSE,0.8425706624984741,0.917916476726532
Deterministic,,475,MSE,0.842553973197937,0.9179074168205261
Deterministic,,476,MSE,0.842536211013794,0.9178977012634277
Deterministic,,477,MSE,0.8425173759460449,0.9178874492645264
Deterministic,,478,MSE,0.8424987196922302,0.9178773164749146
Deterministic,,479,MSE,0.8424825072288513,0.917868435382843
Deterministic,,480,MSE,0.8424672484397888,0.9178601503372192
Deterministic,,481,MSE,0.8424497842788696,0.9178506135940552
Deterministic,,482,MSE,0.8424286246299744,0.9178391098976135
Deterministic,,483,MSE,0.842411458492279,0.9178297519683838
Deterministic,,484,MSE,0.8423933982849121,0.9178199172019958
Deterministic,,485,MSE,0.8423771262168884,0.9178110361099243
Deterministic,,486,MSE,0.8423593640327454,0.9178013801574707
Deterministic,,487,MSE,0.8423440456390381,0.9177930355072021
Deterministic,,488,MSE,0.8423282504081726,0.9177844524383545
Deterministic,,489,MSE,0.8423122763633728,0.9177757501602173
Deterministic,,490,MSE,0.8422916531562805,0.9177644848823547
Deterministic,,491,MSE,0.8422750234603882,0.9177554249763489
Deterministic,,492,MSE,0.8422605991363525,0.9177475571632385
Deterministic,,493,MSE,0.8422440886497498,0.9177385568618774
Deterministic,,494,MSE,0.8422265648841858,0.9177290201187134
Deterministic,,495,MSE,0.8422090411186218,0.9177194833755493
Deterministic,,496,MSE,0.8421922922134399,0.9177103638648987
Deterministic,,497,MSE,0.8421750664710999,0.9177009463310242
Deterministic,,498,MSE,0.8421582579612732,0.9176918268203735
Deterministic,,499,MSE,0.8421429395675659,0.917683482170105
Deterministic,,500,MSE,0.8421263098716736,0.9176744222640991
Deterministic,,501,MSE,0.8421103358268738,0.9176657199859619
Deterministic,,502,MSE,0.8420928120613098,0.9176561236381531
Deterministic,,503,MSE,0.8420765995979309,0.9176473021507263
Deterministic,,504,MSE,0.8420592546463013,0.9176378846168518
Deterministic,,505,MSE,0.8420441746711731,0.9176296591758728
Deterministic,,506,MSE,0.8420283198356628,0.9176210165023804
Deterministic,,507,MSE,0.8420119285583496,0.9176120758056641
Deterministic,,508,MSE,0.8419941067695618,0.9176023602485657
Deterministic,,509,MSE,0.84197998046875,0.9175946712493896
Deterministic,,510,MSE,0.8419628143310547,0.9175853133201599
Deterministic,,511,MSE,0.8419469594955444,0.9175766706466675
Deterministic,,512,MSE,0.8419287204742432,0.91756671667099
Deterministic,,513,MSE,0.8419142365455627,0.9175588488578796
Deterministic,,514,MSE,0.8418982028961182,0.9175500869750977
Deterministic,,515,MSE,0.8418805599212646,0.9175404906272888
Deterministic,,516,MSE,0.8418651223182678,0.9175320863723755
Deterministic,,517,MSE,0.8418489694595337,0.9175232648849487
Deterministic,,518,MSE,0.8418323993682861,0.9175142645835876
Deterministic,,519,MSE,0.8418163657188416,0.9175055027008057
Deterministic,,520,MSE,0.8417997360229492,0.9174964427947998
Deterministic,,521,MSE,0.8417847156524658,0.9174882769584656
Deterministic,,522,MSE,0.8417684435844421,0.917479395866394
Deterministic,,523,MSE,0.8417518734931946,0.917470395565033
Deterministic,,524,MSE,0.8417344689369202,0.9174608588218689
Deterministic,,525,MSE,0.8417192697525024,0.9174525737762451
Deterministic,,526,MSE,0.8417024612426758,0.9174434542655945
Deterministic,,527,MSE,0.8416884541511536,0.9174358248710632
Deterministic,,528,MSE,0.8416702151298523,0.9174258708953857
Deterministic,,529,MSE,0.8416543006896973,0.9174171686172485
Deterministic,,530,MSE,0.841637372970581,0.9174079895019531
Deterministic,,531,MSE,0.8416237235069275,0.9174005389213562
Deterministic,,532,MSE,0.8416064381599426,0.9173911213874817
Deterministic,,533,MSE,0.8415899872779846,0.9173821210861206
Deterministic,,534,MSE,0.8415749073028564,0.9173738956451416
Deterministic,,535,MSE,0.841557502746582,0.9173644185066223
Deterministic,,536,MSE,0.8415415287017822,0.9173557162284851
Deterministic,,537,MSE,0.8415254950523376,0.9173470139503479
Deterministic,,538,MSE,0.8415084481239319,0.9173377156257629
Deterministic,,539,MSE,0.8414928317070007,0.9173291921615601
Deterministic,,540,MSE,0.8414759039878845,0.9173199534416199
Deterministic,,541,MSE,0.8414607048034668,0.9173116683959961
Deterministic,,542,MSE,0.8414470553398132,0.9173042178153992
Deterministic,,543,MSE,0.8414297103881836,0.9172948002815247
Deterministic,,544,MSE,0.8414146900177002,0.9172865748405457
Deterministic,,545,MSE,0.8414005041122437,0.9172788858413696
Deterministic,,546,MSE,0.8413851857185364,0.9172704815864563
Deterministic,,547,MSE,0.8413692116737366,0.9172617793083191
Deterministic,,548,MSE,0.8413553833961487,0.9172542691230774
Deterministic,,549,MSE,0.8413417935371399,0.9172468781471252
Deterministic,,550,MSE,0.8413248062133789,0.9172375798225403
Deterministic,,551,MSE,0.8413105607032776,0.9172298312187195
Deterministic,,552,MSE,0.8412948846817017,0.9172213077545166
Deterministic,,553,MSE,0.8412796854972839,0.9172130227088928
Deterministic,,554,MSE,0.8412595391273499,0.9172019958496094
Deterministic,,555,MSE,0.8412447571754456,0.9171939492225647
Deterministic,,556,MSE,0.8412280678749084,0.9171848893165588
Deterministic,,557,MSE,0.8412081003189087,0.9171739816665649
Deterministic,,558,MSE,0.8411813974380493,0.9171594381332397
Deterministic,,559,MSE,0.841157853603363,0.9171465635299683
Deterministic,,560,MSE,0.8411366939544678,0.9171350598335266
Deterministic,,561,MSE,0.8411151170730591,0.9171232581138611
Deterministic,,562,MSE,0.8410990238189697,0.9171144962310791
Deterministic,,563,MSE,0.8410828113555908,0.9171056747436523
Deterministic,,564,MSE,0.8410688638687134,0.9170980453491211
Deterministic,,565,MSE,0.8410543203353882,0.917090117931366
Deterministic,,566,MSE,0.8410405516624451,0.9170826077461243
Deterministic,,567,MSE,0.841029167175293,0.9170764088630676
Deterministic,,568,MSE,0.841012716293335,0.9170674681663513
Deterministic,,569,MSE,0.8409954905509949,0.9170580506324768
Deterministic,,570,MSE,0.840980589389801,0.9170499444007874
Deterministic,,571,MSE,0.840964674949646,0.9170412421226501
Deterministic,,572,MSE,0.8409493565559387,0.9170328974723816
Deterministic,,573,MSE,0.8409325480461121,0.9170237183570862
Deterministic,,574,MSE,0.8409221172332764,0.9170180559158325
Deterministic,,575,MSE,0.8409059047698975,0.9170092344284058
Deterministic,,576,MSE,0.8408921360969543,0.9170017242431641
Deterministic,,577,MSE,0.8408783674240112,0.9169942140579224
Deterministic,,578,MSE,0.8408626914024353,0.9169856309890747
Deterministic,,579,MSE,0.840846598148346,0.9169768691062927
Deterministic,,580,MSE,0.8408355116844177,0.9169708490371704
Deterministic,,581,MSE,0.8408160209655762,0.9169601798057556
Deterministic,,582,MSE,0.8408002257347107,0.916951596736908
Deterministic,,583,MSE,0.840788722038269,0.9169453382492065
Deterministic,,584,MSE,0.8407735228538513,0.9169370532035828
Deterministic,,585,MSE,0.8407547473907471,0.9169268012046814
Deterministic,,586,MSE,0.8407403230667114,0.916918933391571
Deterministic,,587,MSE,0.8407275676727295,0.9169119596481323
Deterministic,,588,MSE,0.8407121896743774,0.9169036149978638
Deterministic,,589,MSE,0.8406984806060791,0.9168961048126221
Deterministic,,590,MSE,0.8406885266304016,0.9168906807899475
Deterministic,,591,MSE,0.8406705260276794,0.9168808460235596
Deterministic,,592,MSE,0.8406532406806946,0.9168714284896851
Deterministic,,593,MSE,0.8406410813331604,0.916864812374115
Deterministic,,594,MSE,0.8406275510787964,0.9168574213981628
Deterministic,,595,MSE,0.8406118154525757,0.9168488383293152
Deterministic,,596,MSE,0.84059739112854,0.9168409705162048
Deterministic,,597,MSE,0.840584397315979,0.9168338775634766
Deterministic,,598,MSE,0.8405706882476807,0.9168264269828796
Deterministic,,599,MSE,0.8405516147613525,0.916815996170044
Deterministic,,600,MSE,0.8405376672744751,0.9168084263801575
Deterministic,,601,MSE,0.8405245542526245,0.9168012738227844
Deterministic,,602,MSE,0.8405112028121948,0.9167940020561218
Deterministic,,603,MSE,0.8404958248138428,0.9167855978012085
Deterministic,,604,MSE,0.8404838442802429,0.9167790412902832
Deterministic,,605,MSE,0.840470552444458,0.9167718291282654
Deterministic,,606,MSE,0.8404549956321716,0.9167633056640625
Deterministic,,607,MSE,0.8404406905174255,0.9167554974555969
Deterministic,,608,MSE,0.84042888879776,0.9167490601539612
Deterministic,,609,MSE,0.8404128551483154,0.916740357875824
Deterministic,,610,MSE,0.8404000997543335,0.9167333841323853
Deterministic,,611,MSE,0.840387761592865,0.9167266488075256
Deterministic,,612,MSE,0.840376079082489,0.9167202711105347
Deterministic,,613,MSE,0.8403630256652832,0.9167131781578064
Deterministic,,614,MSE,0.8403477668762207,0.9167048335075378
Deterministic,,615,MSE,0.8403347134590149,0.9166977405548096
Deterministic,,616,MSE,0.8403205275535583,0.9166899919509888
Deterministic,,617,MSE,0.8403038382530212,0.9166808724403381
Deterministic,,618,MSE,0.8402901291847229,0.9166734218597412
Deterministic,,619,MSE,0.8402782678604126,0.9166669249534607
Deterministic,,620,MSE,0.8402639627456665,0.9166591167449951
Deterministic,,621,MSE,0.8402485847473145,0.9166507720947266
Deterministic,,622,MSE,0.8402364253997803,0.9166440963745117
Deterministic,,623,MSE,0.840225875377655,0.9166383743286133
Deterministic,,624,MSE,0.8402091860771179,0.9166292548179626
Deterministic,,625,MSE,0.8401967883110046,0.9166224598884583
Deterministic,,626,MSE,0.8401840329170227,0.9166155457496643
Deterministic,,627,MSE,0.8401700854301453,0.9166079163551331
Deterministic,,628,MSE,0.840158224105835,0.9166014790534973
Deterministic,,629,MSE,0.8401451706886292,0.9165943264961243
Deterministic,,630,MSE,0.8401340246200562,0.9165882468223572
Deterministic,,631,MSE,0.8401235342025757,0.9165825247764587
Deterministic,,632,MSE,0.8401169180870056,0.9165789484977722
Deterministic,,633,MSE,0.8401186466217041,0.9165798425674438
Deterministic,,634,MSE,0.8401300311088562,0.9165861010551453
Deterministic,,635,MSE,0.8401473760604858,0.9165955185890198
Deterministic,,636,MSE,0.8401471972465515,0.916595458984375
Deterministic,,637,MSE,0.8401194214820862,0.9165802597999573
Deterministic,,638,MSE,0.8400625586509705,0.9165492653846741
Deterministic,,639,MSE,0.8400142788887024,0.9165229201316833
Deterministic,,640,MSE,0.8400020003318787,0.9165162444114685
Deterministic,,641,MSE,0.8400143980979919,0.9165229797363281
Deterministic,,642,MSE,0.8400253653526306,0.9165289998054504
Deterministic,,643,MSE,0.8400058150291443,0.9165183305740356
Deterministic,,644,MSE,0.8399652242660522,0.9164961576461792
Deterministic,,645,MSE,0.8399335741996765,0.9164788722991943
Deterministic,,646,MSE,0.8399255275726318,0.9164745211601257
Deterministic,,647,MSE,0.8399305939674377,0.9164772629737854
Deterministic,,648,MSE,0.8399251699447632,0.9164743423461914
Deterministic,,649,MSE,0.8399065136909485,0.9164641499519348
Deterministic,,650,MSE,0.8398790955543518,0.9164491891860962
Deterministic,,651,MSE,0.839854896068573,0.916435956954956
Deterministic,,652,MSE,0.8398452997207642,0.9164307117462158
Deterministic,,653,MSE,0.8398420810699463,0.9164289832115173
Deterministic,,654,MSE,0.8398365378379822,0.9164259433746338
Deterministic,,655,MSE,0.8398261070251465,0.9164202809333801
Deterministic,,656,MSE,0.8398085832595825,0.9164106845855713
Deterministic,,657,MSE,0.8397877216339111,0.9163993000984192
Deterministic,,658,MSE,0.8397676348686218,0.9163883924484253
Deterministic,,659,MSE,0.8397548794746399,0.9163814187049866
Deterministic,,660,MSE,0.8397449851036072,0.916375994682312
Deterministic,,661,MSE,0.8397387266159058,0.9163725972175598
Deterministic,,662,MSE,0.8397326469421387,0.9163692593574524
Deterministic,,663,MSE,0.8397302031517029,0.9163679480552673
Deterministic,,664,MSE,0.8397224545478821,0.9163637161254883
Deterministic,,665,MSE,0.8397071361541748,0.9163553714752197
Deterministic,,666,MSE,0.8396870493888855,0.916344404220581
Deterministic,,667,MSE,0.8396634459495544,0.9163315296173096
Deterministic,,668,MSE,0.839645266532898,0.9163215756416321
Deterministic,,669,MSE,0.8396300673484802,0.9163132905960083
Deterministic,,670,MSE,0.8396204710006714,0.9163080453872681
Deterministic,,671,MSE,0.8396154642105103,0.9163053631782532
Deterministic,,672,MSE,0.8396099805831909,0.9163023233413696
Deterministic,,673,MSE,0.8396045565605164,0.9162994027137756
Deterministic,,674,MSE,0.8395992517471313,0.9162964820861816
Deterministic,,675,MSE,0.8395877480506897,0.9162902235984802
Deterministic,,676,MSE,0.8395735025405884,0.9162824153900146
Deterministic,,677,MSE,0.8395557999610901,0.916272759437561
Deterministic,,678,MSE,0.8395342230796814,0.9162610173225403
Deterministic,,679,MSE,0.8395116925239563,0.9162486791610718
Deterministic,,680,MSE,0.8394941091537476,0.9162390828132629
Deterministic,,681,MSE,0.8394818902015686,0.9162324666976929
Deterministic,,682,MSE,0.8394706845283508,0.916226327419281
Deterministic,,683,MSE,0.8394583463668823,0.9162195920944214
Deterministic,,684,MSE,0.8394507765769958,0.9162154793739319
Deterministic,,685,MSE,0.8394477963447571,0.9162138104438782
Deterministic,,686,MSE,0.8394389152526855,0.9162089824676514
Deterministic,,687,MSE,0.8394345641136169,0.9162065982818604
Deterministic,,688,MSE,0.8394301533699036,0.9162042140960693
Deterministic,,689,MSE,0.839429497718811,0.9162038564682007
Deterministic,,690,MSE,0.8394277095794678,0.9162029027938843
Deterministic,,691,MSE,0.8394235968589783,0.9162006378173828
Deterministic,,692,MSE,0.8394106030464172,0.9161935448646545
Deterministic,,693,MSE,0.839387059211731,0.9161806702613831
Deterministic,,694,MSE,0.8393571376800537,0.9161643385887146
Deterministic,,695,MSE,0.8393280506134033,0.9161484837532043
Deterministic,,696,MSE,0.8393014669418335,0.9161339998245239
Deterministic,,697,MSE,0.8392834067344666,0.9161241054534912
Deterministic,,698,MSE,0.839272677898407,0.9161182641983032
Deterministic,,699,MSE,0.83927321434021,0.9161185622215271
Deterministic,,700,MSE,0.8392689228057861,0.9161162376403809
Deterministic,,701,MSE,0.8392685055732727,0.9161159992218018
Deterministic,,702,MSE,0.8392671346664429,0.9161152243614197
Deterministic,,703,MSE,0.8392620086669922,0.9161124229431152
Deterministic,,704,MSE,0.839253842830658,0.9161080121994019
Deterministic,,705,MSE,0.839238166809082,0.9160994291305542
Deterministic,,706,MSE,0.8392187356948853,0.9160888195037842
Deterministic,,707,MSE,0.8391962647438049,0.9160765409469604
Deterministic,,708,MSE,0.8391759395599365,0.9160654544830322
Deterministic,,709,MSE,0.839154839515686,0.9160539507865906
Deterministic,,710,MSE,0.8391363024711609,0.9160438179969788
Deterministic,,711,MSE,0.8391207456588745,0.9160353541374207
Deterministic,,712,MSE,0.8391072154045105,0.9160279631614685
Deterministic,,713,MSE,0.8390966057777405,0.9160221815109253
Deterministic,,714,MSE,0.8390877842903137,0.9160173535346985
Deterministic,,715,MSE,0.8390862941741943,0.9160165190696716
Deterministic,,716,MSE,0.8390933871269226,0.916020393371582
Deterministic,,717,MSE,0.8391076922416687,0.9160282015800476
Deterministic,,718,MSE,0.8391281962394714,0.9160394072532654
Deterministic,,719,MSE,0.8391456007957458,0.9160488843917847
Deterministic,,720,MSE,0.8391570448875427,0.9160551428794861
Deterministic,,721,MSE,0.839146614074707,0.9160494804382324
Deterministic,,722,MSE,0.8391146659851074,0.9160320162773132
Deterministic,,723,MSE,0.8390576243400574,0.9160009026527405
Deterministic,,724,MSE,0.839002251625061,0.9159706830978394
Deterministic,,725,MSE,0.8389657139778137,0.9159507155418396
Deterministic,,726,MSE,0.8389565348625183,0.9159457087516785
Deterministic,,727,MSE,0.8389685153961182,0.9159522652626038
Deterministic,,728,MSE,0.8389829993247986,0.9159601330757141
Deterministic,,729,MSE,0.8389999270439148,0.9159693717956543
Deterministic,,730,MSE,0.8389884829521179,0.9159631729125977
Deterministic,,731,MSE,0.83895343542099,0.9159440398216248
Deterministic,,732,MSE,0.8389283418655396,0.9159303307533264
Deterministic,,733,MSE,0.8389137983322144,0.9159224033355713
Deterministic,,734,MSE,0.8388949632644653,0.9159120917320251
Deterministic,,735,MSE,0.8388811349868774,0.9159045219421387
Deterministic,,736,MSE,0.838866651058197,0.9158966541290283
Deterministic,,737,MSE,0.8388537764549255,0.9158896207809448
Deterministic,,738,MSE,0.8388406038284302,0.915882408618927
Deterministic,,739,MSE,0.8388261198997498,0.9158744812011719
Deterministic,,740,MSE,0.83882075548172,0.9158715605735779
Deterministic,,741,MSE,0.8388103246688843,0.9158658981323242
Deterministic,,742,MSE,0.8388051986694336,0.9158630967140198
Deterministic,,743,MSE,0.8388017416000366,0.915861189365387
Deterministic,,744,MSE,0.8388041853904724,0.9158625602722168
Deterministic,,745,MSE,0.838811993598938,0.9158667922019958
Deterministic,,746,MSE,0.838825523853302,0.915874183177948
Deterministic,,747,MSE,0.8388471603393555,0.9158859848976135
Deterministic,,748,MSE,0.8388634920120239,0.9158949255943298
Deterministic,,749,MSE,0.8388654589653015,0.9158959984779358
Deterministic,,750,MSE,0.8388410806655884,0.9158827066421509
Deterministic,,751,MSE,0.8387904167175293,0.9158549904823303
Deterministic,,752,MSE,0.8387244343757629,0.915818989276886
Deterministic,,753,MSE,0.8386704921722412,0.9157895445823669
Deterministic,,754,MSE,0.8386478424072266,0.9157772064208984
Deterministic,,755,MSE,0.8386551737785339,0.9157811999320984
Deterministic,,756,MSE,0.838679313659668,0.9157943725585938
Deterministic,,757,MSE,0.8386950492858887,0.9158029556274414
Deterministic,,758,MSE,0.8386923670768738,0.915801465511322
Deterministic,,759,MSE,0.8386693000793457,0.9157888889312744
Deterministic,,760,MSE,0.8386278748512268,0.9157662987709045
Deterministic,,761,MSE,0.8385900259017944,0.9157456159591675
Deterministic,,762,MSE,0.838565468788147,0.915732204914093
Deterministic,,763,MSE,0.8385567665100098,0.915727436542511
Deterministic,,764,MSE,0.8385561108589172,0.9157270789146423
Deterministic,,765,MSE,0.8385630249977112,0.915730893611908
Deterministic,,766,MSE,0.8385656476020813,0.9157323241233826
Deterministic,,767,MSE,0.838560163974762,0.915729284286499
Deterministic,,768,MSE,0.8385433554649353,0.9157201051712036
Deterministic,,769,MSE,0.8385213613510132,0.9157081246376038
Deterministic,,770,MSE,0.8384973406791687,0.9156950116157532
Deterministic,,771,MSE,0.8384757041931152,0.9156832098960876
Deterministic,,772,MSE,0.8384607434272766,0.9156750440597534
Deterministic,,773,MSE,0.8384527564048767,0.91567063331604
Deterministic,,774,MSE,0.8384498953819275,0.9156690835952759
Deterministic,,775,MSE,0.8384479880332947,0.9156680703163147
Deterministic,,776,MSE,0.8384496569633484,0.9156689643859863
Deterministic,,777,MSE,0.838452160358429,0.9156703352928162
Deterministic,,778,MSE,0.8384470343589783,0.9156675338745117
Deterministic,,779,MSE,0.8384393453598022,0.9156633615493774
Deterministic,,780,MSE,0.8384252786636353,0.9156556725502014
Deterministic,,781,MSE,0.8384095430374146,0.9156470894813538
Deterministic,,782,MSE,0.838390588760376,0.9156367182731628
Deterministic,,783,MSE,0.8383747339248657,0.9156280755996704
Deterministic,,784,MSE,0.8383572101593018,0.9156184792518616
Deterministic,,785,MSE,0.8383378386497498,0.9156079292297363
Deterministic,,786,MSE,0.8383221626281738,0.9155993461608887
Deterministic,,787,MSE,0.8383089303970337,0.9155921339988708
Deterministic,,788,MSE,0.8382999300956726,0.9155871868133545
Deterministic,,789,MSE,0.8382849097251892,0.9155790209770203
Deterministic,,790,MSE,0.8382774591445923,0.9155749082565308
Deterministic,,791,MSE,0.8382663726806641,0.9155688881874084
Deterministic,,792,MSE,0.8382572531700134,0.9155638813972473
Deterministic,,793,MSE,0.8382474184036255,0.9155585169792175
Deterministic,,794,MSE,0.838238537311554,0.9155536890029907
Deterministic,,795,MSE,0.8382267355918884,0.915547251701355
Deterministic,,796,MSE,0.8382167220115662,0.9155417680740356
Deterministic,,797,MSE,0.8382042646408081,0.9155349731445312
Deterministic,,798,MSE,0.8381937146186829,0.915529191493988
Deterministic,,799,MSE,0.8381858468055725,0.9155248999595642
Deterministic,,800,MSE,0.8381780982017517,0.9155206680297852
Deterministic,,801,MSE,0.8381665945053101,0.9155144095420837
Deterministic,,802,MSE,0.8381536602973938,0.9155073165893555
Deterministic,,803,MSE,0.8381445407867432,0.9155023694038391
Deterministic,,804,MSE,0.8381339907646179,0.9154965877532959
Deterministic,,805,MSE,0.8381249904632568,0.9154916405677795
Deterministic,,806,MSE,0.8381167054176331,0.9154871702194214
Deterministic,,807,MSE,0.8381064534187317,0.9154815673828125
Deterministic,,808,MSE,0.8381012082099915,0.9154787063598633
Deterministic,,809,MSE,0.8381019830703735,0.9154791235923767
Deterministic,,810,MSE,0.8381250500679016,0.9154917001724243
Deterministic,,811,MSE,0.8381962180137634,0.9155305624008179
Deterministic,,812,MSE,0.8383744359016418,0.9156278967857361
Deterministic,,813,MSE,0.8387475609779358,0.9158316254615784
Deterministic,,814,MSE,0.8393254280090332,0.9161470532417297
Deterministic,,815,MSE,0.8396312594413757,0.9163139462471008
Deterministic,,816,MSE,0.8390174508094788,0.9159789681434631
Deterministic,,817,MSE,0.8380837440490723,0.9154691100120544
Deterministic,,818,MSE,0.838186502456665,0.9155252575874329
Deterministic,,819,MSE,0.8388189077377319,0.9158705472946167
Deterministic,,820,MSE,0.8386062979698181,0.915754497051239
Deterministic,,821,MSE,0.837984025478363,0.9154146909713745
Deterministic,,822,MSE,0.8381459712982178,0.9155031442642212
Deterministic,,823,MSE,0.8385078310966492,0.9157007336616516
Deterministic,,824,MSE,0.838179349899292,0.9155213832855225
Deterministic,,825,MSE,0.8379157185554504,0.9153773784637451
Deterministic,,826,MSE,0.8382010459899902,0.915533185005188
Deterministic,,827,MSE,0.8382180333137512,0.915542483329773
Deterministic,,828,MSE,0.8379091024398804,0.9153737425804138
Deterministic,,829,MSE,0.837970495223999,0.9154072999954224
Deterministic,,830,MSE,0.8381322622299194,0.9154956340789795
Deterministic,,831,MSE,0.8379494547843933,0.9153957962989807
Deterministic,,832,MSE,0.8378498554229736,0.9153413772583008
Deterministic,,833,MSE,0.837992787361145,0.9154194593429565
Deterministic,,834,MSE,0.8379548192024231,0.9153987169265747
Deterministic,,835,MSE,0.8378134965896606,0.9153215289115906
Deterministic,,836,MSE,0.8378621339797974,0.9153481125831604
Deterministic,,837,MSE,0.8379132151603699,0.9153760075569153
Deterministic,,838,MSE,0.837811291217804,0.9153203368186951
Deterministic,,839,MSE,0.8377840518951416,0.9153054356575012
Deterministic,,840,MSE,0.8378448486328125,0.9153386354446411
Deterministic,,841,MSE,0.8378113508224487,0.9153203368186951
Deterministic,,842,MSE,0.8377423882484436,0.915282666683197
Deterministic,,843,MSE,0.8377648591995239,0.9152949452400208
Deterministic,,844,MSE,0.8377866148948669,0.9153068661689758
Deterministic,,845,MSE,0.8377318978309631,0.9152769446372986
Deterministic,,846,MSE,0.8377088904380798,0.915264368057251
Deterministic,,847,MSE,0.8377359509468079,0.9152791500091553
Deterministic,,848,MSE,0.8377182483673096,0.9152694940567017
Deterministic,,849,MSE,0.8376760482788086,0.9152464270591736
Deterministic,,850,MSE,0.8376760482788086,0.9152464270591736
Deterministic,,851,MSE,0.8376885652542114,0.9152532815933228
Deterministic,,852,MSE,0.8376630544662476,0.9152393341064453
Deterministic,,853,MSE,0.8376351594924927,0.9152240753173828
Deterministic,,854,MSE,0.8376377820968628,0.9152255654335022
Deterministic,,855,MSE,0.8376412391662598,0.9152274131774902
Deterministic,,856,MSE,0.8376163244247437,0.9152138233184814
Deterministic,,857,MSE,0.8375971913337708,0.915203332901001
Deterministic,,858,MSE,0.8375977277755737,0.9152036309242249
Deterministic,,859,MSE,0.8375946283340454,0.9152019619941711
Deterministic,,860,MSE,0.8375759720802307,0.9151917695999146
Deterministic,,861,MSE,0.8375622630119324,0.9151842594146729
Deterministic,,862,MSE,0.8375574350357056,0.9151816368103027
Deterministic,,863,MSE,0.8375504612922668,0.9151778221130371
Deterministic,,864,MSE,0.8375378847122192,0.9151709675788879
Deterministic,,865,MSE,0.8375263810157776,0.9151646494865417
Deterministic,,866,MSE,0.837517499923706,0.9151598215103149
Deterministic,,867,MSE,0.8375149965286255,0.9151584506034851
Deterministic,,868,MSE,0.8374997973442078,0.9151501655578613
Deterministic,,869,MSE,0.8374900221824646,0.9151448011398315
Deterministic,,870,MSE,0.8374800086021423,0.9151393175125122
Deterministic,,871,MSE,0.8374728560447693,0.9151354432106018
Deterministic,,872,MSE,0.8374634981155396,0.9151303172111511
Deterministic,,873,MSE,0.8374541401863098,0.9151251912117004
Deterministic,,874,MSE,0.8374447226524353,0.9151200652122498
Deterministic,,875,MSE,0.837437629699707,0.9151161909103394
Deterministic,,876,MSE,0.8374278545379639,0.9151108264923096
Deterministic,,877,MSE,0.837415874004364,0.9151042699813843
Deterministic,,878,MSE,0.8374056816101074,0.9150987267494202
Deterministic,,879,MSE,0.837398886680603,0.9150950312614441
Deterministic,,880,MSE,0.8373938798904419,0.9150922894477844
Deterministic,,881,MSE,0.8373837471008301,0.9150867462158203
Deterministic,,882,MSE,0.837374210357666,0.9150815606117249
Deterministic,,883,MSE,0.8373669981956482,0.9150775671005249
Deterministic,,884,MSE,0.837361752986908,0.9150747060775757
Deterministic,,885,MSE,0.8373700976371765,0.9150792956352234
Deterministic,,886,MSE,0.8373923301696777,0.9150914549827576
Deterministic,,887,MSE,0.8374305367469788,0.915112316608429
Deterministic,,888,MSE,0.8374428749084473,0.9151190519332886
Deterministic,,889,MSE,0.8374415040016174,0.9151182770729065
Deterministic,,890,MSE,0.8373908400535583,0.9150906205177307
Deterministic,,891,MSE,0.8373334407806396,0.9150592684745789
Deterministic,,892,MSE,0.8372880816459656,0.9150344729423523
Deterministic,,893,MSE,0.837276816368103,0.9150283336639404
Deterministic,,894,MSE,0.8372907638549805,0.9150359630584717
Deterministic,,895,MSE,0.837314248085022,0.9150487780570984
Deterministic,,896,MSE,0.8373156189918518,0.9150494933128357
Deterministic,,897,MSE,0.8372907638549805,0.9150359630584717
Deterministic,,898,MSE,0.8372575044631958,0.9150177836418152
Deterministic,,899,MSE,0.8372258543968201,0.9150004386901855
Deterministic,,900,MSE,0.8372135162353516,0.9149937033653259
Deterministic,,901,MSE,0.8372100591659546,0.9149918556213379
Deterministic,,902,MSE,0.8372166156768799,0.9149954319000244
Deterministic,,903,MSE,0.8372165560722351,0.9149953722953796
Deterministic,,904,MSE,0.8372142314910889,0.9149941205978394
Deterministic,,905,MSE,0.8371972441673279,0.9149848222732544
Deterministic,,906,MSE,0.8371782302856445,0.9149744510650635
Deterministic,,907,MSE,0.8371572494506836,0.9149629473686218
Deterministic,,908,MSE,0.8371384739875793,0.9149526953697205
Deterministic,,909,MSE,0.8371279239654541,0.914946973323822
Deterministic,,910,MSE,0.8371232748031616,0.9149444103240967
Deterministic,,911,MSE,0.8371254205703735,0.9149456024169922
Deterministic,,912,MSE,0.8371220827102661,0.9149437546730042
Deterministic,,913,MSE,0.8371155858039856,0.9149402379989624
Deterministic,,914,MSE,0.8371061086654663,0.9149350523948669
Deterministic,,915,MSE,0.8370943069458008,0.9149285554885864
Deterministic,,916,MSE,0.8370809555053711,0.9149212837219238
Deterministic,,917,MSE,0.8370662927627563,0.9149132966995239
Deterministic,,918,MSE,0.8370511531829834,0.9149050116539001
Deterministic,,919,MSE,0.8370379209518433,0.9148977398872375
Deterministic,,920,MSE,0.8370279669761658,0.914892315864563
Deterministic,,921,MSE,0.8370184898376465,0.9148871302604675
Deterministic,,922,MSE,0.8370100855827332,0.9148825407028198
Deterministic,,923,MSE,0.8370022177696228,0.914878249168396
Deterministic,,924,MSE,0.83699631690979,0.9148750305175781
Deterministic,,925,MSE,0.8369885087013245,0.9148707389831543
Deterministic,,926,MSE,0.8369846343994141,0.9148686528205872
Deterministic,,927,MSE,0.8369765877723694,0.9148642420768738
Deterministic,,928,MSE,0.8369778990745544,0.9148649573326111
Deterministic,,929,MSE,0.8369840979576111,0.9148683547973633
Deterministic,,930,MSE,0.8369966745376587,0.9148752093315125
Deterministic,,931,MSE,0.8370175957679749,0.9148866534233093
Deterministic,,932,MSE,0.837045431137085,0.914901852607727
Deterministic,,933,MSE,0.8370845317840576,0.9149232506752014
Deterministic,,934,MSE,0.8371238112449646,0.9149447083473206
Deterministic,,935,MSE,0.8371638059616089,0.9149665832519531
Deterministic,,936,MSE,0.8371857404708862,0.914978563785553
Deterministic,,937,MSE,0.8371688723564148,0.9149693250656128
Deterministic,,938,MSE,0.8371260762214661,0.9149459600448608
Deterministic,,939,MSE,0.8370438814163208,0.9149010181427002
Deterministic,,940,MSE,0.8369448184967041,0.9148468971252441
Deterministic,,941,MSE,0.836868405342102,0.9148051142692566
Deterministic,,942,MSE,0.836833655834198,0.9147861003875732
Deterministic,,943,MSE,0.8368538618087769,0.9147971868515015
Deterministic,,944,MSE,0.8368896245956421,0.9148167371749878
Deterministic,,945,MSE,0.8369144201278687,0.9148302674293518
Deterministic,,946,MSE,0.8369202613830566,0.9148334860801697
Deterministic,,947,MSE,0.8369017243385315,0.9148233532905579
Deterministic,,948,MSE,0.8368660807609558,0.9148038625717163
Deterministic,,949,MSE,0.8368129730224609,0.9147748351097107
Deterministic,,950,MSE,0.8367778062820435,0.9147555828094482
Deterministic,,951,MSE,0.8367543816566467,0.9147427678108215
Deterministic,,952,MSE,0.8367488384246826,0.9147397875785828
Deterministic,,953,MSE,0.8367470502853394,0.9147387742996216
Deterministic,,954,MSE,0.8367478847503662,0.9147392511367798
Deterministic,,955,MSE,0.8367485404014587,0.9147396087646484
Deterministic,,956,MSE,0.8367506861686707,0.914740800857544
Deterministic,,957,MSE,0.8367486000061035,0.9147396087646484
Deterministic,,958,MSE,0.8367300033569336,0.9147294759750366
Deterministic,,959,MSE,0.8367102146148682,0.9147186279296875
Deterministic,,960,MSE,0.8366907238960266,0.9147080183029175
Deterministic,,961,MSE,0.8366732001304626,0.9146984219551086
Deterministic,,962,MSE,0.8366549015045166,0.9146884083747864
Deterministic,,963,MSE,0.8366420865058899,0.9146814346313477
Deterministic,,964,MSE,0.8366273045539856,0.9146733283996582
Deterministic,,965,MSE,0.836616039276123,0.9146671891212463
Deterministic,,966,MSE,0.8366069793701172,0.91466224193573
Deterministic,,967,MSE,0.8365999460220337,0.9146583676338196
Deterministic,,968,MSE,0.8365976214408875,0.9146571159362793
Deterministic,,969,MSE,0.8365944027900696,0.914655327796936
Deterministic,,970,MSE,0.836590051651001,0.914652943611145
Deterministic,,971,MSE,0.8365936279296875,0.9146549105644226
Deterministic,,972,MSE,0.8366021513938904,0.9146595597267151
Deterministic,,973,MSE,0.8366191387176514,0.9146688580513
Deterministic,,974,MSE,0.8366413116455078,0.9146810173988342
Deterministic,,975,MSE,0.8366811871528625,0.9147027730941772
Deterministic,,976,MSE,0.8367374539375305,0.9147335290908813
Deterministic,,977,MSE,0.836819052696228,0.9147781729698181
Deterministic,,978,MSE,0.8369123339653015,0.9148291349411011
Deterministic,,979,MSE,0.8369866609573364,0.9148697257041931
Deterministic,,980,MSE,0.8369964957237244,0.9148751497268677
Deterministic,,981,MSE,0.8369048833847046,0.9148250818252563
Deterministic,,982,MSE,0.8367307782173157,0.91472989320755
Deterministic,,983,MSE,0.8365549445152283,0.9146337509155273
Deterministic,,984,MSE,0.8364561796188354,0.9145798087120056
Deterministic,,985,MSE,0.8364648222923279,0.9145845174789429
Deterministic,,986,MSE,0.8365371227264404,0.914624035358429
Deterministic,,987,MSE,0.8366096019744873,0.9146636724472046
Deterministic,,988,MSE,0.8366392850875854,0.9146798849105835
Deterministic,,989,MSE,0.8365971446037292,0.9146568179130554
Deterministic,,990,MSE,0.8365046381950378,0.9146062731742859
Deterministic,,991,MSE,0.8364207744598389,0.9145604372024536
Deterministic,,992,MSE,0.8363823294639587,0.9145393967628479
Deterministic,,993,MSE,0.8363891839981079,0.9145431518554688
Deterministic,,994,MSE,0.8364232182502747,0.9145617485046387
Deterministic,,995,MSE,0.836458146572113,0.9145808815956116
Deterministic,,996,MSE,0.836465060710907,0.9145846366882324
Deterministic,,997,MSE,0.8364458680152893,0.914574146270752
Deterministic,,998,MSE,0.8364000916481018,0.9145491123199463
Deterministic,,999,MSE,0.8363479971885681,0.9145206212997437
Deterministic,,1000,MSE,0.8363143801689148,0.9145022630691528
Single Gaussian,1,1,NLL,3.728203773498535,1.129956841468811
Single Gaussian,1,2,NLL,2.793700695037842,1.125510334968567
Single Gaussian,1,3,NLL,2.335618019104004,1.1209114789962769
Single Gaussian,1,4,NLL,2.1195068359375,1.1157097816467285
Single Gaussian,1,5,NLL,2.0127289295196533,1.1083602905273438
Single Gaussian,1,6,NLL,1.9578676223754883,1.0987600088119507
Single Gaussian,1,7,NLL,1.923188328742981,1.0873034000396729
Single Gaussian,1,8,NLL,1.8930034637451172,1.0744389295578003
Single Gaussian,1,9,NLL,1.8600109815597534,1.0604918003082275
Single Gaussian,1,10,NLL,1.8220967054367065,1.0460131168365479
Single Gaussian,1,11,NLL,1.7794090509414673,1.0315767526626587
Single Gaussian,1,12,NLL,1.7331280708312988,1.017557978630066
Single Gaussian,1,13,NLL,1.684784173965454,1.0042130947113037
Single Gaussian,1,14,NLL,1.636352777481079,0.9916782975196838
Single Gaussian,1,15,NLL,1.5900499820709229,0.9801417589187622
Single Gaussian,1,16,NLL,1.5471118688583374,0.9696073532104492
Single Gaussian,1,17,NLL,1.507692813873291,0.9602077603340149
Single Gaussian,1,18,NLL,1.471526861190796,0.9517884850502014
Single Gaussian,1,19,NLL,1.4387582540512085,0.944369375705719
Single Gaussian,1,20,NLL,1.409401297569275,0.9380599856376648
Single Gaussian,1,21,NLL,1.3834693431854248,0.9329484701156616
Single Gaussian,1,22,NLL,1.3607672452926636,0.9289608597755432
Single Gaussian,1,23,NLL,1.340867042541504,0.9260493516921997
Single Gaussian,1,24,NLL,1.32329523563385,0.9241249561309814
Single Gaussian,1,25,NLL,1.3073797225952148,0.923042356967926
Single Gaussian,1,26,NLL,1.292622447013855,0.9226750135421753
Single Gaussian,1,27,NLL,1.2786030769348145,0.9228819012641907
Single Gaussian,1,28,NLL,1.2650164365768433,0.9234640002250671
Single Gaussian,1,29,NLL,1.2516436576843262,0.9242532849311829
Single Gaussian,1,30,NLL,1.2383618354797363,0.9250747561454773
Single Gaussian,1,31,NLL,1.225168228149414,0.9257659316062927
Single Gaussian,1,32,NLL,1.2121241092681885,0.9262353777885437
Single Gaussian,1,33,NLL,1.1993513107299805,0.9264369606971741
Single Gaussian,1,34,NLL,1.1870310306549072,0.9263762831687927
Single Gaussian,1,35,NLL,1.1754145622253418,0.9261438846588135
Single Gaussian,1,36,NLL,1.1647087335586548,0.9258050918579102
Single Gaussian,1,37,NLL,1.1551356315612793,0.9254564642906189
Single Gaussian,1,38,NLL,1.1467357873916626,0.9251666069030762
Single Gaussian,1,39,NLL,1.1394622325897217,0.9249382019042969
Single Gaussian,1,40,NLL,1.1331552267074585,0.9247382283210754
Single Gaussian,1,41,NLL,1.1274151802062988,0.9245135188102722
Single Gaussian,1,42,NLL,1.121541976928711,0.9242123365402222
Single Gaussian,1,43,NLL,1.11557936668396,0.9238370656967163
Single Gaussian,1,44,NLL,1.1099909543991089,0.9234471321105957
Single Gaussian,1,45,NLL,1.1049696207046509,0.9231302738189697
Single Gaussian,1,46,NLL,1.1004379987716675,0.9229627847671509
Single Gaussian,1,47,NLL,1.0964386463165283,0.9229499101638794
Single Gaussian,1,48,NLL,1.092780590057373,0.9230256676673889
Single Gaussian,1,49,NLL,1.089124321937561,0.9231060147285461
Single Gaussian,1,50,NLL,1.0854109525680542,0.923121452331543
Single Gaussian,1,51,NLL,1.0815285444259644,0.9230551719665527
Single Gaussian,1,52,NLL,1.07814621925354,0.9229416251182556
Single Gaussian,1,53,NLL,1.0750415325164795,0.922833263874054
Single Gaussian,1,54,NLL,1.0720535516738892,0.9227765798568726
Single Gaussian,1,55,NLL,1.069240689277649,0.9227787852287292
Single Gaussian,1,56,NLL,1.066433072090149,0.9228163361549377
Single Gaussian,1,57,NLL,1.0635054111480713,0.9228534698486328
Single Gaussian,1,58,NLL,1.060530424118042,0.9228792786598206
Single Gaussian,1,59,NLL,1.057619333267212,0.9228995442390442
Single Gaussian,1,60,NLL,1.0548244714736938,0.9229305982589722
Single Gaussian,1,61,NLL,1.0522031784057617,0.9229882955551147
Single Gaussian,1,62,NLL,1.0497866868972778,0.9230539202690125
Single Gaussian,1,63,NLL,1.04751455783844,0.9231051802635193
Single Gaussian,1,64,NLL,1.045243740081787,0.9231258034706116
Single Gaussian,1,65,NLL,1.0428991317749023,0.9231237769126892
Single Gaussian,1,66,NLL,1.0405014753341675,0.9231193661689758
Single Gaussian,1,67,NLL,1.0381038188934326,0.9231204390525818
Single Gaussian,1,68,NLL,1.03574538230896,0.9231091737747192
Single Gaussian,1,69,NLL,1.0334703922271729,0.923072874546051
Single Gaussian,1,70,NLL,1.031290054321289,0.9230069518089294
Single Gaussian,1,71,NLL,1.0291996002197266,0.9229252934455872
Single Gaussian,1,72,NLL,1.027190923690796,0.9228512048721313
Single Gaussian,1,73,NLL,1.0252314805984497,0.9228025078773499
Single Gaussian,1,74,NLL,1.0232990980148315,0.9227835536003113
Single Gaussian,1,75,NLL,1.0213732719421387,0.9227817058563232
Single Gaussian,1,76,NLL,1.019473910331726,0.9227966666221619
Single Gaussian,1,77,NLL,1.0176424980163574,0.9228240847587585
Single Gaussian,1,78,NLL,1.015913724899292,0.9228618144989014
Single Gaussian,1,79,NLL,1.0142501592636108,0.9228990077972412
Single Gaussian,1,80,NLL,1.0125970840454102,0.9229282736778259
Single Gaussian,1,81,NLL,1.0109387636184692,0.9229428172111511
Single Gaussian,1,82,NLL,1.0092968940734863,0.922947108745575
Single Gaussian,1,83,NLL,1.0076967477798462,0.9229552745819092
Single Gaussian,1,84,NLL,1.0061392784118652,0.922969400882721
Single Gaussian,1,85,NLL,1.0046087503433228,0.9229897856712341
Single Gaussian,1,86,NLL,1.0030922889709473,0.9230183362960815
Single Gaussian,1,87,NLL,1.0015888214111328,0.9230557680130005
Single Gaussian,1,88,NLL,1.0000975131988525,0.923096239566803
Single Gaussian,1,89,NLL,0.9986234307289124,0.9231323003768921
Single Gaussian,1,90,NLL,0.9971779584884644,0.9231587052345276
Single Gaussian,1,91,NLL,0.9957576394081116,0.9231767058372498
Single Gaussian,1,92,NLL,0.9943493604660034,0.9231918454170227
Single Gaussian,1,93,NLL,0.9929438829421997,0.9232105612754822
Single Gaussian,1,94,NLL,0.9915366172790527,0.9232349991798401
Single Gaussian,1,95,NLL,0.9901319146156311,0.923265814781189
Single Gaussian,1,96,NLL,0.9887476563453674,0.9233031272888184
Single Gaussian,1,97,NLL,0.9873909950256348,0.923345148563385
Single Gaussian,1,98,NLL,0.986041784286499,0.9233855605125427
Single Gaussian,1,99,NLL,0.9846862554550171,0.9234209060668945
Single Gaussian,1,100,NLL,0.9833241105079651,0.9234504103660583
Single Gaussian,1,101,NLL,0.9819605946540833,0.9234769344329834
Single Gaussian,1,102,NLL,0.9805941581726074,0.9235019087791443
Single Gaussian,1,103,NLL,0.9792197346687317,0.9235268831253052
Single Gaussian,1,104,NLL,0.9778252243995667,0.923551619052887
Single Gaussian,1,105,NLL,0.9764214754104614,0.9235765337944031
Single Gaussian,1,106,NLL,0.9750574827194214,0.9236001968383789
Single Gaussian,1,107,NLL,0.9737469553947449,0.9236208200454712
Single Gaussian,1,108,NLL,0.9724507927894592,0.9236370921134949
Single Gaussian,1,109,NLL,0.9711400270462036,0.9236495494842529
Single Gaussian,1,110,NLL,0.9698309302330017,0.9236609935760498
Single Gaussian,1,111,NLL,0.9685592651367188,0.9236728549003601
Single Gaussian,1,112,NLL,0.9673377275466919,0.9236860275268555
Single Gaussian,1,113,NLL,0.9661437273025513,0.9236994385719299
Single Gaussian,1,114,NLL,0.9649496078491211,0.9237117171287537
Single Gaussian,1,115,NLL,0.9637552499771118,0.9237203001976013
Single Gaussian,1,116,NLL,0.9625819325447083,0.9237240552902222
Single Gaussian,1,117,NLL,0.9614377617835999,0.9237234592437744
Single Gaussian,1,118,NLL,0.9603060483932495,0.9237201809883118
Single Gaussian,1,119,NLL,0.9591692090034485,0.9237151741981506
Single Gaussian,1,120,NLL,0.9580128192901611,0.9237090945243835
Single Gaussian,1,121,NLL,0.9568002223968506,0.923700749874115
Single Gaussian,1,122,NLL,0.9555008411407471,0.9236878752708435
Single Gaussian,1,123,NLL,0.9542470574378967,0.9236695766448975
Single Gaussian,1,124,NLL,0.9531224966049194,0.9236481189727783
Single Gaussian,1,125,NLL,0.9520384073257446,0.9236265420913696
Single Gaussian,1,126,NLL,0.9509008526802063,0.9236068725585938
Single Gaussian,1,127,NLL,0.9497037529945374,0.9235907196998596
Single Gaussian,1,128,NLL,0.9485085010528564,0.923578143119812
Single Gaussian,1,129,NLL,0.9473694562911987,0.9235673546791077
Single Gaussian,1,130,NLL,0.9462625980377197,0.9235561490058899
Single Gaussian,1,131,NLL,0.945123553276062,0.9235437512397766
Single Gaussian,1,132,NLL,0.9440996050834656,0.923529863357544
Single Gaussian,1,133,NLL,0.9429863095283508,0.9235143661499023
Single Gaussian,1,134,NLL,0.941813588142395,0.9235008955001831
Single Gaussian,1,135,NLL,0.9408411383628845,0.9234929084777832
Single Gaussian,1,136,NLL,0.939824104309082,0.9234890937805176
Single Gaussian,1,137,NLL,0.93878573179245,0.9234850406646729
Single Gaussian,1,138,NLL,0.9378518462181091,0.923475444316864
Single Gaussian,1,139,NLL,0.9368326663970947,0.9234609007835388
Single Gaussian,1,140,NLL,0.9358583092689514,0.9234480857849121
Single Gaussian,1,141,NLL,0.934972882270813,0.9234420657157898
Single Gaussian,1,142,NLL,0.934026837348938,0.9234421849250793
Single Gaussian,1,143,NLL,0.9331368803977966,0.9234417080879211
Single Gaussian,1,144,NLL,0.9322475790977478,0.9234325885772705
Single Gaussian,1,145,NLL,0.9313452243804932,0.9234159588813782
Single Gaussian,1,146,NLL,0.9304628372192383,0.9234005808830261
Single Gaussian,1,147,NLL,0.9296163320541382,0.9233918190002441
Single Gaussian,1,148,NLL,0.9287814497947693,0.9233900904655457
Single Gaussian,1,149,NLL,0.9279347658157349,0.9233896732330322
Single Gaussian,1,150,NLL,0.9270986318588257,0.9233826398849487
Single Gaussian,1,151,NLL,0.9262702465057373,0.9233683347702026
Single Gaussian,1,152,NLL,0.9254105091094971,0.9233535528182983
Single Gaussian,1,153,NLL,0.9242777228355408,0.9233447313308716
Single Gaussian,1,154,NLL,0.9229544997215271,0.9233421087265015
Single Gaussian,1,155,NLL,0.9225203394889832,0.9233362078666687
Single Gaussian,1,156,NLL,0.9215179681777954,0.9233225584030151
Single Gaussian,1,157,NLL,0.9201859831809998,0.9233078360557556
Single Gaussian,1,158,NLL,0.9193337559700012,0.9232984185218811
Single Gaussian,1,159,NLL,0.9185846447944641,0.9232946038246155
Single Gaussian,1,160,NLL,0.917405903339386,0.9232897162437439
Single Gaussian,1,161,NLL,0.9164974689483643,0.9232735633850098
Single Gaussian,1,162,NLL,0.9158353209495544,0.9232495427131653
Single Gaussian,1,163,NLL,0.9148812890052795,0.9232290983200073
Single Gaussian,1,164,NLL,0.914002001285553,0.9232191443443298
Single Gaussian,1,165,NLL,0.9134084582328796,0.923218309879303
Single Gaussian,1,166,NLL,0.9125791192054749,0.9232155084609985
Single Gaussian,1,167,NLL,0.9118448495864868,0.9231979846954346
Single Gaussian,1,168,NLL,0.9112276434898376,0.9231718182563782
Single Gaussian,1,169,NLL,0.9105227589607239,0.9231536984443665
Single Gaussian,1,170,NLL,0.9097989797592163,0.923147976398468
Single Gaussian,1,171,NLL,0.9090829491615295,0.923148512840271
Single Gaussian,1,172,NLL,0.9083732962608337,0.923141598701477
Single Gaussian,1,173,NLL,0.9076794981956482,0.9231222867965698
Single Gaussian,1,174,NLL,0.907005786895752,0.9231020212173462
Single Gaussian,1,175,NLL,0.9063391089439392,0.9230891466140747
Single Gaussian,1,176,NLL,0.905687689781189,0.9230830073356628
Single Gaussian,1,177,NLL,0.9050530791282654,0.9230751991271973
Single Gaussian,1,178,NLL,0.9044252634048462,0.923057496547699
Single Gaussian,1,179,NLL,0.903813362121582,0.9230350255966187
Single Gaussian,1,180,NLL,0.9032146334648132,0.9230185151100159
Single Gaussian,1,181,NLL,0.9026215672492981,0.9230104088783264
Single Gaussian,1,182,NLL,0.9020447731018066,0.9230049252510071
Single Gaussian,1,183,NLL,0.901479959487915,0.9229926466941833
Single Gaussian,1,184,NLL,0.9009225368499756,0.9229745864868164
Single Gaussian,1,185,NLL,0.9003775715827942,0.9229589104652405
Single Gaussian,1,186,NLL,0.8998417854309082,0.9229487776756287
Single Gaussian,1,187,NLL,0.8993147611618042,0.9229395985603333
Single Gaussian,1,188,NLL,0.8987990617752075,0.9229266047477722
Single Gaussian,1,189,NLL,0.898291826248169,0.9229094386100769
Single Gaussian,1,190,NLL,0.8977914452552795,0.9228931069374084
Single Gaussian,1,191,NLL,0.8972985744476318,0.9228807091712952
Single Gaussian,1,192,NLL,0.8968139886856079,0.9228692054748535
Single Gaussian,1,193,NLL,0.8963353633880615,0.9228543043136597
Single Gaussian,1,194,NLL,0.8958650827407837,0.9228371977806091
Single Gaussian,1,195,NLL,0.8954012393951416,0.9228218197822571
Single Gaussian,1,196,NLL,0.8949430584907532,0.9228088855743408
Single Gaussian,1,197,NLL,0.8944915533065796,0.9227954149246216
Single Gaussian,1,198,NLL,0.8940452933311462,0.9227780699729919
Single Gaussian,1,199,NLL,0.8936037421226501,0.9227588176727295
Single Gaussian,1,200,NLL,0.8931673765182495,0.9227411150932312
Single Gaussian,1,201,NLL,0.8927351236343384,0.9227240681648254
Single Gaussian,1,202,NLL,0.892307460308075,0.9227051734924316
Single Gaussian,1,203,NLL,0.8918852210044861,0.9226843118667603
Single Gaussian,1,204,NLL,0.8914673328399658,0.9226644039154053
Single Gaussian,1,205,NLL,0.8910530209541321,0.9226462841033936
Single Gaussian,1,206,NLL,0.8906417489051819,0.922627866268158
Single Gaussian,1,207,NLL,0.8902332782745361,0.9226076602935791
Single Gaussian,1,208,NLL,0.88982754945755,0.9225856065750122
Single Gaussian,1,209,NLL,0.8894258737564087,0.9225648045539856
Single Gaussian,1,210,NLL,0.8890281319618225,0.9225456714630127
Single Gaussian,1,211,NLL,0.8886340856552124,0.9225258231163025
Single Gaussian,1,212,NLL,0.888242781162262,0.9225041270256042
Single Gaussian,1,213,NLL,0.887855052947998,0.9224832057952881
Single Gaussian,1,214,NLL,0.8874700665473938,0.9224636554718018
Single Gaussian,1,215,NLL,0.8870887160301208,0.9224446415901184
Single Gaussian,1,216,NLL,0.8867102265357971,0.9224241971969604
Single Gaussian,1,217,NLL,0.8863354325294495,0.9224037528038025
Single Gaussian,1,218,NLL,0.8859641551971436,0.922385036945343
Single Gaussian,1,219,NLL,0.8855973482131958,0.9223672747612
Single Gaussian,1,220,NLL,0.8852335810661316,0.9223484992980957
Single Gaussian,1,221,NLL,0.8848720788955688,0.9223291873931885
Single Gaussian,1,222,NLL,0.8845137357711792,0.9223107099533081
Single Gaussian,1,223,NLL,0.884158194065094,0.9222926497459412
Single Gaussian,1,224,NLL,0.8838058114051819,0.9222742319107056
Single Gaussian,1,225,NLL,0.8834551572799683,0.922254741191864
Single Gaussian,1,226,NLL,0.8831076622009277,0.9222360849380493
Single Gaussian,1,227,NLL,0.882764458656311,0.922218382358551
Single Gaussian,1,228,NLL,0.88242506980896,0.9222009181976318
Single Gaussian,1,229,NLL,0.882088303565979,0.9221833944320679
Single Gaussian,1,230,NLL,0.881756067276001,0.9221671223640442
Single Gaussian,1,231,NLL,0.8814275860786438,0.9221518039703369
Single Gaussian,1,232,NLL,0.8811029195785522,0.9221363067626953
Single Gaussian,1,233,NLL,0.8807814717292786,0.9221205115318298
Single Gaussian,1,234,NLL,0.880462646484375,0.9221044182777405
Single Gaussian,1,235,NLL,0.8801462054252625,0.9220887422561646
Single Gaussian,1,236,NLL,0.8798323273658752,0.9220729470252991
Single Gaussian,1,237,NLL,0.8795207738876343,0.9220572113990784
Single Gaussian,1,238,NLL,0.8792116045951843,0.9220418930053711
Single Gaussian,1,239,NLL,0.878905177116394,0.922027051448822
Single Gaussian,1,240,NLL,0.8786007761955261,0.9220123887062073
Single Gaussian,1,241,NLL,0.8782992959022522,0.9219982624053955
Single Gaussian,1,242,NLL,0.8780009746551514,0.9219849705696106
Single Gaussian,1,243,NLL,0.8777052164077759,0.9219719171524048
Single Gaussian,1,244,NLL,0.877411425113678,0.9219589233398438
Single Gaussian,1,245,NLL,0.8771196007728577,0.9219462275505066
Single Gaussian,1,246,NLL,0.8768301010131836,0.9219339489936829
Single Gaussian,1,247,NLL,0.876542329788208,0.9219218492507935
Single Gaussian,1,248,NLL,0.8762577176094055,0.9219106435775757
Single Gaussian,1,249,NLL,0.8759750723838806,0.9218994379043579
Single Gaussian,1,250,NLL,0.8756948709487915,0.921888530254364
Single Gaussian,1,251,NLL,0.8754162788391113,0.9218775033950806
Single Gaussian,1,252,NLL,0.8751396536827087,0.921866774559021
Single Gaussian,1,253,NLL,0.8748653531074524,0.9218561053276062
Single Gaussian,1,254,NLL,0.8745937943458557,0.9218458533287048
Single Gaussian,1,255,NLL,0.8743239045143127,0.9218357801437378
Single Gaussian,1,256,NLL,0.8740562200546265,0.9218260049819946
Single Gaussian,1,257,NLL,0.8737902641296387,0.9218167066574097
Single Gaussian,1,258,NLL,0.873526394367218,0.9218077063560486
Single Gaussian,1,259,NLL,0.87326580286026,0.9217996001243591
Single Gaussian,1,260,NLL,0.8730075359344482,0.9217918515205383
Single Gaussian,1,261,NLL,0.8727514743804932,0.9217844605445862
Single Gaussian,1,262,NLL,0.8724969625473022,0.9217773079872131
Single Gaussian,1,263,NLL,0.8722444772720337,0.9217705130577087
Single Gaussian,1,264,NLL,0.8719949126243591,0.9217640161514282
Single Gaussian,1,265,NLL,0.8717476725578308,0.9217577576637268
Single Gaussian,1,266,NLL,0.8715022802352905,0.9217514991760254
Single Gaussian,1,267,NLL,0.8712586760520935,0.9217455387115479
Single Gaussian,1,268,NLL,0.8710167407989502,0.9217397570610046
Single Gaussian,1,269,NLL,0.8707767128944397,0.921734094619751
Single Gaussian,1,270,NLL,0.8705381155014038,0.9217283129692078
Single Gaussian,1,271,NLL,0.870301365852356,0.9217226505279541
Single Gaussian,1,272,NLL,0.8700669407844543,0.9217172265052795
Single Gaussian,1,273,NLL,0.8698351979255676,0.9217120409011841
Single Gaussian,1,274,NLL,0.8696050643920898,0.921707034111023
Single Gaussian,1,275,NLL,0.8693773746490479,0.9217026233673096
Single Gaussian,1,276,NLL,0.8691522479057312,0.9216985702514648
Single Gaussian,1,277,NLL,0.8689297437667847,0.9216952919960022
Single Gaussian,1,278,NLL,0.8687096238136292,0.9216921925544739
Single Gaussian,1,279,NLL,0.8684915900230408,0.921689510345459
Single Gaussian,1,280,NLL,0.8682754039764404,0.9216869473457336
Single Gaussian,1,281,NLL,0.8680604100227356,0.9216843843460083
Single Gaussian,1,282,NLL,0.867846667766571,0.9216816425323486
Single Gaussian,1,283,NLL,0.8676347732543945,0.9216789603233337
Single Gaussian,1,284,NLL,0.8674243092536926,0.9216762781143188
Single Gaussian,1,285,NLL,0.8672155141830444,0.9216737151145935
Single Gaussian,1,286,NLL,0.8670084476470947,0.921671450138092
Single Gaussian,1,287,NLL,0.8668025135993958,0.9216693639755249
Single Gaussian,1,288,NLL,0.8665981888771057,0.9216675162315369
Single Gaussian,1,289,NLL,0.8663953542709351,0.9216655492782593
Single Gaussian,1,290,NLL,0.8661938309669495,0.9216635823249817
Single Gaussian,1,291,NLL,0.865993857383728,0.921661376953125
Single Gaussian,1,292,NLL,0.8657956719398499,0.9216594696044922
Single Gaussian,1,293,NLL,0.8655986189842224,0.9216574430465698
Single Gaussian,1,294,NLL,0.8654026389122009,0.9216557741165161
Single Gaussian,1,295,NLL,0.8652080297470093,0.9216543436050415
Single Gaussian,1,296,NLL,0.8650144338607788,0.9216530919075012
Single Gaussian,1,297,NLL,0.8648225665092468,0.9216520190238953
Single Gaussian,1,298,NLL,0.8646321892738342,0.921650767326355
Single Gaussian,1,299,NLL,0.8644433617591858,0.921649158000946
Single Gaussian,1,300,NLL,0.864255428314209,0.9216473698616028
Single Gaussian,1,301,NLL,0.864068865776062,0.9216455221176147
Single Gaussian,1,302,NLL,0.8638837933540344,0.921644389629364
Single Gaussian,1,303,NLL,0.8636999726295471,0.9216436147689819
Single Gaussian,1,304,NLL,0.8635175228118896,0.9216427803039551
Single Gaussian,1,305,NLL,0.8633356690406799,0.9216412901878357
Single Gaussian,1,306,NLL,0.8631546497344971,0.9216392040252686
Single Gaussian,1,307,NLL,0.8629743456840515,0.9216368198394775
Single Gaussian,1,308,NLL,0.8627951145172119,0.9216344952583313
Single Gaussian,1,309,NLL,0.8626161813735962,0.9216322302818298
Single Gaussian,1,310,NLL,0.8624378442764282,0.9216302633285522
Single Gaussian,1,311,NLL,0.8622604012489319,0.9216282963752747
Single Gaussian,1,312,NLL,0.8620838522911072,0.9216262698173523
Single Gaussian,1,313,NLL,0.8619083762168884,0.9216240644454956
Single Gaussian,1,314,NLL,0.8617338538169861,0.921621561050415
Single Gaussian,1,315,NLL,0.8615610599517822,0.9216189980506897
Single Gaussian,1,316,NLL,0.8613894581794739,0.9216165542602539
Single Gaussian,1,317,NLL,0.8612188696861267,0.9216141700744629
Single Gaussian,1,318,NLL,0.8610500693321228,0.9216123819351196
Single Gaussian,1,319,NLL,0.8608821630477905,0.9216104745864868
Single Gaussian,1,320,NLL,0.8607145547866821,0.9216082692146301
Single Gaussian,1,321,NLL,0.8605486154556274,0.9216060638427734
Single Gaussian,1,322,NLL,0.8603839874267578,0.9216036200523376
Single Gaussian,1,323,NLL,0.8602204322814941,0.9216012358665466
Single Gaussian,1,324,NLL,0.8600583672523499,0.9215992093086243
Single Gaussian,1,325,NLL,0.8598981499671936,0.9215978980064392
Single Gaussian,1,326,NLL,0.8597382307052612,0.921596884727478
Single Gaussian,1,327,NLL,0.8595787286758423,0.9215953946113586
Single Gaussian,1,328,NLL,0.8594203591346741,0.9215939044952393
Single Gaussian,1,329,NLL,0.85926353931427,0.9215922355651855
Single Gaussian,1,330,NLL,0.8591083288192749,0.9215905666351318
Single Gaussian,1,331,NLL,0.8589543104171753,0.921589195728302
Single Gaussian,1,332,NLL,0.8588021397590637,0.9215878248214722
Single Gaussian,1,333,NLL,0.8586509227752686,0.9215869307518005
Single Gaussian,1,334,NLL,0.858501136302948,0.9215855598449707
Single Gaussian,1,335,NLL,0.858352541923523,0.9215837121009827
Single Gaussian,1,336,NLL,0.8582048416137695,0.9215812683105469
Single Gaussian,1,337,NLL,0.8580583333969116,0.9215788841247559
Single Gaussian,1,338,NLL,0.8579128980636597,0.921576738357544
Single Gaussian,1,339,NLL,0.8577682971954346,0.9215747714042664
Single Gaussian,1,340,NLL,0.8576249480247498,0.9215729832649231
Single Gaussian,1,341,NLL,0.85748291015625,0.9215710759162903
Single Gaussian,1,342,NLL,0.8573415875434875,0.9215690493583679
Single Gaussian,1,343,NLL,0.8572022914886475,0.9215672016143799
Single Gaussian,1,344,NLL,0.857063889503479,0.921565592288971
Single Gaussian,1,345,NLL,0.8569260239601135,0.921563982963562
Single Gaussian,1,346,NLL,0.8567896485328674,0.9215630888938904
Single Gaussian,1,347,NLL,0.856654942035675,0.9215624332427979
Single Gaussian,1,348,NLL,0.8565213680267334,0.9215618968009949
Single Gaussian,1,349,NLL,0.8563892841339111,0.921561062335968
Single Gaussian,1,350,NLL,0.8562586903572083,0.921561062335968
Single Gaussian,1,351,NLL,0.8561286330223083,0.9215603470802307
Single Gaussian,1,352,NLL,0.8559998869895935,0.9215610027313232
Single Gaussian,1,353,NLL,0.8558719754219055,0.9215593338012695
Single Gaussian,1,354,NLL,0.8557457327842712,0.9215605854988098
Single Gaussian,1,355,NLL,0.8556216359138489,0.9215570688247681
Single Gaussian,1,356,NLL,0.8555025458335876,0.9215626120567322
Single Gaussian,1,357,NLL,0.8553960919380188,0.9215573668479919
Single Gaussian,1,358,NLL,0.8553173542022705,0.9215788841247559
Single Gaussian,1,359,NLL,0.8552830815315247,0.921574056148529
Single Gaussian,1,360,NLL,0.855249285697937,0.9216141700744629
Single Gaussian,1,361,NLL,0.855085015296936,0.9215797185897827
Single Gaussian,1,362,NLL,0.8548072576522827,0.9215692281723022
Single Gaussian,1,363,NLL,0.8546530604362488,0.9215601086616516
Single Gaussian,1,364,NLL,0.8546417355537415,0.9215672016143799
Single Gaussian,1,365,NLL,0.854543924331665,0.921588659286499
Single Gaussian,1,366,NLL,0.8543229699134827,0.9215563535690308
Single Gaussian,1,367,NLL,0.8541890382766724,0.9215546250343323
Single Gaussian,1,368,NLL,0.8541507124900818,0.9215771555900574
Single Gaussian,1,369,NLL,0.8540264964103699,0.9215608239173889
Single Gaussian,1,370,NLL,0.8538432121276855,0.9215566515922546
Single Gaussian,1,371,NLL,0.8537476062774658,0.9215607643127441
Single Gaussian,1,372,NLL,0.8536818027496338,0.9215589761734009
Single Gaussian,1,373,NLL,0.853539228439331,0.9215635657310486
Single Gaussian,1,374,NLL,0.8533928394317627,0.9215527772903442
Single Gaussian,1,375,NLL,0.8533133268356323,0.9215536713600159
Single Gaussian,1,376,NLL,0.85322105884552,0.9215654134750366
Single Gaussian,1,377,NLL,0.8530789017677307,0.9215514659881592
Single Gaussian,1,378,NLL,0.8529602289199829,0.9215508699417114
Single Gaussian,1,379,NLL,0.8528779149055481,0.9215599894523621
Single Gaussian,1,380,NLL,0.8527701497077942,0.9215514659881592
Single Gaussian,1,381,NLL,0.8526390194892883,0.9215515851974487
Single Gaussian,1,382,NLL,0.8525341153144836,0.9215512871742249
Single Gaussian,1,383,NLL,0.8524446487426758,0.9215489625930786
Single Gaussian,1,384,NLL,0.8523333668708801,0.9215527772903442
Single Gaussian,1,385,NLL,0.8522130846977234,0.9215465188026428
Single Gaussian,1,386,NLL,0.852112889289856,0.9215458631515503
Single Gaussian,1,387,NLL,0.8520188927650452,0.9215520024299622
Single Gaussian,1,388,NLL,0.8519101142883301,0.9215446710586548
Single Gaussian,1,389,NLL,0.8517975211143494,0.9215450882911682
Single Gaussian,1,390,NLL,0.8516983985900879,0.9215453863143921
Single Gaussian,1,391,NLL,0.851603627204895,0.9215421080589294
Single Gaussian,1,392,NLL,0.8514992594718933,0.9215447902679443
Single Gaussian,1,393,NLL,0.8513909578323364,0.9215408563613892
Single Gaussian,1,394,NLL,0.8512911200523376,0.9215403199195862
Single Gaussian,1,395,NLL,0.8511955142021179,0.9215435981750488
Single Gaussian,1,396,NLL,0.8510950803756714,0.9215391874313354
Single Gaussian,1,397,NLL,0.8509913086891174,0.9215402007102966
Single Gaussian,1,398,NLL,0.8508918285369873,0.9215384721755981
Single Gaussian,1,399,NLL,0.8507972359657288,0.9215366244316101
Single Gaussian,1,400,NLL,0.8507013916969299,0.9215385317802429
Single Gaussian,1,401,NLL,0.8506025671958923,0.9215354323387146
Single Gaussian,1,402,NLL,0.8505041003227234,0.9215356111526489
Single Gaussian,1,403,NLL,0.8504087924957275,0.9215356111526489
Single Gaussian,1,404,NLL,0.8503149151802063,0.9215335249900818
Single Gaussian,1,405,NLL,0.8502199649810791,0.9215348958969116
Single Gaussian,1,406,NLL,0.8501235246658325,0.9215319752693176
Single Gaussian,1,407,NLL,0.8500281572341919,0.9215314984321594
Single Gaussian,1,408,NLL,0.8499347567558289,0.9215312600135803
Single Gaussian,1,409,NLL,0.8498422503471375,0.9215295910835266
Single Gaussian,1,410,NLL,0.8497498035430908,0.9215304255485535
Single Gaussian,1,411,NLL,0.8496571183204651,0.9215284585952759
Single Gaussian,1,412,NLL,0.8495656847953796,0.9215282797813416
Single Gaussian,1,413,NLL,0.8494749665260315,0.921527624130249
Single Gaussian,1,414,NLL,0.8493850231170654,0.9215262532234192
Single Gaussian,1,415,NLL,0.8492948412895203,0.9215265512466431
Single Gaussian,1,416,NLL,0.8492046594619751,0.9215248823165894
Single Gaussian,1,417,NLL,0.8491150140762329,0.9215247631072998
Single Gaussian,1,418,NLL,0.8490263819694519,0.921523928642273
Single Gaussian,1,419,NLL,0.8489383459091187,0.9215229153633118
Single Gaussian,1,420,NLL,0.8488509654998779,0.9215227365493774
Single Gaussian,1,421,NLL,0.8487635254859924,0.9215213656425476
Single Gaussian,1,422,NLL,0.8486765027046204,0.9215213060379028
Single Gaussian,1,423,NLL,0.8485898375511169,0.9215201735496521
Single Gaussian,1,424,NLL,0.8485034704208374,0.9215196967124939
Single Gaussian,1,425,NLL,0.8484175205230713,0.9215189218521118
Single Gaussian,1,426,NLL,0.8483320474624634,0.9215177893638611
Single Gaussian,1,427,NLL,0.8482468724250793,0.9215171337127686
Single Gaussian,1,428,NLL,0.8481619954109192,0.9215157628059387
Single Gaussian,1,429,NLL,0.8480777740478516,0.9215154051780701
Single Gaussian,1,430,NLL,0.8479939103126526,0.9215140342712402
Single Gaussian,1,431,NLL,0.8479102849960327,0.9215136766433716
Single Gaussian,1,432,NLL,0.8478270173072815,0.921512246131897
Single Gaussian,1,433,NLL,0.8477442860603333,0.9215118288993835
Single Gaussian,1,434,NLL,0.8476622700691223,0.9215105772018433
Single Gaussian,1,435,NLL,0.8475807905197144,0.9215102195739746
Single Gaussian,1,436,NLL,0.8475000262260437,0.9215090870857239
Single Gaussian,1,437,NLL,0.8474199175834656,0.9215089678764343
Single Gaussian,1,438,NLL,0.8473411798477173,0.9215077757835388
Single Gaussian,1,439,NLL,0.8472640514373779,0.9215078949928284
Single Gaussian,1,440,NLL,0.8471899628639221,0.921506404876709
Single Gaussian,1,441,NLL,0.8471218943595886,0.921506941318512
Single Gaussian,1,442,NLL,0.8470686674118042,0.9215050339698792
Single Gaussian,1,443,NLL,0.847040593624115,0.921506941318512
Single Gaussian,1,444,NLL,0.8470768928527832,0.9215043187141418
Single Gaussian,1,445,NLL,0.8471426963806152,0.9215101599693298
Single Gaussian,1,446,NLL,0.8472713828086853,0.9215079545974731
Single Gaussian,1,447,NLL,0.8471034169197083,0.9215241074562073
Single Gaussian,1,448,NLL,0.8468795418739319,0.9215246438980103
Single Gaussian,1,449,NLL,0.8467662930488586,0.9215517640113831
Single Gaussian,1,450,NLL,0.8468295335769653,0.9215383529663086
Single Gaussian,1,451,NLL,0.8467746376991272,0.9215335845947266
Single Gaussian,1,452,NLL,0.8464460372924805,0.9215028882026672
Single Gaussian,1,453,NLL,0.8462234735488892,0.9214988946914673
Single Gaussian,1,454,NLL,0.8462839126586914,0.9215174317359924
Single Gaussian,1,455,NLL,0.8463642597198486,0.9215184450149536
Single Gaussian,1,456,NLL,0.8462092280387878,0.9215182662010193
Single Gaussian,1,457,NLL,0.8459555506706238,0.9214969873428345
Single Gaussian,1,458,NLL,0.8458982706069946,0.9214958548545837
Single Gaussian,1,459,NLL,0.8459618091583252,0.9215102791786194
Single Gaussian,1,460,NLL,0.8458893895149231,0.9215047359466553
Single Gaussian,1,461,NLL,0.8457089066505432,0.9215036034584045
Single Gaussian,1,462,NLL,0.84560626745224,0.9214926958084106
Single Gaussian,1,463,NLL,0.8456050753593445,0.9214935302734375
Single Gaussian,1,464,NLL,0.8455710411071777,0.9215036630630493
Single Gaussian,1,465,NLL,0.845449686050415,0.9214956760406494
Single Gaussian,1,466,NLL,0.8453466892242432,0.92149418592453
Single Gaussian,1,467,NLL,0.8453088402748108,0.9214909076690674
Single Gaussian,1,468,NLL,0.8452650308609009,0.921491265296936
Single Gaussian,1,469,NLL,0.8451799750328064,0.921496570110321
Single Gaussian,1,470,NLL,0.8450910449028015,0.9214900135993958
Single Gaussian,1,471,NLL,0.845034658908844,0.9214897155761719
Single Gaussian,1,472,NLL,0.8449870944023132,0.9214891791343689
Single Gaussian,1,473,NLL,0.8449136018753052,0.9214879870414734
Single Gaussian,1,474,NLL,0.8448337316513062,0.9214916229248047
Single Gaussian,1,475,NLL,0.8447728157043457,0.9214867353439331
Single Gaussian,1,476,NLL,0.8447210788726807,0.9214871525764465
Single Gaussian,1,477,NLL,0.8446575999259949,0.9214862585067749
Single Gaussian,1,478,NLL,0.8445810079574585,0.9214853048324585
Single Gaussian,1,479,NLL,0.8445149660110474,0.9214866161346436
Single Gaussian,1,480,NLL,0.8444634079933167,0.9214845895767212
Single Gaussian,1,481,NLL,0.8444084525108337,0.9214850068092346
Single Gaussian,1,482,NLL,0.8443410992622375,0.9214840531349182
Single Gaussian,1,483,NLL,0.8442683219909668,0.9214836359024048
Single Gaussian,1,484,NLL,0.8442056775093079,0.9214844703674316
Single Gaussian,1,485,NLL,0.8441532254219055,0.9214828014373779
Single Gaussian,1,486,NLL,0.8440985083580017,0.9214833378791809
Single Gaussian,1,487,NLL,0.8440349698066711,0.9214820861816406
Single Gaussian,1,488,NLL,0.843966543674469,0.9214820861816406
Single Gaussian,1,489,NLL,0.8439037203788757,0.9214816689491272
Single Gaussian,1,490,NLL,0.8438484072685242,0.9214813709259033
Single Gaussian,1,491,NLL,0.8437950611114502,0.9214817881584167
Single Gaussian,1,492,NLL,0.8437382578849792,0.9214813113212585
Single Gaussian,1,493,NLL,0.8436774611473083,0.9214820861816406
Single Gaussian,1,494,NLL,0.8436160087585449,0.9214810729026794
Single Gaussian,1,495,NLL,0.8435582518577576,0.9214816093444824
Single Gaussian,1,496,NLL,0.8435035347938538,0.9214809536933899
Single Gaussian,1,497,NLL,0.8434500098228455,0.9214809536933899
Single Gaussian,1,498,NLL,0.8433946967124939,0.9214810132980347
Single Gaussian,1,499,NLL,0.8433384299278259,0.9214807152748108
Single Gaussian,1,500,NLL,0.8432823419570923,0.9214813709259033
Single Gaussian,1,501,NLL,0.843227207660675,0.9214805364608765
Single Gaussian,1,502,NLL,0.8431729674339294,0.9214814305305481
Single Gaussian,1,503,NLL,0.843119204044342,0.9214802980422974
Single Gaussian,1,504,NLL,0.8430653214454651,0.9214809536933899
Single Gaussian,1,505,NLL,0.8430107831954956,0.9214801788330078
Single Gaussian,1,506,NLL,0.8429563045501709,0.9214802980422974
Single Gaussian,1,507,NLL,0.8429023027420044,0.921480119228363
Single Gaussian,1,508,NLL,0.8428489565849304,0.9214798808097839
Single Gaussian,1,509,NLL,0.842796266078949,0.9214800000190735
Single Gaussian,1,510,NLL,0.8427442312240601,0.9214794635772705
Single Gaussian,1,511,NLL,0.8426921963691711,0.921480119228363
Single Gaussian,1,512,NLL,0.8426401019096375,0.9214792251586914
Single Gaussian,1,513,NLL,0.8425880670547485,0.9214801788330078
Single Gaussian,1,514,NLL,0.8425360321998596,0.9214788675308228
Single Gaussian,1,515,NLL,0.8424844145774841,0.9214799404144287
Single Gaussian,1,516,NLL,0.8424333930015564,0.9214785099029541
Single Gaussian,1,517,NLL,0.8423829674720764,0.9214799404144287
Single Gaussian,1,518,NLL,0.8423336148262024,0.9214782118797302
Single Gaussian,1,519,NLL,0.8422854542732239,0.921480655670166
Single Gaussian,1,520,NLL,0.8422397971153259,0.9214782118797302
Single Gaussian,1,521,NLL,0.8421990275382996,0.921483039855957
Single Gaussian,1,522,NLL,0.8421652913093567,0.9214800000190735
Single Gaussian,1,523,NLL,0.8421439528465271,0.9214901924133301
Single Gaussian,1,524,NLL,0.842142641544342,0.92148756980896
Single Gaussian,1,525,NLL,0.8421717882156372,0.9215089678764343
Single Gaussian,1,526,NLL,0.8422337770462036,0.9215077757835388
Single Gaussian,1,527,NLL,0.8423093557357788,0.9215380549430847
Single Gaussian,1,528,NLL,0.842343807220459,0.9215216040611267
Single Gaussian,1,529,NLL,0.8422817587852478,0.9215249419212341
Single Gaussian,1,530,NLL,0.8422013521194458,0.9214859008789062
Single Gaussian,1,531,NLL,0.8420787453651428,0.921478271484375
Single Gaussian,1,532,NLL,0.8420590758323669,0.9214816689491272
Single Gaussian,1,533,NLL,0.8418950438499451,0.9214860200881958
Single Gaussian,1,534,NLL,0.8417098522186279,0.9214973449707031
Single Gaussian,1,535,NLL,0.8415723443031311,0.9214818477630615
Single Gaussian,1,536,NLL,0.841561496257782,0.9214777946472168
Single Gaussian,1,537,NLL,0.8416358232498169,0.9214745759963989
Single Gaussian,1,538,NLL,0.8416119813919067,0.9214767813682556
Single Gaussian,1,539,NLL,0.8414957523345947,0.9214824438095093
Single Gaussian,1,540,NLL,0.8413211107254028,0.9214754104614258
Single Gaussian,1,541,NLL,0.841239869594574,0.9214748740196228
Single Gaussian,1,542,NLL,0.8412653803825378,0.9214720129966736
Single Gaussian,1,543,NLL,0.8412846922874451,0.9214720129966736
Single Gaussian,1,544,NLL,0.8412374258041382,0.9214748740196228
Single Gaussian,1,545,NLL,0.8411062359809875,0.9214712381362915
Single Gaussian,1,546,NLL,0.8410043120384216,0.9214712381362915
Single Gaussian,1,547,NLL,0.8409772515296936,0.9214692711830139
Single Gaussian,1,548,NLL,0.8409861922264099,0.92146897315979
Single Gaussian,1,549,NLL,0.840969979763031,0.9214698672294617
Single Gaussian,1,550,NLL,0.8408897519111633,0.9214679598808289
Single Gaussian,1,551,NLL,0.8407992720603943,0.9214680790901184
Single Gaussian,1,552,NLL,0.8407408595085144,0.921466588973999
Single Gaussian,1,553,NLL,0.8407217264175415,0.9214661121368408
Single Gaussian,1,554,NLL,0.8407102823257446,0.9214664697647095
Single Gaussian,1,555,NLL,0.8406683802604675,0.9214650988578796
Single Gaussian,1,556,NLL,0.8406038880348206,0.9214650392532349
Single Gaussian,1,557,NLL,0.8405365943908691,0.9214640259742737
Single Gaussian,1,558,NLL,0.8404901623725891,0.9214636087417603
Single Gaussian,1,559,NLL,0.840463399887085,0.9214636087417603
Single Gaussian,1,560,NLL,0.8404380083084106,0.9214629530906677
Single Gaussian,1,561,NLL,0.8404008150100708,0.9214631915092468
Single Gaussian,1,562,NLL,0.8403475880622864,0.9214622378349304
Single Gaussian,1,563,NLL,0.8402925133705139,0.9214619994163513
Single Gaussian,1,564,NLL,0.8402454853057861,0.9214617013931274
Single Gaussian,1,565,NLL,0.8402093648910522,0.9214611053466797
Single Gaussian,1,566,NLL,0.8401778340339661,0.9214614629745483
Single Gaussian,1,567,NLL,0.8401442766189575,0.9214606285095215
Single Gaussian,1,568,NLL,0.8401045799255371,0.9214608073234558
Single Gaussian,1,569,NLL,0.8400581479072571,0.9214598536491394
Single Gaussian,1,570,NLL,0.8400115370750427,0.9214597344398499
Single Gaussian,1,571,NLL,0.8399681448936462,0.9214591979980469
Single Gaussian,1,572,NLL,0.8399294018745422,0.921458899974823
Single Gaussian,1,573,NLL,0.83989417552948,0.9214588403701782
Single Gaussian,1,574,NLL,0.8398592472076416,0.9214584827423096
Single Gaussian,1,575,NLL,0.8398232460021973,0.9214585423469543
Single Gaussian,1,576,NLL,0.8397848010063171,0.9214581251144409
Single Gaussian,1,577,NLL,0.8397446274757385,0.9214580655097961
Single Gaussian,1,578,NLL,0.8397035002708435,0.9214577078819275
Single Gaussian,1,579,NLL,0.8396629691123962,0.9214575886726379
Single Gaussian,1,580,NLL,0.8396233916282654,0.9214569330215454
Single Gaussian,1,581,NLL,0.8395856618881226,0.9214567542076111
Single Gaussian,1,582,NLL,0.8395493626594543,0.9214560389518738
Single Gaussian,1,583,NLL,0.8395137786865234,0.921455979347229
Single Gaussian,1,584,NLL,0.8394791483879089,0.9214550852775574
Single Gaussian,1,585,NLL,0.8394445776939392,0.9214551448822021
Single Gaussian,1,586,NLL,0.8394102454185486,0.9214540123939514
Single Gaussian,1,587,NLL,0.8393756151199341,0.9214544296264648
Single Gaussian,1,588,NLL,0.8393424153327942,0.9214531183242798
Single Gaussian,1,589,NLL,0.839311420917511,0.9214547276496887
Single Gaussian,1,590,NLL,0.8392840027809143,0.9214528799057007
Single Gaussian,1,591,NLL,0.8392627835273743,0.9214569926261902
Single Gaussian,1,592,NLL,0.8392548561096191,0.9214556813240051
Single Gaussian,1,593,NLL,0.8392685055732727,0.9214662313461304
Single Gaussian,1,594,NLL,0.8393215537071228,0.9214694499969482
Single Gaussian,1,595,NLL,0.8394303917884827,0.9214955568313599
Single Gaussian,1,596,NLL,0.8396065831184387,0.9215065836906433
Single Gaussian,1,597,NLL,0.8397907614707947,0.9215439558029175
Single Gaussian,1,598,NLL,0.8398731350898743,0.9215268492698669
Single Gaussian,1,599,NLL,0.8397098779678345,0.9215105175971985
Single Gaussian,1,600,NLL,0.839530348777771,0.9214583039283752
Single Gaussian,1,601,NLL,0.83933424949646,0.9214500188827515
Single Gaussian,1,602,NLL,0.8393291234970093,0.921471118927002
Single Gaussian,1,603,NLL,0.8392052054405212,0.9214805364608765
Single Gaussian,1,604,NLL,0.8389898538589478,0.9214781522750854
Single Gaussian,1,605,NLL,0.838835597038269,0.9214532375335693
Single Gaussian,1,606,NLL,0.838885486125946,0.9214485287666321
Single Gaussian,1,607,NLL,0.8390498161315918,0.9214600920677185
Single Gaussian,1,608,NLL,0.8390252590179443,0.9214634299278259
Single Gaussian,1,609,NLL,0.8388288617134094,0.9214603900909424
Single Gaussian,1,610,NLL,0.8386232852935791,0.9214471578598022
Single Gaussian,1,611,NLL,0.8385965824127197,0.9214476346969604
Single Gaussian,1,612,NLL,0.8386893272399902,0.9214584827423096
Single Gaussian,1,613,NLL,0.8387213349342346,0.9214552640914917
Single Gaussian,1,614,NLL,0.8386408090591431,0.9214509129524231
Single Gaussian,1,615,NLL,0.8385087847709656,0.9214452505111694
Single Gaussian,1,616,NLL,0.8384531736373901,0.9214479327201843
Single Gaussian,1,617,NLL,0.8384559750556946,0.9214553236961365
Single Gaussian,1,618,NLL,0.8384445905685425,0.9214516878128052
Single Gaussian,1,619,NLL,0.8383998274803162,0.9214463233947754
Single Gaussian,1,620,NLL,0.8383519053459167,0.9214439392089844
Single Gaussian,1,621,NLL,0.8383269906044006,0.9214462041854858
Single Gaussian,1,622,NLL,0.8382998108863831,0.9214518070220947
Single Gaussian,1,623,NLL,0.8382512331008911,0.9214479923248291
Single Gaussian,1,624,NLL,0.8381948471069336,0.9214444756507874
Single Gaussian,1,625,NLL,0.8381603360176086,0.9214422702789307
Single Gaussian,1,626,NLL,0.8381546139717102,0.92144376039505
Single Gaussian,1,627,NLL,0.8381468653678894,0.9214472770690918
Single Gaussian,1,628,NLL,0.8381120562553406,0.921445906162262
Single Gaussian,1,629,NLL,0.8380547761917114,0.9214439392089844
Single Gaussian,1,630,NLL,0.8380045294761658,0.921440839767456
Single Gaussian,1,631,NLL,0.8379765748977661,0.9214408993721008
Single Gaussian,1,632,NLL,0.8379616737365723,0.9214431047439575
Single Gaussian,1,633,NLL,0.8379420042037964,0.9214423298835754
Single Gaussian,1,634,NLL,0.837911069393158,0.9214421510696411
Single Gaussian,1,635,NLL,0.837875247001648,0.9214392304420471
Single Gaussian,1,636,NLL,0.8378438949584961,0.9214388728141785
Single Gaussian,1,637,NLL,0.8378182053565979,0.9214393496513367
Single Gaussian,1,638,NLL,0.8377905488014221,0.9214391112327576
Single Gaussian,1,639,NLL,0.83775794506073,0.9214392304420471
Single Gaussian,1,640,NLL,0.8377235531806946,0.9214376211166382
Single Gaussian,1,641,NLL,0.8376936912536621,0.9214369058609009
Single Gaussian,1,642,NLL,0.8376697897911072,0.9214367866516113
Single Gaussian,1,643,NLL,0.837648332118988,0.9214367866516113
Single Gaussian,1,644,NLL,0.8376253843307495,0.9214370250701904
Single Gaussian,1,645,NLL,0.8375982642173767,0.9214361310005188
Single Gaussian,1,646,NLL,0.8375690579414368,0.9214356541633606
Single Gaussian,1,647,NLL,0.8375399708747864,0.9214351773262024
Single Gaussian,1,648,NLL,0.8375130295753479,0.9214348196983337
Single Gaussian,1,649,NLL,0.8374876976013184,0.9214354753494263
Single Gaussian,1,650,NLL,0.8374627828598022,0.9214350581169128
Single Gaussian,1,651,NLL,0.8374364972114563,0.921435534954071
Single Gaussian,1,652,NLL,0.8374090194702148,0.9214344024658203
Single Gaussian,1,653,NLL,0.83738112449646,0.9214344024658203
Single Gaussian,1,654,NLL,0.8373543620109558,0.9214333891868591
Single Gaussian,1,655,NLL,0.8373288512229919,0.9214333891868591
Single Gaussian,1,656,NLL,0.8373048901557922,0.9214332699775696
Single Gaussian,1,657,NLL,0.8372812271118164,0.9214330315589905
Single Gaussian,1,658,NLL,0.8372581005096436,0.9214330315589905
Single Gaussian,1,659,NLL,0.837235152721405,0.9214325547218323
Single Gaussian,1,660,NLL,0.8372136354446411,0.9214321970939636
Single Gaussian,1,661,NLL,0.8371937274932861,0.9214319586753845
Single Gaussian,1,662,NLL,0.8371790647506714,0.9214312434196472
Single Gaussian,1,663,NLL,0.837169349193573,0.9214317798614502
Single Gaussian,1,664,NLL,0.8371735215187073,0.9214308857917786
Single Gaussian,1,665,NLL,0.8371891975402832,0.921432375907898
Single Gaussian,1,666,NLL,0.8372439742088318,0.9214310050010681
Single Gaussian,1,667,NLL,0.8373137712478638,0.9214340448379517
Single Gaussian,1,668,NLL,0.8374821543693542,0.9214318990707397
Single Gaussian,1,669,NLL,0.8376059532165527,0.92143714427948
Single Gaussian,1,670,NLL,0.8378837704658508,0.9214339256286621
Single Gaussian,1,671,NLL,0.8378213047981262,0.9214411973953247
Single Gaussian,1,672,NLL,0.8377875685691833,0.9214366674423218
Single Gaussian,1,673,NLL,0.8373497128486633,0.9214438199996948
Single Gaussian,1,674,NLL,0.8370174169540405,0.9214364886283875
Single Gaussian,1,675,NLL,0.8368932008743286,0.9214382171630859
Single Gaussian,1,676,NLL,0.8369870185852051,0.9214310646057129
Single Gaussian,1,677,NLL,0.8371433019638062,0.9214288592338562
Single Gaussian,1,678,NLL,0.8371139764785767,0.9214298725128174
Single Gaussian,1,679,NLL,0.8369976282119751,0.9214290976524353
Single Gaussian,1,680,NLL,0.8368306159973145,0.9214377999305725
Single Gaussian,1,681,NLL,0.8367859721183777,0.9214365482330322
Single Gaussian,1,682,NLL,0.8368440866470337,0.9214426875114441
Single Gaussian,1,683,NLL,0.8368874192237854,0.9214350581169128
Single Gaussian,1,684,NLL,0.8368469476699829,0.9214339852333069
Single Gaussian,1,685,NLL,0.8367100358009338,0.9214268326759338
Single Gaussian,1,686,NLL,0.8366028070449829,0.9214252829551697
Single Gaussian,1,687,NLL,0.836582601070404,0.9214277863502502
Single Gaussian,1,688,NLL,0.8366283178329468,0.9214285016059875
Single Gaussian,1,689,NLL,0.8366668224334717,0.9214330315589905
Single Gaussian,1,690,NLL,0.836634635925293,0.9214301109313965
Single Gaussian,1,691,NLL,0.836557149887085,0.9214301705360413
Single Gaussian,1,692,NLL,0.8364782333374023,0.9214251637458801
Single Gaussian,1,693,NLL,0.8364418148994446,0.921424388885498
Single Gaussian,1,694,NLL,0.8364449739456177,0.9214226007461548
Single Gaussian,1,695,NLL,0.8364509344100952,0.9214228391647339
Single Gaussian,1,696,NLL,0.8364371657371521,0.9214239120483398
Single Gaussian,1,697,NLL,0.8363938927650452,0.9214233756065369
Single Gaussian,1,698,NLL,0.8363476991653442,0.921424925327301
Single Gaussian,1,699,NLL,0.836316704750061,0.92142254114151
Single Gaussian,1,700,NLL,0.8363050222396851,0.9214239716529846
Single Gaussian,1,701,NLL,0.8363003134727478,0.9214209914207458
Single Gaussian,1,702,NLL,0.8362851142883301,0.9214223623275757
Single Gaussian,1,703,NLL,0.8362575769424438,0.9214202761650085
Single Gaussian,1,704,NLL,0.8362176418304443,0.9214212894439697
Single Gaussian,1,705,NLL,0.836180567741394,0.9214199781417847
Single Gaussian,1,706,NLL,0.8361531496047974,0.9214204549789429
Single Gaussian,1,707,NLL,0.8361361622810364,0.9214198589324951
Single Gaussian,1,708,NLL,0.8361235857009888,0.921419620513916
Single Gaussian,1,709,NLL,0.8361082673072815,0.9214197397232056
Single Gaussian,1,710,NLL,0.8360876441001892,0.9214189648628235
Single Gaussian,1,711,NLL,0.8360610008239746,0.9214197397232056
Single Gaussian,1,712,NLL,0.8360337615013123,0.9214185476303101
Single Gaussian,1,713,NLL,0.8360089063644409,0.9214200973510742
Single Gaussian,1,714,NLL,0.8359885215759277,0.9214183688163757
Single Gaussian,1,715,NLL,0.8359721302986145,0.9214208126068115
Single Gaussian,1,716,NLL,0.8359575271606445,0.9214186668395996
Single Gaussian,1,717,NLL,0.8359429240226746,0.9214220643043518
Single Gaussian,1,718,NLL,0.8359274864196777,0.9214192628860474
Single Gaussian,1,719,NLL,0.8359113931655884,0.9214239120483398
Single Gaussian,1,720,NLL,0.8358957171440125,0.9214199781417847
Single Gaussian,1,721,NLL,0.8358824849128723,0.9214267134666443
Single Gaussian,1,722,NLL,0.8358738422393799,0.9214216470718384
Single Gaussian,1,723,NLL,0.8358717560768127,0.9214311242103577
Single Gaussian,1,724,NLL,0.8358762264251709,0.9214251637458801
Single Gaussian,1,725,NLL,0.8358907103538513,0.9214382171630859
Single Gaussian,1,726,NLL,0.8359119892120361,0.9214319586753845
Single Gaussian,1,727,NLL,0.8359377384185791,0.9214490056037903
Single Gaussian,1,728,NLL,0.8359600901603699,0.9214392900466919
Single Gaussian,1,729,NLL,0.8359683752059937,0.9214553833007812
Single Gaussian,1,730,NLL,0.835953414440155,0.9214378595352173
Single Gaussian,1,731,NLL,0.8359044194221497,0.9214465618133545
Single Gaussian,1,732,NLL,0.8358420133590698,0.9214244484901428
Single Gaussian,1,733,NLL,0.8357658982276917,0.9214276671409607
Single Gaussian,1,734,NLL,0.8357138633728027,0.9214145541191101
Single Gaussian,1,735,NLL,0.8356701731681824,0.9214159846305847
Single Gaussian,1,736,NLL,0.8356508612632751,0.9214161038398743
Single Gaussian,1,737,NLL,0.8356265425682068,0.9214158654212952
Single Gaussian,1,738,NLL,0.8356010913848877,0.9214209318161011
Single Gaussian,1,739,NLL,0.8355640769004822,0.921417236328125
Single Gaussian,1,740,NLL,0.8355225920677185,0.9214211702346802
Single Gaussian,1,741,NLL,0.8354813456535339,0.9214149713516235
Single Gaussian,1,742,NLL,0.8354465961456299,0.9214168190956116
Single Gaussian,1,743,NLL,0.8354225754737854,0.9214118719100952
Single Gaussian,1,744,NLL,0.83540940284729,0.9214123487472534
Single Gaussian,1,745,NLL,0.8354056477546692,0.9214112162590027
Single Gaussian,1,746,NLL,0.8354060649871826,0.9214109182357788
Single Gaussian,1,747,NLL,0.8354106545448303,0.9214120507240295
Single Gaussian,1,748,NLL,0.8354102969169617,0.9214111566543579
Single Gaussian,1,749,NLL,0.8354150056838989,0.9214112162590027
Single Gaussian,1,750,NLL,0.83540940284729,0.9214099645614624
Single Gaussian,1,751,NLL,0.8354146480560303,0.9214088916778564
Single Gaussian,1,752,NLL,0.8354064226150513,0.9214093089103699
Single Gaussian,1,753,NLL,0.8354177474975586,0.9214076995849609
Single Gaussian,1,754,NLL,0.8354111909866333,0.9214118123054504
Single Gaussian,1,755,NLL,0.835432231426239,0.9214082956314087
Single Gaussian,1,756,NLL,0.8354281783103943,0.9214165210723877
Single Gaussian,1,757,NLL,0.8354565501213074,0.9214116930961609
Single Gaussian,1,758,NLL,0.8354549407958984,0.921424925327301
Single Gaussian,1,759,NLL,0.8354780673980713,0.9214192628860474
Single Gaussian,1,760,NLL,0.8354672789573669,0.9214373826980591
Single Gaussian,1,761,NLL,0.8354626297950745,0.9214270710945129
Single Gaussian,1,762,NLL,0.8354185223579407,0.921444296836853
Single Gaussian,1,763,NLL,0.8353533148765564,0.9214260578155518
Single Gaussian,1,764,NLL,0.8352581262588501,0.9214324355125427
Single Gaussian,1,765,NLL,0.8351538181304932,0.9214133620262146
Single Gaussian,1,766,NLL,0.8350604176521301,0.9214123487472534
Single Gaussian,1,767,NLL,0.8349998593330383,0.9214043021202087
Single Gaussian,1,768,NLL,0.8349757790565491,0.9214041233062744
Single Gaussian,1,769,NLL,0.8349795937538147,0.9214090704917908
Single Gaussian,1,770,NLL,0.8349959850311279,0.9214069843292236
Single Gaussian,1,771,NLL,0.8350108861923218,0.9214169383049011
Single Gaussian,1,772,NLL,0.8350147604942322,0.9214097857475281
Single Gaussian,1,773,NLL,0.8350043892860413,0.921417236328125
Single Gaussian,1,774,NLL,0.8349852561950684,0.9214068651199341
Single Gaussian,1,775,NLL,0.8349599838256836,0.9214093685150146
Single Gaussian,1,776,NLL,0.8349435925483704,0.9214012622833252
Single Gaussian,1,777,NLL,0.8349299430847168,0.9214023947715759
Single Gaussian,1,778,NLL,0.8349352478981018,0.9214000701904297
Single Gaussian,1,779,NLL,0.8349355459213257,0.92140132188797
Single Gaussian,1,780,NLL,0.8349499702453613,0.921402096748352
Single Gaussian,1,781,NLL,0.8349424004554749,0.9214009642601013
Single Gaussian,1,782,NLL,0.8349431157112122,0.9214013814926147
Single Gaussian,1,783,NLL,0.8349135518074036,0.9213991761207581
Single Gaussian,1,784,NLL,0.8348925709724426,0.921398937702179
Single Gaussian,1,785,NLL,0.8348451852798462,0.9213982820510864
Single Gaussian,1,786,NLL,0.8348114490509033,0.9213968515396118
Single Gaussian,1,787,NLL,0.8347644805908203,0.921398401260376
Single Gaussian,1,788,NLL,0.8347311019897461,0.921395480632782
Single Gaussian,1,789,NLL,0.8346970081329346,0.921400249004364
Single Gaussian,1,790,NLL,0.8346731066703796,0.9213964343070984
Single Gaussian,1,791,NLL,0.8346531391143799,0.9214038848876953
Single Gaussian,1,792,NLL,0.8346371054649353,0.9213987588882446
Single Gaussian,1,793,NLL,0.834621787071228,0.921405017375946
Single Gaussian,1,794,NLL,0.83460533618927,0.9213987588882446
Single Gaussian,1,795,NLL,0.8345869183540344,0.9214035868644714
Single Gaussian,1,796,NLL,0.8345656991004944,0.9213971495628357
Single Gaussian,1,797,NLL,0.8345421552658081,0.9214017987251282
Single Gaussian,1,798,NLL,0.834517776966095,0.9213953614234924
Single Gaussian,1,799,NLL,0.8344934582710266,0.9213982224464417
Single Gaussian,1,800,NLL,0.8344699144363403,0.9213930368423462
Single Gaussian,1,801,NLL,0.8344483375549316,0.9213939309120178
Single Gaussian,1,802,NLL,0.834429144859314,0.921391487121582
Single Gaussian,1,803,NLL,0.8344116806983948,0.9213919043540955
Single Gaussian,1,804,NLL,0.8343958854675293,0.9213913083076477
Single Gaussian,1,805,NLL,0.8343814015388489,0.9213911294937134
Single Gaussian,1,806,NLL,0.8343674540519714,0.9213913679122925
Single Gaussian,1,807,NLL,0.8343545198440552,0.921390175819397
Single Gaussian,1,808,NLL,0.8343421816825867,0.9213912487030029
Single Gaussian,1,809,NLL,0.8343307375907898,0.921389639377594
Single Gaussian,1,810,NLL,0.8343203067779541,0.9213921427726746
Single Gaussian,1,811,NLL,0.8343110084533691,0.9213899970054626
Single Gaussian,1,812,NLL,0.8343038558959961,0.9213936924934387
Single Gaussian,1,813,NLL,0.8342995047569275,0.9213908910751343
Single Gaussian,1,814,NLL,0.8342996835708618,0.9213963150978088
Single Gaussian,1,815,NLL,0.8343055844306946,0.9213937520980835
Single Gaussian,1,816,NLL,0.8343190550804138,0.9214029908180237
Single Gaussian,1,817,NLL,0.8343421816825867,0.9214008450508118
Single Gaussian,1,818,NLL,0.8343749642372131,0.9214146137237549
Single Gaussian,1,819,NLL,0.8344156742095947,0.9214121699333191
Single Gaussian,1,820,NLL,0.8344582915306091,0.921428382396698
Single Gaussian,1,821,NLL,0.834489107131958,0.9214233160018921
Single Gaussian,1,822,NLL,0.8344900608062744,0.9214352965354919
Single Gaussian,1,823,NLL,0.8344424962997437,0.9214198589324951
Single Gaussian,1,824,NLL,0.8343497514724731,0.9214186072349548
Single Gaussian,1,825,NLL,0.8342320919036865,0.9213974475860596
Single Gaussian,1,826,NLL,0.8341305255889893,0.921391487121582
Single Gaussian,1,827,NLL,0.8340715765953064,0.9213841557502747
Single Gaussian,1,828,NLL,0.8340622186660767,0.9213842749595642
Single Gaussian,1,829,NLL,0.8340883255004883,0.9213919639587402
Single Gaussian,1,830,NLL,0.8341251015663147,0.9213918447494507
Single Gaussian,1,831,NLL,0.834151566028595,0.9214003086090088
Single Gaussian,1,832,NLL,0.834151566028595,0.921394407749176
Single Gaussian,1,833,NLL,0.8341328501701355,0.9213956594467163
Single Gaussian,1,834,NLL,0.8341102004051208,0.9213874340057373
Single Gaussian,1,835,NLL,0.8341388702392578,0.9213849902153015
Single Gaussian,1,836,NLL,0.8342708945274353,0.9213832020759583
Single Gaussian,1,837,NLL,0.8347187042236328,0.9213802218437195
Single Gaussian,1,838,NLL,0.8354458808898926,0.9213935732841492
Single Gaussian,1,839,NLL,0.8376081585884094,0.9213887453079224
Single Gaussian,1,840,NLL,0.8383769989013672,0.9214226603507996
Single Gaussian,1,841,NLL,0.841201663017273,0.9214054942131042
Single Gaussian,1,842,NLL,0.8365273475646973,0.9214422106742859
Single Gaussian,1,843,NLL,0.8342962265014648,0.9213946461677551
Single Gaussian,1,844,NLL,0.83549964427948,0.921384871006012
Single Gaussian,1,845,NLL,0.8362566232681274,0.9213877320289612
Single Gaussian,1,846,NLL,0.8356744647026062,0.9213881492614746
Single Gaussian,1,847,NLL,0.8340782523155212,0.9214112162590027
Single Gaussian,1,848,NLL,0.8352798223495483,0.9213985800743103
Single Gaussian,1,849,NLL,0.8362195491790771,0.9213827848434448
Single Gaussian,1,850,NLL,0.8340620398521423,0.9213771820068359
Single Gaussian,1,851,NLL,0.8345571160316467,0.921381950378418
Single Gaussian,1,852,NLL,0.8356656432151794,0.9213930368423462
Single Gaussian,1,853,NLL,0.8344409465789795,0.9213919639587402
Single Gaussian,1,854,NLL,0.8344740271568298,0.9213890433311462
Single Gaussian,1,855,NLL,0.8345702886581421,0.9213724732398987
Single Gaussian,1,856,NLL,0.8345435857772827,0.9213780760765076
Single Gaussian,1,857,NLL,0.834568202495575,0.9213860630989075
Single Gaussian,1,858,NLL,0.8338841795921326,0.9213754534721375
Single Gaussian,1,859,NLL,0.8346208333969116,0.9213740229606628
Single Gaussian,1,860,NLL,0.8345394134521484,0.9213719964027405
Single Gaussian,1,861,NLL,0.833674967288971,0.9213722944259644
Single Gaussian,1,862,NLL,0.8344904780387878,0.9213719367980957
Single Gaussian,1,863,NLL,0.8344317078590393,0.9213694930076599
Single Gaussian,1,864,NLL,0.8339052796363831,0.921379029750824
Single Gaussian,1,865,NLL,0.8342104554176331,0.9213708639144897
Single Gaussian,1,866,NLL,0.8342435956001282,0.9213705658912659
Single Gaussian,1,867,NLL,0.8340639472007751,0.9213736057281494
Single Gaussian,1,868,NLL,0.8338516354560852,0.9213695526123047
Single Gaussian,1,869,NLL,0.8341099619865417,0.9213717579841614
Single Gaussian,1,870,NLL,0.8340215086936951,0.9213709831237793
Single Gaussian,1,871,NLL,0.8335865139961243,0.921368420124054
Single Gaussian,1,872,NLL,0.8339532017707825,0.921366274356842
Single Gaussian,1,873,NLL,0.8338123559951782,0.9213685989379883
Single Gaussian,1,874,NLL,0.8335238695144653,0.9213688373565674
Single Gaussian,1,875,NLL,0.8337870836257935,0.9213650822639465
Single Gaussian,1,876,NLL,0.8336544632911682,0.9213684797286987
Single Gaussian,1,877,NLL,0.8335691690444946,0.921366274356842
Single Gaussian,1,878,NLL,0.8335936069488525,0.9213648438453674
Single Gaussian,1,879,NLL,0.8335885405540466,0.9213654398918152
Single Gaussian,1,880,NLL,0.8335848450660706,0.9213649034500122
Single Gaussian,1,881,NLL,0.8334602117538452,0.9213653206825256
Single Gaussian,1,882,NLL,0.8335690498352051,0.9213639497756958
Single Gaussian,1,883,NLL,0.8335381150245667,0.9213660955429077
Single Gaussian,1,884,NLL,0.8334059715270996,0.921363890171051
Single Gaussian,1,885,NLL,0.8335086703300476,0.9213636517524719
Single Gaussian,1,886,NLL,0.8334711790084839,0.9213641881942749
Single Gaussian,1,887,NLL,0.8334069848060608,0.9213638305664062
Single Gaussian,1,888,NLL,0.8334269523620605,0.9213629364967346
Single Gaussian,1,889,NLL,0.8334200382232666,0.9213613867759705
Single Gaussian,1,890,NLL,0.8334017395973206,0.9213629961013794
Single Gaussian,1,891,NLL,0.8333490490913391,0.9213607907295227
Single Gaussian,1,892,NLL,0.8333747982978821,0.9213606119155884
Single Gaussian,1,893,NLL,0.8333683609962463,0.9213618636131287
Single Gaussian,1,894,NLL,0.8333014845848083,0.9213606119155884
Single Gaussian,1,895,NLL,0.8333300948143005,0.9213608503341675
Single Gaussian,1,896,NLL,0.8333216905593872,0.921360969543457
Single Gaussian,1,897,NLL,0.8332793116569519,0.9213606119155884
Single Gaussian,1,898,NLL,0.8332828283309937,0.9213588237762451
Single Gaussian,1,899,NLL,0.8332738280296326,0.9213594794273376
Single Gaussian,1,900,NLL,0.8332613706588745,0.9213587045669556
Single Gaussian,1,901,NLL,0.8332391381263733,0.9213584065437317
Single Gaussian,1,902,NLL,0.8332331776618958,0.9213589429855347
Single Gaussian,1,903,NLL,0.8332359790802002,0.9213587045669556
Single Gaussian,1,904,NLL,0.8332057595252991,0.9213585257530212
Single Gaussian,1,905,NLL,0.8331980109214783,0.9213573336601257
Single Gaussian,1,906,NLL,0.8332000374794006,0.921357274055481
Single Gaussian,1,907,NLL,0.8331770896911621,0.921356201171875
Single Gaussian,1,908,NLL,0.8331667184829712,0.9213562607765198
Single Gaussian,1,909,NLL,0.8331601619720459,0.9213563799858093
Single Gaussian,1,910,NLL,0.833149254322052,0.9213571548461914
Single Gaussian,1,911,NLL,0.833137035369873,0.9213559627532959
Single Gaussian,1,912,NLL,0.8331230282783508,0.9213554859161377
Single Gaussian,1,913,NLL,0.8331189155578613,0.9213547706604004
Single Gaussian,1,914,NLL,0.8331076502799988,0.9213539958000183
Single Gaussian,1,915,NLL,0.8330914378166199,0.9213542938232422
Single Gaussian,1,916,NLL,0.8330863118171692,0.921354353427887
Single Gaussian,1,917,NLL,0.8330762982368469,0.9213535189628601
Single Gaussian,1,918,NLL,0.8330627083778381,0.921352744102478
Single Gaussian,1,919,NLL,0.8330530524253845,0.9213525652885437
Single Gaussian,1,920,NLL,0.833043098449707,0.9213520288467407
Single Gaussian,1,921,NLL,0.8330335021018982,0.9213523268699646
Single Gaussian,1,922,NLL,0.8330216407775879,0.9213522672653198
Single Gaussian,1,923,NLL,0.8330100178718567,0.9213522672653198
Single Gaussian,1,924,NLL,0.8330028057098389,0.9213516712188721
Single Gaussian,1,925,NLL,0.8329919576644897,0.921351969242096
Single Gaussian,1,926,NLL,0.8329805731773376,0.9213511347770691
Single Gaussian,1,927,NLL,0.8329718708992004,0.92135089635849
Single Gaussian,1,928,NLL,0.8329616189002991,0.9213498830795288
Single Gaussian,1,929,NLL,0.832951009273529,0.9213504195213318
Single Gaussian,1,930,NLL,0.832940936088562,0.9213494062423706
Single Gaussian,1,931,NLL,0.8329310417175293,0.9213504195213318
Single Gaussian,1,932,NLL,0.8329215049743652,0.9213489890098572
Single Gaussian,1,933,NLL,0.8329107761383057,0.9213495254516602
Single Gaussian,1,934,NLL,0.8329018354415894,0.9213476181030273
Single Gaussian,1,935,NLL,0.8328951001167297,0.921349048614502
Single Gaussian,1,936,NLL,0.832888126373291,0.9213467836380005
Single Gaussian,1,937,NLL,0.8328823447227478,0.9213495850563049
Single Gaussian,1,938,NLL,0.832879900932312,0.9213467240333557
Single Gaussian,1,939,NLL,0.8328827023506165,0.921352744102478
Single Gaussian,1,940,NLL,0.8328927755355835,0.9213484525680542
Single Gaussian,1,941,NLL,0.8329141139984131,0.9213607311248779
Single Gaussian,1,942,NLL,0.8329525589942932,0.9213555455207825
Single Gaussian,1,943,NLL,0.8330180644989014,0.9213786125183105
Single Gaussian,1,944,NLL,0.8331165909767151,0.9213746786117554
Single Gaussian,1,945,NLL,0.8332486152648926,0.9214156270027161
Single Gaussian,1,946,NLL,0.83338463306427,0.9214062690734863
Single Gaussian,1,947,NLL,0.8334747552871704,0.9214540719985962
Single Gaussian,1,948,NLL,0.8334301710128784,0.9214112758636475
Single Gaussian,1,949,NLL,0.8332295417785645,0.9214219450950623
Single Gaussian,1,950,NLL,0.8329548239707947,0.9213590621948242
Single Gaussian,1,951,NLL,0.8327671885490417,0.9213496446609497
Single Gaussian,1,952,NLL,0.8327587842941284,0.9213493466377258
Single Gaussian,1,953,NLL,0.8328788876533508,0.9213542342185974
Single Gaussian,1,954,NLL,0.8329991102218628,0.9213901162147522
Single Gaussian,1,955,NLL,0.8330035209655762,0.921370267868042
Single Gaussian,1,956,NLL,0.8328881859779358,0.9213744401931763
Single Gaussian,1,957,NLL,0.8327444791793823,0.9213453531265259
Single Gaussian,1,958,NLL,0.8326817154884338,0.9213414192199707
Single Gaussian,1,959,NLL,0.8327188491821289,0.9213498830795288
Single Gaussian,1,960,NLL,0.8327893614768982,0.9213519096374512
Single Gaussian,1,961,NLL,0.8328136801719666,0.9213674068450928
Single Gaussian,1,962,NLL,0.832764208316803,0.9213511943817139
Single Gaussian,1,963,NLL,0.8326837420463562,0.9213505983352661
Single Gaussian,1,964,NLL,0.8326315879821777,0.9213406443595886
Single Gaussian,1,965,NLL,0.8326336741447449,0.9213406443595886
Single Gaussian,1,966,NLL,0.8326663970947266,0.9213504195213318
Single Gaussian,1,967,NLL,0.8326849937438965,0.9213471412658691
Single Gaussian,1,968,NLL,0.8326682448387146,0.9213544130325317
Single Gaussian,1,969,NLL,0.8326248526573181,0.921343207359314
Single Gaussian,1,970,NLL,0.8325856924057007,0.9213430285453796
Single Gaussian,1,971,NLL,0.8325719237327576,0.9213410019874573
Single Gaussian,1,972,NLL,0.8325805068016052,0.9213400483131409
Single Gaussian,1,973,NLL,0.8325930237770081,0.921347975730896
Single Gaussian,1,974,NLL,0.8325904607772827,0.9213427305221558
Single Gaussian,1,975,NLL,0.8325701355934143,0.9213474988937378
Single Gaussian,1,976,NLL,0.8325433135032654,0.9213398694992065
Single Gaussian,1,977,NLL,0.832522988319397,0.9213395118713379
Single Gaussian,1,978,NLL,0.832516074180603,0.9213391542434692
Single Gaussian,1,979,NLL,0.8325176239013672,0.921337902545929
Single Gaussian,1,980,NLL,0.8325185775756836,0.9213439226150513
Single Gaussian,1,981,NLL,0.8325119614601135,0.9213394522666931
Single Gaussian,1,982,NLL,0.8324978351593018,0.9213433861732483
Single Gaussian,1,983,NLL,0.8324806094169617,0.9213381409645081
Single Gaussian,1,984,NLL,0.832466185092926,0.9213379621505737
Single Gaussian,1,985,NLL,0.8324585556983948,0.9213371872901917
Single Gaussian,1,986,NLL,0.8324549794197083,0.9213363528251648
Single Gaussian,1,987,NLL,0.8324517607688904,0.9213394522666931
Single Gaussian,1,988,NLL,0.832446277141571,0.9213367700576782
Single Gaussian,1,989,NLL,0.8324371576309204,0.9213398694992065
Single Gaussian,1,990,NLL,0.8324254751205444,0.9213358163833618
Single Gaussian,1,991,NLL,0.8324146866798401,0.9213371276855469
Single Gaussian,1,992,NLL,0.832405149936676,0.9213356971740723
Single Gaussian,1,993,NLL,0.8323970437049866,0.9213360548019409
Single Gaussian,1,994,NLL,0.8323903679847717,0.9213369488716125
Single Gaussian,1,995,NLL,0.832385241985321,0.9213352203369141
Single Gaussian,1,996,NLL,0.8323796987533569,0.9213364720344543
Single Gaussian,1,997,NLL,0.8323729038238525,0.9213336706161499
Single Gaussian,1,998,NLL,0.8323646187782288,0.9213358759880066
Single Gaussian,1,999,NLL,0.8323552012443542,0.9213337302207947
Single Gaussian,1,1000,NLL,0.8323457837104797,0.9213356375694275
MDN,2,1,NLL,3.3162479400634766,1.064306616783142
MDN,2,2,NLL,2.7287020683288574,1.0589752197265625
MDN,2,3,NLL,2.3734092712402344,1.054518222808838
MDN,2,4,NLL,2.1556954383850098,1.0496468544006348
MDN,2,5,NLL,2.0161473751068115,1.043979525566101
MDN,2,6,NLL,1.9250848293304443,1.037369966506958
MDN,2,7,NLL,1.8634922504425049,1.0300993919372559
MDN,2,8,NLL,1.818353295326233,1.0224552154541016
MDN,2,9,NLL,1.780665636062622,1.0145206451416016
MDN,2,10,NLL,1.744370937347412,1.006453037261963
MDN,2,11,NLL,1.706022024154663,0.9983830451965332
MDN,2,12,NLL,1.6651372909545898,0.9909361004829407
MDN,2,13,NLL,1.6229110956192017,0.984205961227417
MDN,2,14,NLL,1.5808465480804443,0.9784217476844788
MDN,2,15,NLL,1.5403246879577637,0.973736584186554
MDN,2,16,NLL,1.502711534500122,0.9704786539077759
MDN,2,17,NLL,1.468922734260559,0.9687600135803223
MDN,2,18,NLL,1.4395098686218262,0.9686295390129089
MDN,2,19,NLL,1.4135634899139404,0.9697415828704834
MDN,2,20,NLL,1.3902983665466309,0.9716345071792603
MDN,2,21,NLL,1.3686606884002686,0.9737868309020996
MDN,2,22,NLL,1.347802996635437,0.975701093673706
MDN,2,23,NLL,1.3272844552993774,0.977005124092102
MDN,2,24,NLL,1.3069409132003784,0.9775248765945435
MDN,2,25,NLL,1.2867910861968994,0.9773402810096741
MDN,2,26,NLL,1.2668102979660034,0.9766672849655151
MDN,2,27,NLL,1.2469487190246582,0.9756450653076172
MDN,2,28,NLL,1.22699773311615,0.9744829535484314
MDN,2,29,NLL,1.2069026231765747,0.9734222292900085
MDN,2,30,NLL,1.1872038841247559,0.9726305603981018
MDN,2,31,NLL,1.1680675745010376,0.9721248149871826
MDN,2,32,NLL,1.1496740579605103,0.9718309044837952
MDN,2,33,NLL,1.1319429874420166,0.9715327620506287
MDN,2,34,NLL,1.114633560180664,0.9709559679031372
MDN,2,35,NLL,1.097522258758545,0.9698305726051331
MDN,2,36,NLL,1.0805597305297852,0.967926561832428
MDN,2,37,NLL,1.0638620853424072,0.9650884866714478
MDN,2,38,NLL,1.0476142168045044,0.9612599015235901
MDN,2,39,NLL,1.0317426919937134,0.9564940333366394
MDN,2,40,NLL,1.0160176753997803,0.9511039853096008
MDN,2,41,NLL,1.000145435333252,0.9457619786262512
MDN,2,42,NLL,0.984006404876709,0.9412959218025208
MDN,2,43,NLL,0.9678349494934082,0.9384101629257202
MDN,2,44,NLL,0.9529052972793579,0.937381386756897
MDN,2,45,NLL,0.9398661851882935,0.9379829168319702
MDN,2,46,NLL,0.9280438423156738,0.9395126104354858
MDN,2,47,NLL,0.9164625406265259,0.9410529136657715
MDN,2,48,NLL,0.9039122462272644,0.941982626914978
MDN,2,49,NLL,0.8897950053215027,0.9420334696769714
MDN,2,50,NLL,0.8743070363998413,0.9412965774536133
MDN,2,51,NLL,0.8582279086112976,0.9400008320808411
MDN,2,52,NLL,0.8425906300544739,0.9383662939071655
MDN,2,53,NLL,0.828329861164093,0.9366092681884766
MDN,2,54,NLL,0.8157603144645691,0.9348845481872559
MDN,2,55,NLL,0.8041648268699646,0.9333474636077881
MDN,2,56,NLL,0.7919716835021973,0.9321836233139038
MDN,2,57,NLL,0.7778106927871704,0.9316381812095642
MDN,2,58,NLL,0.7616902589797974,0.9319962859153748
MDN,2,59,NLL,0.7450219988822937,0.9335573315620422
MDN,2,60,NLL,0.7295342087745667,0.9364429116249084
MDN,2,61,NLL,0.7158582806587219,0.9403744339942932
MDN,2,62,NLL,0.7030265927314758,0.9445708394050598
MDN,2,63,NLL,0.6893410682678223,0.9480368494987488
MDN,2,64,NLL,0.6740199327468872,0.9502369165420532
MDN,2,65,NLL,0.6581488251686096,0.9514850974082947
MDN,2,66,NLL,0.6438102126121521,0.9526771903038025
MDN,2,67,NLL,0.6316584348678589,0.9546558260917664
MDN,2,68,NLL,0.6197206974029541,0.9577622413635254
MDN,2,69,NLL,0.6061477065086365,0.9617791175842285
MDN,2,70,NLL,0.592086672782898,0.9662476778030396
MDN,2,71,NLL,0.5795252323150635,0.9704005122184753
MDN,2,72,NLL,0.5675947666168213,0.9732800722122192
MDN,2,73,NLL,0.55385422706604,0.9745424389839172
MDN,2,74,NLL,0.539033055305481,0.974800705909729
MDN,2,75,NLL,0.5257205367088318,0.9750336408615112
MDN,2,76,NLL,0.5127453207969666,0.9758068323135376
MDN,2,77,NLL,0.4981534481048584,0.9767306447029114
MDN,2,78,NLL,0.4830719530582428,0.9770243167877197
MDN,2,79,NLL,0.46865135431289673,0.9761097431182861
MDN,2,80,NLL,0.453590989112854,0.9740848541259766
MDN,2,81,NLL,0.43743953108787537,0.9720560908317566
MDN,2,82,NLL,0.4218243360519409,0.971047043800354
MDN,2,83,NLL,0.40610113739967346,0.97090744972229
MDN,2,84,NLL,0.3897588551044464,0.970498263835907
MDN,2,85,NLL,0.37341994047164917,0.9690597057342529
MDN,2,86,NLL,0.357504278421402,0.9670612215995789
MDN,2,87,NLL,0.3415454030036926,0.9659051895141602
MDN,2,88,NLL,0.3258814513683319,0.9659395217895508
MDN,2,89,NLL,0.31145042181015015,0.9659224152565002
MDN,2,90,NLL,0.29673776030540466,0.9643327593803406
MDN,2,91,NLL,0.28265929222106934,0.961916983127594
MDN,2,92,NLL,0.26842841506004333,0.9605193138122559
MDN,2,93,NLL,0.25354498624801636,0.9597707986831665
MDN,2,94,NLL,0.2390650361776352,0.958620011806488
MDN,2,95,NLL,0.22453851997852325,0.9566957950592041
MDN,2,96,NLL,0.20962263643741608,0.9551863074302673
MDN,2,97,NLL,0.195815309882164,0.9540102481842041
MDN,2,98,NLL,0.18296800553798676,0.9526296257972717
MDN,2,99,NLL,0.17090517282485962,0.9522616863250732
MDN,2,100,NLL,0.15836331248283386,0.9518151879310608
MDN,2,101,NLL,0.14472122490406036,0.949421226978302
MDN,2,102,NLL,0.13073378801345825,0.9489542245864868
MDN,2,103,NLL,0.1171809732913971,0.9477179050445557
MDN,2,104,NLL,0.10513502359390259,0.9459050893783569
MDN,2,105,NLL,0.09423993527889252,0.9444550275802612
MDN,2,106,NLL,0.08527176082134247,0.9410523772239685
MDN,2,107,NLL,0.07774662971496582,0.9394975304603577
MDN,2,108,NLL,0.06682101637125015,0.9369266629219055
MDN,2,109,NLL,0.052484020590782166,0.9361133575439453
MDN,2,110,NLL,0.043085332959890366,0.9339736700057983
MDN,2,111,NLL,0.036644089967012405,0.9332482814788818
MDN,2,112,NLL,0.029400158673524857,0.9337376952171326
MDN,2,113,NLL,0.019297756254673004,0.9318276643753052
MDN,2,114,NLL,0.009371883235871792,0.9318395853042603
MDN,2,115,NLL,0.004790930543094873,0.9314225912094116
MDN,2,116,NLL,-0.0012370486510917544,0.9291548132896423
MDN,2,117,NLL,-0.010853162966668606,0.9284340739250183
MDN,2,118,NLL,-0.017225174233317375,0.9271978139877319
MDN,2,119,NLL,-0.022218212485313416,0.9254492521286011
MDN,2,120,NLL,-0.02915041148662567,0.9250931143760681
MDN,2,121,NLL,-0.033680260181427,0.9246230721473694
MDN,2,122,NLL,-0.03632802516222,0.9238869547843933
MDN,2,123,NLL,-0.04163908213376999,0.9240959882736206
MDN,2,124,NLL,-0.04840674251317978,0.9236828088760376
MDN,2,125,NLL,-0.052152495831251144,0.9233880043029785
MDN,2,126,NLL,-0.05553675442934036,0.9235886335372925
MDN,2,127,NLL,-0.06164146214723587,0.9230862259864807
MDN,2,128,NLL,-0.06670035421848297,0.9231069087982178
MDN,2,129,NLL,-0.06850545108318329,0.9232133030891418
MDN,2,130,NLL,-0.0705360472202301,0.9232358932495117
MDN,2,131,NLL,-0.07463565468788147,0.9233760237693787
MDN,2,132,NLL,-0.0773547887802124,0.9234321713447571
MDN,2,133,NLL,-0.07412160933017731,0.9236345887184143
MDN,2,134,NLL,-0.06911364197731018,0.9237233996391296
MDN,2,135,NLL,-0.0766255334019661,0.9239122271537781
MDN,2,136,NLL,-0.08455628156661987,0.9240080714225769
MDN,2,137,NLL,-0.08317685127258301,0.9240795373916626
MDN,2,138,NLL,-0.09234125912189484,0.9243986010551453
MDN,2,139,NLL,-0.09500838816165924,0.924335241317749
MDN,2,140,NLL,-0.09013407677412033,0.9242457747459412
MDN,2,141,NLL,-0.10055702924728394,0.9244105219841003
MDN,2,142,NLL,-0.10331341624259949,0.9244005680084229
MDN,2,143,NLL,-0.09925607591867447,0.9243084788322449
MDN,2,144,NLL,-0.10760358721017838,0.9245023131370544
MDN,2,145,NLL,-0.10906663537025452,0.924662709236145
MDN,2,146,NLL,-0.10722289234399796,0.9243872165679932
MDN,2,147,NLL,-0.11435048282146454,0.9245398044586182
MDN,2,148,NLL,-0.11452510952949524,0.9245733022689819
MDN,2,149,NLL,-0.11384247988462448,0.9242796301841736
MDN,2,150,NLL,-0.1197582483291626,0.9243737459182739
MDN,2,151,NLL,-0.12018339335918427,0.9243685007095337
MDN,2,152,NLL,-0.120174840092659,0.9241903424263
MDN,2,153,NLL,-0.12470752745866776,0.9242933392524719
MDN,2,154,NLL,-0.12541070580482483,0.9242259860038757
MDN,2,155,NLL,-0.12544460594654083,0.9240517616271973
MDN,2,156,NLL,-0.12934638559818268,0.9240269064903259
MDN,2,157,NLL,-0.13076554238796234,0.9239806532859802
MDN,2,158,NLL,-0.13069789111614227,0.9238625168800354
MDN,2,159,NLL,-0.13347800076007843,0.9238899350166321
MDN,2,160,NLL,-0.1355840563774109,0.9238423109054565
MDN,2,161,NLL,-0.1355893760919571,0.9237581491470337
MDN,2,162,NLL,-0.13713406026363373,0.9237958788871765
MDN,2,163,NLL,-0.13952749967575073,0.9236705303192139
MDN,2,164,NLL,-0.1400907039642334,0.9236495494842529
MDN,2,165,NLL,-0.14039263129234314,0.9236199855804443
MDN,2,166,NLL,-0.14169159531593323,0.9236125946044922
MDN,2,167,NLL,-0.14168651401996613,0.9235430955886841
MDN,2,168,NLL,-0.13864047825336456,0.9236860275268555
MDN,2,169,NLL,-0.13445767760276794,0.9234910011291504
MDN,2,170,NLL,-0.1336977779865265,0.9236128330230713
MDN,2,171,NLL,-0.13788963854312897,0.9234142899513245
MDN,2,172,NLL,-0.144334077835083,0.9234800338745117
MDN,2,173,NLL,-0.14987459778785706,0.9234978556632996
MDN,2,174,NLL,-0.14968371391296387,0.9233953952789307
MDN,2,175,NLL,-0.14534437656402588,0.9234409928321838
MDN,2,176,NLL,-0.1476384401321411,0.923395574092865
MDN,2,177,NLL,-0.15516194701194763,0.9233684539794922
MDN,2,178,NLL,-0.15572567284107208,0.9233418107032776
MDN,2,179,NLL,-0.1532174050807953,0.9233278632164001
MDN,2,180,NLL,-0.1551143229007721,0.923335611820221
MDN,2,181,NLL,-0.1577431857585907,0.9232629537582397
MDN,2,182,NLL,-0.15964709222316742,0.9233300089836121
MDN,2,183,NLL,-0.16145645081996918,0.9232528209686279
MDN,2,184,NLL,-0.16099655628204346,0.9231964945793152
MDN,2,185,NLL,-0.16108915209770203,0.9232942461967468
MDN,2,186,NLL,-0.16453343629837036,0.9231911301612854
MDN,2,187,NLL,-0.16678601503372192,0.9232010841369629
MDN,2,188,NLL,-0.16611573100090027,0.9232702255249023
MDN,2,189,NLL,-0.166581392288208,0.923167884349823
MDN,2,190,NLL,-0.16871057450771332,0.9232177138328552
MDN,2,191,NLL,-0.170068621635437,0.9232069253921509
MDN,2,192,NLL,-0.17103585600852966,0.9231981635093689
MDN,2,193,NLL,-0.17227475345134735,0.923253059387207
MDN,2,194,NLL,-0.1728481650352478,0.923254668712616
MDN,2,195,NLL,-0.1732437163591385,0.9232929348945618
MDN,2,196,NLL,-0.17477655410766602,0.923302412033081
MDN,2,197,NLL,-0.17668792605400085,0.9232929944992065
MDN,2,198,NLL,-0.1776258945465088,0.9232816100120544
MDN,2,199,NLL,-0.17807993292808533,0.9232969880104065
MDN,2,200,NLL,-0.17901282012462616,0.9232667088508606
MDN,2,201,NLL,-0.18015214800834656,0.9232340455055237
MDN,2,202,NLL,-0.18099345266819,0.9232529401779175
MDN,2,203,NLL,-0.18185481429100037,0.9231671690940857
MDN,2,204,NLL,-0.18316303193569183,0.9231733679771423
MDN,2,205,NLL,-0.1845918446779251,0.923081636428833
MDN,2,206,NLL,-0.18569715321063995,0.9230281114578247
MDN,2,207,NLL,-0.18659131228923798,0.9229772090911865
MDN,2,208,NLL,-0.1875716596841812,0.9229042530059814
MDN,2,209,NLL,-0.18867658078670502,0.9228657484054565
MDN,2,210,NLL,-0.1897016018629074,0.9227887988090515
MDN,2,211,NLL,-0.19052651524543762,0.9227345585823059
MDN,2,212,NLL,-0.1911742091178894,0.9226597547531128
MDN,2,213,NLL,-0.19170743227005005,0.9226080179214478
MDN,2,214,NLL,-0.19188599288463593,0.9225212335586548
MDN,2,215,NLL,-0.19108037650585175,0.9224944114685059
MDN,2,216,NLL,-0.18803435564041138,0.9223793148994446
MDN,2,217,NLL,-0.18152226507663727,0.9224075078964233
MDN,2,218,NLL,-0.17265252768993378,0.9222619533538818
MDN,2,219,NLL,-0.17052768170833588,0.9223012328147888
MDN,2,220,NLL,-0.18030241131782532,0.9221988916397095
MDN,2,221,NLL,-0.19437167048454285,0.9222052693367004
MDN,2,222,NLL,-0.19811826944351196,0.922217607498169
MDN,2,223,NLL,-0.19177579879760742,0.9221058487892151
MDN,2,224,NLL,-0.18855996429920197,0.9221214056015015
MDN,2,225,NLL,-0.19644765555858612,0.9221312403678894
MDN,2,226,NLL,-0.2042814940214157,0.9220517873764038
MDN,2,227,NLL,-0.19978322088718414,0.9220291972160339
MDN,2,228,NLL,-0.1959233283996582,0.9220557808876038
MDN,2,229,NLL,-0.20358583331108093,0.9219790697097778
MDN,2,230,NLL,-0.20807558298110962,0.9219537973403931
MDN,2,231,NLL,-0.2038225680589676,0.9219788908958435
MDN,2,232,NLL,-0.2040451616048813,0.9219099283218384
MDN,2,233,NLL,-0.2091461420059204,0.921884298324585
MDN,2,234,NLL,-0.2103426456451416,0.9218844175338745
MDN,2,235,NLL,-0.20954443514347076,0.9218228459358215
MDN,2,236,NLL,-0.2105720341205597,0.9217875003814697
MDN,2,237,NLL,-0.21218889951705933,0.9217807054519653
MDN,2,238,NLL,-0.2141299843788147,0.9217561483383179
MDN,2,239,NLL,-0.21542775630950928,0.9217251539230347
MDN,2,240,NLL,-0.2149655669927597,0.9217149019241333
MDN,2,241,NLL,-0.21561859548091888,0.9217079281806946
MDN,2,242,NLL,-0.2184746265411377,0.9216826558113098
MDN,2,243,NLL,-0.21980278193950653,0.9216622710227966
MDN,2,244,NLL,-0.2190847545862198,0.9216610193252563
MDN,2,245,NLL,-0.2197464108467102,0.9216516613960266
MDN,2,246,NLL,-0.22190341353416443,0.9216264486312866
MDN,2,247,NLL,-0.22303129732608795,0.9216271638870239
MDN,2,248,NLL,-0.2232542484998703,0.9216333627700806
MDN,2,249,NLL,-0.2240523248910904,0.9216319918632507
MDN,2,250,NLL,-0.22506830096244812,0.9216176867485046
MDN,2,251,NLL,-0.22561998665332794,0.9216384887695312
MDN,2,252,NLL,-0.22636501491069794,0.9216552376747131
MDN,2,253,NLL,-0.2277015745639801,0.9216611385345459
MDN,2,254,NLL,-0.22881460189819336,0.9216681718826294
MDN,2,255,NLL,-0.2292131930589676,0.9216816425323486
MDN,2,256,NLL,-0.2294723093509674,0.9216926693916321
MDN,2,257,NLL,-0.23011313378810883,0.9216961860656738
MDN,2,258,NLL,-0.23090510070323944,0.9216992259025574
MDN,2,259,NLL,-0.2315077930688858,0.9216896295547485
MDN,2,260,NLL,-0.2320321947336197,0.9217010736465454
MDN,2,261,NLL,-0.23275074362754822,0.9216891527175903
MDN,2,262,NLL,-0.23356056213378906,0.9217023253440857
MDN,2,263,NLL,-0.23415949940681458,0.9217001795768738
MDN,2,264,NLL,-0.23444323241710663,0.9217126369476318
MDN,2,265,NLL,-0.23449400067329407,0.9217217564582825
MDN,2,266,NLL,-0.23424725234508514,0.9217289686203003
MDN,2,267,NLL,-0.23322468996047974,0.9217345118522644
MDN,2,268,NLL,-0.23049311339855194,0.9217471480369568
MDN,2,269,NLL,-0.22502033412456512,0.9217383861541748
MDN,2,270,NLL,-0.2164841890335083,0.9217723608016968
MDN,2,271,NLL,-0.20976673066616058,0.921738862991333
MDN,2,272,NLL,-0.2132382094860077,0.9217705130577087
MDN,2,273,NLL,-0.22917905449867249,0.92170649766922
MDN,2,274,NLL,-0.23994117975234985,0.92171710729599
MDN,2,275,NLL,-0.23503544926643372,0.9217166304588318
MDN,2,276,NLL,-0.22612318396568298,0.9216922521591187
MDN,2,277,NLL,-0.22842377424240112,0.9216960668563843
MDN,2,278,NLL,-0.23886744678020477,0.9216448068618774
MDN,2,279,NLL,-0.2410176694393158,0.9216466546058655
MDN,2,280,NLL,-0.23452235758304596,0.921649158000946
MDN,2,281,NLL,-0.23339615762233734,0.9216106534004211
MDN,2,282,NLL,-0.24001795053482056,0.9216116070747375
MDN,2,283,NLL,-0.24298931658267975,0.9215876460075378
MDN,2,284,NLL,-0.238996684551239,0.921562671661377
MDN,2,285,NLL,-0.23742243647575378,0.9215807318687439
MDN,2,286,NLL,-0.2417169064283371,0.9215540289878845
MDN,2,287,NLL,-0.24417267739772797,0.9215401411056519
MDN,2,288,NLL,-0.24186141788959503,0.9215456247329712
MDN,2,289,NLL,-0.24062688648700714,0.9215222597122192
MDN,2,290,NLL,-0.2430839240550995,0.9215262532234192
MDN,2,291,NLL,-0.24509036540985107,0.9215221405029297
MDN,2,292,NLL,-0.24416106939315796,0.9214934706687927
MDN,2,293,NLL,-0.24305324256420135,0.921501636505127
MDN,2,294,NLL,-0.24410875141620636,0.921501100063324
MDN,2,295,NLL,-0.24581991136074066,0.921471118927002
MDN,2,296,NLL,-0.24596694111824036,0.9214680194854736
MDN,2,297,NLL,-0.24504990875720978,0.9214653968811035
MDN,2,298,NLL,-0.245075523853302,0.9214550256729126
MDN,2,299,NLL,-0.24633724987506866,0.9214547872543335
MDN,2,300,NLL,-0.24717646837234497,0.9214311838150024
MDN,2,301,NLL,-0.2467714250087738,0.9214292764663696
MDN,2,302,NLL,-0.24628739058971405,0.9214434623718262
MDN,2,303,NLL,-0.24680347740650177,0.9214199781417847
MDN,2,304,NLL,-0.24773193895816803,0.9214134812355042
MDN,2,305,NLL,-0.24802806973457336,0.9214097857475281
MDN,2,306,NLL,-0.2477361559867859,0.9214001893997192
MDN,2,307,NLL,-0.2476090043783188,0.9214022159576416
MDN,2,308,NLL,-0.24798540771007538,0.9213853478431702
MDN,2,309,NLL,-0.24855229258537292,0.9213741421699524
MDN,2,310,NLL,-0.24885886907577515,0.9213702082633972
MDN,2,311,NLL,-0.24880975484848022,0.9213581085205078
MDN,2,312,NLL,-0.24869687855243683,0.9213514924049377
MDN,2,313,NLL,-0.24884217977523804,0.9213395118713379
MDN,2,314,NLL,-0.2492327094078064,0.9213286638259888
MDN,2,315,NLL,-0.24958205223083496,0.9213171601295471
MDN,2,316,NLL,-0.24970945715904236,0.9213083386421204
MDN,2,317,NLL,-0.24969607591629028,0.9212954640388489
MDN,2,318,NLL,-0.24971123039722443,0.9212856888771057
MDN,2,319,NLL,-0.24983572959899902,0.9212781190872192
MDN,2,320,NLL,-0.25005289912223816,0.9212644100189209
MDN,2,321,NLL,-0.25029805302619934,0.9212581515312195
MDN,2,322,NLL,-0.2504845857620239,0.9212456345558167
MDN,2,323,NLL,-0.250567227602005,0.9212366938591003
MDN,2,324,NLL,-0.25059157609939575,0.9212325215339661
MDN,2,325,NLL,-0.2506335377693176,0.9212214350700378
MDN,2,326,NLL,-0.2507272958755493,0.9212170839309692
MDN,2,327,NLL,-0.25086432695388794,0.9212084412574768
MDN,2,328,NLL,-0.2510232925415039,0.9212031364440918
MDN,2,329,NLL,-0.2511851489543915,0.9211997985839844
MDN,2,330,NLL,-0.2513268291950226,0.9211977124214172
MDN,2,331,NLL,-0.25143352150917053,0.9211961030960083
MDN,2,332,NLL,-0.2515115439891815,0.9211952090263367
MDN,2,333,NLL,-0.2515780031681061,0.9211937785148621
MDN,2,334,NLL,-0.2516420781612396,0.9211910963058472
MDN,2,335,NLL,-0.25170397758483887,0.9211918115615845
MDN,2,336,NLL,-0.2517685890197754,0.9211855530738831
MDN,2,337,NLL,-0.25184139609336853,0.9211875796318054
MDN,2,338,NLL,-0.2519201934337616,0.9211797714233398
MDN,2,339,NLL,-0.2519974112510681,0.921179473400116
MDN,2,340,NLL,-0.25206902623176575,0.9211719632148743
MDN,2,341,NLL,-0.2521360516548157,0.9211701154708862
MDN,2,342,NLL,-0.2521916925907135,0.9211623072624207
MDN,2,343,NLL,-0.25222766399383545,0.9211626648902893
MDN,2,344,NLL,-0.252240389585495,0.9211549162864685
MDN,2,345,NLL,-0.25221842527389526,0.921157956123352
MDN,2,346,NLL,-0.25214290618896484,0.9211509823799133
MDN,2,347,NLL,-0.2519840896129608,0.9211562275886536
MDN,2,348,NLL,-0.25170719623565674,0.9211494326591492
MDN,2,349,NLL,-0.25125449895858765,0.9211598038673401
MDN,2,350,NLL,-0.25056666135787964,0.9211522936820984
MDN,2,351,NLL,-0.24958790838718414,0.9211709499359131
MDN,2,352,NLL,-0.248356893658638,0.9211621880531311
MDN,2,353,NLL,-0.24709360301494598,0.9211838841438293
MDN,2,354,NLL,-0.2463356852531433,0.9211684465408325
MDN,2,355,NLL,-0.2467406690120697,0.9211727976799011
MDN,2,356,NLL,-0.24854284524917603,0.9211465120315552
MDN,2,357,NLL,-0.2510823905467987,0.9211345911026001
MDN,2,358,NLL,-0.25305262207984924,0.9211217761039734
MDN,2,359,NLL,-0.2535512149333954,0.921118438243866
MDN,2,360,NLL,-0.25270703434944153,0.9211248755455017
MDN,2,361,NLL,-0.25146132707595825,0.9211243391036987
MDN,2,362,NLL,-0.25084060430526733,0.9211288094520569
MDN,2,363,NLL,-0.2513159513473511,0.9211223125457764
MDN,2,364,NLL,-0.25253522396087646,0.921120822429657
MDN,2,365,NLL,-0.25363776087760925,0.9211111664772034
MDN,2,366,NLL,-0.25398120284080505,0.9211102724075317
MDN,2,367,NLL,-0.25357890129089355,0.9211112856864929
MDN,2,368,NLL,-0.2529471814632416,0.921111524105072
MDN,2,369,NLL,-0.25264233350753784,0.9211154580116272
MDN,2,370,NLL,-0.2529061734676361,0.9211087822914124
MDN,2,371,NLL,-0.2535404562950134,0.9211049675941467
MDN,2,372,NLL,-0.2541302740573883,0.9210970997810364
MDN,2,373,NLL,-0.2543613612651825,0.9210935831069946
MDN,2,374,NLL,-0.2542182505130768,0.9210940599441528
MDN,2,375,NLL,-0.2539171576499939,0.9210900068283081
MDN,2,376,NLL,-0.2537194490432739,0.9210912585258484
MDN,2,377,NLL,-0.25377094745635986,0.921084463596344
MDN,2,378,NLL,-0.25404372811317444,0.9210835695266724
MDN,2,379,NLL,-0.25439006090164185,0.9210771322250366
MDN,2,380,NLL,-0.2546500861644745,0.9210754036903381
MDN,2,381,NLL,-0.2547425925731659,0.921072244644165
MDN,2,382,NLL,-0.2546904385089874,0.9210707545280457
MDN,2,383,NLL,-0.25457999110221863,0.9210706949234009
MDN,2,384,NLL,-0.25449368357658386,0.9210683703422546
MDN,2,385,NLL,-0.2544806897640228,0.9210682511329651
MDN,2,386,NLL,-0.2545550465583801,0.9210638403892517
MDN,2,387,NLL,-0.25468742847442627,0.9210630059242249
MDN,2,388,NLL,-0.25484704971313477,0.9210582971572876
MDN,2,389,NLL,-0.25499239563941956,0.9210569262504578
MDN,2,390,NLL,-0.25510528683662415,0.921053946018219
MDN,2,391,NLL,-0.2551771104335785,0.9210523962974548
MDN,2,392,NLL,-0.2552143931388855,0.9210517406463623
MDN,2,393,NLL,-0.25522661209106445,0.9210513234138489
MDN,2,394,NLL,-0.25522536039352417,0.9210511445999146
MDN,2,395,NLL,-0.25521862506866455,0.9210506677627563
MDN,2,396,NLL,-0.25520971417427063,0.9210509657859802
MDN,2,397,NLL,-0.2551986277103424,0.9210500121116638
MDN,2,398,NLL,-0.2551797330379486,0.9210507869720459
MDN,2,399,NLL,-0.255153089761734,0.9210479259490967
MDN,2,400,NLL,-0.2551124393939972,0.9210489392280579
MDN,2,401,NLL,-0.2550533413887024,0.9210457801818848
MDN,2,402,NLL,-0.25496336817741394,0.9210475087165833
MDN,2,403,NLL,-0.25483402609825134,0.9210444092750549
MDN,2,404,NLL,-0.2546413838863373,0.9210469126701355
MDN,2,405,NLL,-0.2543778121471405,0.9210434556007385
MDN,2,406,NLL,-0.25401732325553894,0.9210466146469116
MDN,2,407,NLL,-0.2535507380962372,0.9210448265075684
MDN,2,408,NLL,-0.252974271774292,0.9210509657859802
MDN,2,409,NLL,-0.2523205578327179,0.9210485816001892
MDN,2,410,NLL,-0.2516862750053406,0.9210556149482727
MDN,2,411,NLL,-0.25124430656433105,0.9210515022277832
MDN,2,412,NLL,-0.2512221932411194,0.9210529923439026
MDN,2,413,NLL,-0.25177133083343506,0.9210450053215027
MDN,2,414,NLL,-0.25287821888923645,0.9210401773452759
MDN,2,415,NLL,-0.2542319595813751,0.9210312962532043
MDN,2,416,NLL,-0.2553994953632355,0.921027421951294
MDN,2,417,NLL,-0.25601625442504883,0.921024739742279
MDN,2,418,NLL,-0.256005197763443,0.9210243225097656
MDN,2,419,NLL,-0.25554710626602173,0.9210267663002014
MDN,2,420,NLL,-0.25495684146881104,0.9210268259048462
MDN,2,421,NLL,-0.25452932715415955,0.9210307002067566
MDN,2,422,NLL,-0.2544524073600769,0.9210280179977417
MDN,2,423,NLL,-0.2547401487827301,0.9210287928581238
MDN,2,424,NLL,-0.255268394947052,0.9210205078125
MDN,2,425,NLL,-0.25582435727119446,0.921017050743103
MDN,2,426,NLL,-0.2562098801136017,0.9210110306739807
MDN,2,427,NLL,-0.2563380300998688,0.9210078716278076
MDN,2,428,NLL,-0.2562422752380371,0.9210069179534912
MDN,2,429,NLL,-0.2560264766216278,0.9210051894187927
MDN,2,430,NLL,-0.25580909848213196,0.9210053086280823
MDN,2,431,NLL,-0.25567808747291565,0.9210039377212524
MDN,2,432,NLL,-0.25567135214805603,0.9210032820701599
MDN,2,433,NLL,-0.25578635931015015,0.9210001230239868
MDN,2,434,NLL,-0.2559763491153717,0.920998215675354
MDN,2,435,NLL,-0.2561939060688019,0.920994758605957
MDN,2,436,NLL,-0.2563875913619995,0.9209939241409302
MDN,2,437,NLL,-0.25652840733528137,0.9209909439086914
MDN,2,438,NLL,-0.25660499930381775,0.9209898114204407
MDN,2,439,NLL,-0.2566247880458832,0.9209885597229004
MDN,2,440,NLL,-0.2566031515598297,0.920987069606781
MDN,2,441,NLL,-0.25655829906463623,0.9209870100021362
MDN,2,442,NLL,-0.2565029561519623,0.920983612537384
MDN,2,443,NLL,-0.2564401924610138,0.9209817051887512
MDN,2,444,NLL,-0.25637561082839966,0.920979380607605
MDN,2,445,NLL,-0.25630882382392883,0.9209784865379333
MDN,2,446,NLL,-0.25624045729637146,0.9209761619567871
MDN,2,447,NLL,-0.2561590075492859,0.9209755063056946
MDN,2,448,NLL,-0.2560695707798004,0.9209738969802856
MDN,2,449,NLL,-0.2559638023376465,0.9209731221199036
MDN,2,450,NLL,-0.25583887100219727,0.9209704995155334
MDN,2,451,NLL,-0.2556803822517395,0.92097008228302
MDN,2,452,NLL,-0.2554890811443329,0.9209681153297424
MDN,2,453,NLL,-0.25524377822875977,0.9209687113761902
MDN,2,454,NLL,-0.25496023893356323,0.920967161655426
MDN,2,455,NLL,-0.2546450197696686,0.920968234539032
MDN,2,456,NLL,-0.2543194890022278,0.920965313911438
MDN,2,457,NLL,-0.25402355194091797,0.9209659099578857
MDN,2,458,NLL,-0.25382307171821594,0.9209627509117126
MDN,2,459,NLL,-0.2538022994995117,0.9209616780281067
MDN,2,460,NLL,-0.25400593876838684,0.9209562540054321
MDN,2,461,NLL,-0.25446006655693054,0.9209522008895874
MDN,2,462,NLL,-0.25510263442993164,0.9209468960762024
MDN,2,463,NLL,-0.2558312714099884,0.920941174030304
MDN,2,464,NLL,-0.2564808428287506,0.9209381937980652
MDN,2,465,NLL,-0.25693556666374207,0.9209359288215637
MDN,2,466,NLL,-0.2571438252925873,0.9209352731704712
MDN,2,467,NLL,-0.25712427496910095,0.920935332775116
MDN,2,468,NLL,-0.25694558024406433,0.9209364056587219
MDN,2,469,NLL,-0.25669196248054504,0.9209362864494324
MDN,2,470,NLL,-0.2564347982406616,0.9209372401237488
MDN,2,471,NLL,-0.2562323808670044,0.9209348559379578
MDN,2,472,NLL,-0.25611504912376404,0.9209352135658264
MDN,2,473,NLL,-0.2560996413230896,0.9209322333335876
MDN,2,474,NLL,-0.2561796009540558,0.9209325313568115
MDN,2,475,NLL,-0.25634142756462097,0.9209280610084534
MDN,2,476,NLL,-0.2565528452396393,0.9209271669387817
MDN,2,477,NLL,-0.2567819356918335,0.9209246635437012
MDN,2,478,NLL,-0.2569958567619324,0.9209223389625549
MDN,2,479,NLL,-0.2571726441383362,0.9209197163581848
MDN,2,480,NLL,-0.2572990953922272,0.9209163188934326
MDN,2,481,NLL,-0.2573752999305725,0.9209139347076416
MDN,2,482,NLL,-0.25741204619407654,0.9209126830101013
MDN,2,483,NLL,-0.2574164867401123,0.9209121465682983
MDN,2,484,NLL,-0.25739869475364685,0.9209120869636536
MDN,2,485,NLL,-0.2573626637458801,0.9209122657775879
MDN,2,486,NLL,-0.2573114335536957,0.9209118485450745
MDN,2,487,NLL,-0.2572419345378876,0.9209131002426147
MDN,2,488,NLL,-0.257146418094635,0.9209121465682983
MDN,2,489,NLL,-0.2570202350616455,0.9209132790565491
MDN,2,490,NLL,-0.25684717297554016,0.9209115505218506
MDN,2,491,NLL,-0.2566092312335968,0.9209102392196655
MDN,2,492,NLL,-0.2562829554080963,0.920907735824585
MDN,2,493,NLL,-0.25583162903785706,0.9209083914756775
MDN,2,494,NLL,-0.25521570444107056,0.9209063053131104
MDN,2,495,NLL,-0.2544236183166504,0.920906662940979
MDN,2,496,NLL,-0.25343602895736694,0.920909583568573
MDN,2,497,NLL,-0.252358615398407,0.9209111928939819
MDN,2,498,NLL,-0.25134292244911194,0.9209145903587341
MDN,2,499,NLL,-0.250759094953537,0.920911967754364
MDN,2,500,NLL,-0.250928670167923,0.9209115505218506
MDN,2,501,NLL,-0.2521149516105652,0.9208967685699463
MDN,2,502,NLL,-0.25401821732521057,0.9208903908729553
MDN,2,503,NLL,-0.2560388743877411,0.9208762049674988
MDN,2,504,NLL,-0.25738030672073364,0.9208738207817078
MDN,2,505,NLL,-0.2576763331890106,0.9208703637123108
MDN,2,506,NLL,-0.25707998871803284,0.9208729863166809
MDN,2,507,NLL,-0.256122350692749,0.9208756685256958
MDN,2,508,NLL,-0.25541403889656067,0.9208742380142212
MDN,2,509,NLL,-0.25532266497612,0.9208788871765137
MDN,2,510,NLL,-0.2558775246143341,0.9208729863166809
MDN,2,511,NLL,-0.2567419409751892,0.9208744168281555
MDN,2,512,NLL,-0.2574825882911682,0.9208729863166809
MDN,2,513,NLL,-0.25780028104782104,0.920870840549469
MDN,2,514,NLL,-0.2576627731323242,0.920871913433075
MDN,2,515,NLL,-0.2572689652442932,0.9208698272705078
MDN,2,516,NLL,-0.2568817734718323,0.9208696484565735
MDN,2,517,NLL,-0.2567134499549866,0.9208686947822571
MDN,2,518,NLL,-0.2568195164203644,0.9208669662475586
MDN,2,519,NLL,-0.2571343779563904,0.9208645224571228
MDN,2,520,NLL,-0.2575061321258545,0.920861005783081
MDN,2,521,NLL,-0.25779154896736145,0.9208575487136841
MDN,2,522,NLL,-0.2579125165939331,0.9208545684814453
MDN,2,523,NLL,-0.2578725814819336,0.9208521842956543
MDN,2,524,NLL,-0.2577357590198517,0.9208519458770752
MDN,2,525,NLL,-0.25757697224617004,0.920852541923523
MDN,2,526,NLL,-0.2574567198753357,0.9208508729934692
MDN,2,527,NLL,-0.2574094235897064,0.9208489656448364
MDN,2,528,NLL,-0.257441908121109,0.9208434820175171
MDN,2,529,NLL,-0.2575365900993347,0.9208418726921082
MDN,2,530,NLL,-0.2576636075973511,0.9208387732505798
MDN,2,531,NLL,-0.2577938437461853,0.9208374619483948
MDN,2,532,NLL,-0.2579052448272705,0.9208367466926575
MDN,2,533,NLL,-0.25798743963241577,0.9208353757858276
MDN,2,534,NLL,-0.258036732673645,0.92083340883255
MDN,2,535,NLL,-0.2580552101135254,0.9208309650421143
MDN,2,536,NLL,-0.2580517828464508,0.920828640460968
MDN,2,537,NLL,-0.2580331861972809,0.9208254814147949
MDN,2,538,NLL,-0.2580038905143738,0.9208242893218994
MDN,2,539,NLL,-0.25796857476234436,0.9208247661590576
MDN,2,540,NLL,-0.25792554020881653,0.9208254218101501
MDN,2,541,NLL,-0.2578773498535156,0.9208258390426636
MDN,2,542,NLL,-0.2578207850456238,0.9208241701126099
MDN,2,543,NLL,-0.2577499449253082,0.9208213686943054
MDN,2,544,NLL,-0.257658988237381,0.9208192229270935
MDN,2,545,NLL,-0.25752919912338257,0.9208184480667114
MDN,2,546,NLL,-0.2573569715023041,0.9208177924156189
MDN,2,547,NLL,-0.257123738527298,0.9208165407180786
MDN,2,548,NLL,-0.25680816173553467,0.9208165407180786
MDN,2,549,NLL,-0.2563825845718384,0.9208164811134338
MDN,2,550,NLL,-0.2558245062828064,0.9208150506019592
MDN,2,551,NLL,-0.2551162838935852,0.9208107590675354
MDN,2,552,NLL,-0.25425320863723755,0.9208111763000488
MDN,2,553,NLL,-0.25333648920059204,0.9208085536956787
MDN,2,554,NLL,-0.2524552643299103,0.9208127856254578
MDN,2,555,NLL,-0.2519010305404663,0.9208076000213623
MDN,2,556,NLL,-0.25188249349594116,0.9208124876022339
MDN,2,557,NLL,-0.25267672538757324,0.920798122882843
MDN,2,558,NLL,-0.2541339099407196,0.9207969903945923
MDN,2,559,NLL,-0.2559320330619812,0.9207820296287537
MDN,2,560,NLL,-0.25742924213409424,0.9207813739776611
MDN,2,561,NLL,-0.2581937909126282,0.9207746982574463
MDN,2,562,NLL,-0.25812312960624695,0.9207769632339478
MDN,2,563,NLL,-0.25747403502464294,0.9207780361175537
MDN,2,564,NLL,-0.25669053196907043,0.9207743406295776
MDN,2,565,NLL,-0.25617340207099915,0.9207805395126343
MDN,2,566,NLL,-0.2561818063259125,0.9207764863967896
MDN,2,567,NLL,-0.2566555142402649,0.9207833409309387
MDN,2,568,NLL,-0.25735554099082947,0.920778751373291
MDN,2,569,NLL,-0.257978618144989,0.9207802414894104
MDN,2,570,NLL,-0.25830313563346863,0.9207773804664612
MDN,2,571,NLL,-0.25828033685684204,0.9207755327224731
MDN,2,572,NLL,-0.2580166459083557,0.9207755327224731
MDN,2,573,NLL,-0.2576911151409149,0.9207731485366821
MDN,2,574,NLL,-0.2574533224105835,0.9207752346992493
MDN,2,575,NLL,-0.25739631056785583,0.9207742810249329
MDN,2,576,NLL,-0.2575167715549469,0.9207735657691956
MDN,2,577,NLL,-0.2577568590641022,0.9207686185836792
MDN,2,578,NLL,-0.2580299973487854,0.920765221118927
MDN,2,579,NLL,-0.2582588195800781,0.920759379863739
MDN,2,580,NLL,-0.25839072465896606,0.920757532119751
MDN,2,581,NLL,-0.2584160566329956,0.9207548499107361
MDN,2,582,NLL,-0.25835901498794556,0.9207547903060913
MDN,2,583,NLL,-0.2582578957080841,0.9207554459571838
MDN,2,584,NLL,-0.258152037858963,0.9207547307014465
MDN,2,585,NLL,-0.2580672800540924,0.9207548499107361
MDN,2,586,NLL,-0.25801509618759155,0.9207513332366943
MDN,2,587,NLL,-0.2579958736896515,0.9207503795623779
MDN,2,588,NLL,-0.25800538063049316,0.9207471013069153
MDN,2,589,NLL,-0.2580408453941345,0.9207474589347839
MDN,2,590,NLL,-0.25809624791145325,0.9207467436790466
MDN,2,591,NLL,-0.25815609097480774,0.9207470417022705
MDN,2,592,NLL,-0.25821757316589355,0.9207445979118347
MDN,2,593,NLL,-0.2582751512527466,0.9207439422607422
MDN,2,594,NLL,-0.25832632184028625,0.9207393527030945
MDN,2,595,NLL,-0.25836846232414246,0.9207369089126587
MDN,2,596,NLL,-0.25840288400650024,0.9207358360290527
MDN,2,597,NLL,-0.25842875242233276,0.9207345247268677
MDN,2,598,NLL,-0.258448988199234,0.9207335114479065
MDN,2,599,NLL,-0.25846248865127563,0.9207322597503662
MDN,2,600,NLL,-0.25847169756889343,0.920730471611023
MDN,2,601,NLL,-0.25847262144088745,0.9207315444946289
MDN,2,602,NLL,-0.25846394896507263,0.9207307696342468
MDN,2,603,NLL,-0.2584458887577057,0.9207292795181274
MDN,2,604,NLL,-0.2584131360054016,0.9207261800765991
MDN,2,605,NLL,-0.25836098194122314,0.9207252264022827
MDN,2,606,NLL,-0.2582777440547943,0.9207250475883484
MDN,2,607,NLL,-0.25814732909202576,0.9207247495651245
MDN,2,608,NLL,-0.25794118642807007,0.9207236766815186
MDN,2,609,NLL,-0.2576152980327606,0.9207223057746887
MDN,2,610,NLL,-0.25711750984191895,0.9207213521003723
MDN,2,611,NLL,-0.2563547194004059,0.9207207560539246
MDN,2,612,NLL,-0.2552264928817749,0.9207203984260559
MDN,2,613,NLL,-0.2535622715950012,0.9207229018211365
MDN,2,614,NLL,-0.2513408660888672,0.9207216501235962
MDN,2,615,NLL,-0.2485651671886444,0.9207290410995483
MDN,2,616,NLL,-0.24598394334316254,0.9207226037979126
MDN,2,617,NLL,-0.24441955983638763,0.9207326173782349
MDN,2,618,NLL,-0.24557650089263916,0.9207082390785217
MDN,2,619,NLL,-0.24932076036930084,0.9207082390785217
MDN,2,620,NLL,-0.2544313073158264,0.9206746220588684
MDN,2,621,NLL,-0.257918119430542,0.9206833839416504
MDN,2,622,NLL,-0.2582479417324066,0.920673131942749
MDN,2,623,NLL,-0.25614917278289795,0.9206762313842773
MDN,2,624,NLL,-0.2538851797580719,0.9206801056861877
MDN,2,625,NLL,-0.25349992513656616,0.920659065246582
MDN,2,626,NLL,-0.2551189661026001,0.9206759333610535
MDN,2,627,NLL,-0.2573859989643097,0.9206536412239075
MDN,2,628,NLL,-0.25848546624183655,0.9206675887107849
MDN,2,629,NLL,-0.2579280734062195,0.9206573367118835
MDN,2,630,NLL,-0.25666719675064087,0.9206494092941284
MDN,2,631,NLL,-0.2560112774372101,0.9206616282463074
MDN,2,632,NLL,-0.2565622627735138,0.9206454157829285
MDN,2,633,NLL,-0.2577451467514038,0.9206658005714417
MDN,2,634,NLL,-0.25857114791870117,0.9206504225730896
MDN,2,635,NLL,-0.2584976255893707,0.9206506609916687
MDN,2,636,NLL,-0.25782179832458496,0.9206475019454956
MDN,2,637,NLL,-0.25728732347488403,0.9206289649009705
MDN,2,638,NLL,-0.25737857818603516,0.9206411242485046
MDN,2,639,NLL,-0.25799286365509033,0.9206250905990601
MDN,2,640,NLL,-0.25858962535858154,0.9206345677375793
MDN,2,641,NLL,-0.25874820351600647,0.9206316471099854
MDN,2,642,NLL,-0.2584679424762726,0.9206264615058899
MDN,2,643,NLL,-0.25809088349342346,0.9206351041793823
MDN,2,644,NLL,-0.2579537332057953,0.9206171631813049
MDN,2,645,NLL,-0.2581328749656677,0.9206228852272034
MDN,2,646,NLL,-0.2584690749645233,0.9206119775772095
MDN,2,647,NLL,-0.25872284173965454,0.9206134676933289
MDN,2,648,NLL,-0.25877588987350464,0.9206187129020691
MDN,2,649,NLL,-0.2586696445941925,0.9206122756004333
MDN,2,650,NLL,-0.25852641463279724,0.9206205010414124
MDN,2,651,NLL,-0.2584461271762848,0.9206109046936035
MDN,2,652,NLL,-0.2584552466869354,0.9206148386001587
MDN,2,653,NLL,-0.2585327923297882,0.920612096786499
MDN,2,654,NLL,-0.25863638520240784,0.9206116199493408
MDN,2,655,NLL,-0.2587365508079529,0.9206145405769348
MDN,2,656,NLL,-0.2588141858577728,0.9206075668334961
MDN,2,657,NLL,-0.2588479220867157,0.9206098914146423
MDN,2,658,NLL,-0.258836030960083,0.9206047058105469
MDN,2,659,NLL,-0.25879156589508057,0.9206046462059021
MDN,2,660,NLL,-0.258737713098526,0.920603334903717
MDN,2,661,NLL,-0.25870054960250854,0.9205977320671082
MDN,2,662,NLL,-0.2586974799633026,0.9205970764160156
MDN,2,663,NLL,-0.25872671604156494,0.9205897450447083
MDN,2,664,NLL,-0.25877875089645386,0.9205907583236694
MDN,2,665,NLL,-0.2588351368904114,0.9205905199050903
MDN,2,666,NLL,-0.25887981057167053,0.9205925464630127
MDN,2,667,NLL,-0.25890839099884033,0.9205917716026306
MDN,2,668,NLL,-0.25892093777656555,0.9205853343009949
MDN,2,669,NLL,-0.25892308354377747,0.9205841422080994
MDN,2,670,NLL,-0.25891876220703125,0.9205764532089233
MDN,2,671,NLL,-0.2589131295681,0.9205767512321472
MDN,2,672,NLL,-0.25890690088272095,0.9205734133720398
MDN,2,673,NLL,-0.25889790058135986,0.9205751419067383
MDN,2,674,NLL,-0.25888946652412415,0.9205754995346069
MDN,2,675,NLL,-0.2588803172111511,0.9205718040466309
MDN,2,676,NLL,-0.25887352228164673,0.9205679893493652
MDN,2,677,NLL,-0.2588699162006378,0.920558750629425
MDN,2,678,NLL,-0.2588682472705841,0.9205559492111206
MDN,2,679,NLL,-0.2588699460029602,0.9205510020256042
MDN,2,680,NLL,-0.2588716745376587,0.9205532073974609
MDN,2,681,NLL,-0.25887638330459595,0.9205535650253296
MDN,2,682,NLL,-0.25887495279312134,0.9205583333969116
MDN,2,683,NLL,-0.2588673233985901,0.920562207698822
MDN,2,684,NLL,-0.25885987281799316,0.9205605387687683
MDN,2,685,NLL,-0.25885266065597534,0.9205577969551086
MDN,2,686,NLL,-0.2588432729244232,0.9205487370491028
MDN,2,687,NLL,-0.2588195502758026,0.9205406904220581
MDN,2,688,NLL,-0.2587869465351105,0.920534610748291
MDN,2,689,NLL,-0.25874200463294983,0.9205324053764343
MDN,2,690,NLL,-0.2586784362792969,0.9205324053764343
MDN,2,691,NLL,-0.25859278440475464,0.9205339550971985
MDN,2,692,NLL,-0.2584689259529114,0.9205396771430969
MDN,2,693,NLL,-0.2582997679710388,0.9205397367477417
MDN,2,694,NLL,-0.2580700218677521,0.9205400347709656
MDN,2,695,NLL,-0.25776174664497375,0.9205328822135925
MDN,2,696,NLL,-0.2573414444923401,0.9205294251441956
MDN,2,697,NLL,-0.2568006217479706,0.9205213785171509
MDN,2,698,NLL,-0.25608745217323303,0.920522153377533
MDN,2,699,NLL,-0.2552119195461273,0.9205204248428345
MDN,2,700,NLL,-0.25415727496147156,0.9205260872840881
MDN,2,701,NLL,-0.25308796763420105,0.9205275177955627
MDN,2,702,NLL,-0.2521074712276459,0.9205333590507507
MDN,2,703,NLL,-0.2516372501850128,0.9205226898193359
MDN,2,704,NLL,-0.2518385350704193,0.9205214381217957
MDN,2,705,NLL,-0.2530323266983032,0.920497477054596
MDN,2,706,NLL,-0.2548442780971527,0.9204962849617004
MDN,2,707,NLL,-0.2568605840206146,0.9204770922660828
MDN,2,708,NLL,-0.2583586573600769,0.9204895496368408
MDN,2,709,NLL,-0.25897350907325745,0.9204821586608887
MDN,2,710,NLL,-0.25872793793678284,0.9204983115196228
MDN,2,711,NLL,-0.25798723101615906,0.9204946160316467
MDN,2,712,NLL,-0.2572358250617981,0.9204916954040527
MDN,2,713,NLL,-0.25682103633880615,0.9204909205436707
MDN,2,714,NLL,-0.25694388151168823,0.9204759001731873
MDN,2,715,NLL,-0.25746455788612366,0.9204883575439453
MDN,2,716,NLL,-0.2581624686717987,0.9204766154289246
MDN,2,717,NLL,-0.25873881578445435,0.9204949140548706
MDN,2,718,NLL,-0.2590326964855194,0.9204813241958618
MDN,2,719,NLL,-0.25899916887283325,0.9204849600791931
MDN,2,720,NLL,-0.2587452232837677,0.9204774498939514
MDN,2,721,NLL,-0.2584353983402252,0.9204721450805664
MDN,2,722,NLL,-0.2582102119922638,0.9204794764518738
MDN,2,723,NLL,-0.2581520080566406,0.920470654964447
MDN,2,724,NLL,-0.25826552510261536,0.9204858541488647
MDN,2,725,NLL,-0.2585175037384033,0.92047119140625
MDN,2,726,NLL,-0.25881099700927734,0.9204778075218201
MDN,2,727,NLL,-0.25905701518058777,0.9204609394073486
MDN,2,728,NLL,-0.2591882646083832,0.9204587340354919
MDN,2,729,NLL,-0.25920140743255615,0.9204549193382263
MDN,2,730,NLL,-0.2591250240802765,0.9204524159431458
MDN,2,731,NLL,-0.25900474190711975,0.9204613566398621
MDN,2,732,NLL,-0.25888675451278687,0.9204558730125427
MDN,2,733,NLL,-0.25880077481269836,0.9204673171043396
MDN,2,734,NLL,-0.2587643563747406,0.9204568862915039
MDN,2,735,NLL,-0.2587699890136719,0.9204613566398621
MDN,2,736,NLL,-0.25880613923072815,0.9204476475715637
MDN,2,737,NLL,-0.2588539719581604,0.920449435710907
MDN,2,738,NLL,-0.25890326499938965,0.9204468131065369
MDN,2,739,NLL,-0.25894469022750854,0.9204500317573547
MDN,2,740,NLL,-0.2589748501777649,0.9204545617103577
MDN,2,741,NLL,-0.2589995563030243,0.9204508066177368
MDN,2,742,NLL,-0.2590170204639435,0.920453667640686
MDN,2,743,NLL,-0.2590382397174835,0.9204446077346802
MDN,2,744,NLL,-0.2590583264827728,0.9204475283622742
MDN,2,745,NLL,-0.2590748071670532,0.9204385280609131
MDN,2,746,NLL,-0.2590855360031128,0.9204434752464294
MDN,2,747,NLL,-0.2590932846069336,0.9204389452934265
MDN,2,748,NLL,-0.25909167528152466,0.9204420447349548
MDN,2,749,NLL,-0.2590760290622711,0.9204393029212952
MDN,2,750,NLL,-0.2590453624725342,0.9204387664794922
MDN,2,751,NLL,-0.25899311900138855,0.9204360842704773
MDN,2,752,NLL,-0.2589128017425537,0.9204330444335938
MDN,2,753,NLL,-0.2587950527667999,0.9204314351081848
MDN,2,754,NLL,-0.2586251199245453,0.9204264283180237
MDN,2,755,NLL,-0.25837546586990356,0.9204298853874207
MDN,2,756,NLL,-0.25802990794181824,0.9204277396202087
MDN,2,757,NLL,-0.25753629207611084,0.9204325675964355
MDN,2,758,NLL,-0.25685766339302063,0.9204282760620117
MDN,2,759,NLL,-0.25590792298316956,0.9204294681549072
MDN,2,760,NLL,-0.2546941936016083,0.9204214811325073
MDN,2,761,NLL,-0.2531507909297943,0.9204257726669312
MDN,2,762,NLL,-0.251495897769928,0.9204243421554565
MDN,2,763,NLL,-0.24987541139125824,0.9204321503639221
MDN,2,764,NLL,-0.24905410408973694,0.9204273223876953
MDN,2,765,NLL,-0.24935278296470642,0.9204295873641968
MDN,2,766,NLL,-0.25134533643722534,0.9204127788543701
MDN,2,767,NLL,-0.254317045211792,0.9204134941101074
MDN,2,768,NLL,-0.2572871446609497,0.9203935265541077
MDN,2,769,NLL,-0.2589796483516693,0.9204030632972717
MDN,2,770,NLL,-0.25899192690849304,0.9203938841819763
MDN,2,771,NLL,-0.2578437030315399,0.9204068779945374
MDN,2,772,NLL,-0.2565534710884094,0.9204028248786926
MDN,2,773,NLL,-0.2560410797595978,0.9203982949256897
MDN,2,774,NLL,-0.25651437044143677,0.9204023480415344
MDN,2,775,NLL,-0.25760897994041443,0.9203882217407227
MDN,2,776,NLL,-0.25857090950012207,0.9204108715057373
MDN,2,777,NLL,-0.25895965099334717,0.9203936457633972
MDN,2,778,NLL,-0.25877663493156433,0.9204170107841492
MDN,2,779,NLL,-0.2583702504634857,0.9203975796699524
MDN,2,780,NLL,-0.25810936093330383,0.9204059839248657
MDN,2,781,NLL,-0.2581484913825989,0.9203991293907166
MDN,2,782,NLL,-0.25840863585472107,0.9203898906707764
MDN,2,783,NLL,-0.25869855284690857,0.9204038381576538
MDN,2,784,NLL,-0.2588830590248108,0.9203877449035645
MDN,2,785,NLL,-0.25893422961235046,0.9204136729240417
MDN,2,786,NLL,-0.2589229643344879,0.9203938245773315
MDN,2,787,NLL,-0.25891897082328796,0.9204047918319702
MDN,2,788,NLL,-0.25895506143569946,0.9203821420669556
MDN,2,789,NLL,-0.2590116858482361,0.9203803539276123
MDN,2,790,NLL,-0.25905996561050415,0.920382022857666
MDN,2,791,NLL,-0.2590796649456024,0.9203720092773438
MDN,2,792,NLL,-0.25907692313194275,0.9203873872756958
MDN,2,793,NLL,-0.25907519459724426,0.9203724265098572
MDN,2,794,NLL,-0.2590973377227783,0.9203889966011047
MDN,2,795,NLL,-0.25915220379829407,0.920369029045105
MDN,2,796,NLL,-0.2592287063598633,0.9203829169273376
MDN,2,797,NLL,-0.25930336117744446,0.9203729033470154
MDN,2,798,NLL,-0.25935545563697815,0.9203793406486511
MDN,2,799,NLL,-0.25937673449516296,0.9203729629516602
MDN,2,800,NLL,-0.2593647539615631,0.9203647375106812
MDN,2,801,NLL,-0.2593277394771576,0.9203703999519348
MDN,2,802,NLL,-0.25928911566734314,0.920362651348114
MDN,2,803,NLL,-0.2592564821243286,0.9203763604164124
MDN,2,804,NLL,-0.25923869013786316,0.920357346534729
MDN,2,805,NLL,-0.2592431902885437,0.9203733801841736
MDN,2,806,NLL,-0.2592702805995941,0.920356035232544
MDN,2,807,NLL,-0.2593117952346802,0.9203680753707886
MDN,2,808,NLL,-0.2593631446361542,0.9203504920005798
MDN,2,809,NLL,-0.25941887497901917,0.9203593134880066
MDN,2,810,NLL,-0.2594670355319977,0.9203515648841858
MDN,2,811,NLL,-0.2595038115978241,0.9203574657440186
MDN,2,812,NLL,-0.2595278024673462,0.9203492999076843
MDN,2,813,NLL,-0.25953808426856995,0.9203479290008545
MDN,2,814,NLL,-0.2595398426055908,0.92034912109375
MDN,2,815,NLL,-0.25953394174575806,0.9203472137451172
MDN,2,816,NLL,-0.25952374935150146,0.920352041721344
MDN,2,817,NLL,-0.25951114296913147,0.9203436970710754
MDN,2,818,NLL,-0.25949859619140625,0.9203463792800903
MDN,2,819,NLL,-0.25948548316955566,0.9203348755836487
MDN,2,820,NLL,-0.2594747245311737,0.920344352722168
MDN,2,821,NLL,-0.25946447253227234,0.9203358888626099
MDN,2,822,NLL,-0.25945135951042175,0.9203457236289978
MDN,2,823,NLL,-0.2594365179538727,0.9203329086303711
MDN,2,824,NLL,-0.2594202160835266,0.92034512758255
MDN,2,825,NLL,-0.2594001591205597,0.9203280806541443
MDN,2,826,NLL,-0.2593786418437958,0.9203420877456665
MDN,2,827,NLL,-0.25935623049736023,0.920327365398407
MDN,2,828,NLL,-0.2593275308609009,0.9203433394432068
MDN,2,829,NLL,-0.2592906355857849,0.9203253984451294
MDN,2,830,NLL,-0.2592438757419586,0.9203381538391113
MDN,2,831,NLL,-0.2591802477836609,0.9203179478645325
MDN,2,832,NLL,-0.2590910792350769,0.9203377962112427
MDN,2,833,NLL,-0.25897061824798584,0.9203183054924011
MDN,2,834,NLL,-0.258797287940979,0.9203415513038635
MDN,2,835,NLL,-0.2585529088973999,0.9203186631202698
MDN,2,836,NLL,-0.25819525122642517,0.9203434586524963
MDN,2,837,NLL,-0.25769346952438354,0.9203143119812012
MDN,2,838,NLL,-0.25695741176605225,0.9203338623046875
MDN,2,839,NLL,-0.25592488050460815,0.920298159122467
MDN,2,840,NLL,-0.254405677318573,0.9203190207481384
MDN,2,841,NLL,-0.25239768624305725,0.9202973246574402
MDN,2,842,NLL,-0.24961526691913605,0.920324981212616
MDN,2,843,NLL,-0.24645422399044037,0.9203270077705383
MDN,2,844,NLL,-0.24310728907585144,0.9203637838363647
MDN,2,845,NLL,-0.24144336581230164,0.9204108715057373
MDN,2,846,NLL,-0.2428610771894455,0.9204220771789551
MDN,2,847,NLL,-0.2483157515525818,0.9204273223876953
MDN,2,848,NLL,-0.2552168071269989,0.9203416705131531
MDN,2,849,NLL,-0.25917568802833557,0.9203100204467773
MDN,2,850,NLL,-0.25804638862609863,0.9202817678451538
MDN,2,851,NLL,-0.2541786730289459,0.9203000664710999
MDN,2,852,NLL,-0.2521081268787384,0.9203288555145264
MDN,2,853,NLL,-0.25397181510925293,0.9203029274940491
MDN,2,854,NLL,-0.2577475309371948,0.920285701751709
MDN,2,855,NLL,-0.2594969570636749,0.920279860496521
MDN,2,856,NLL,-0.258125901222229,0.9202884435653687
MDN,2,857,NLL,-0.2560681104660034,0.920323371887207
MDN,2,858,NLL,-0.25596708059310913,0.9202969074249268
MDN,2,859,NLL,-0.25773271918296814,0.9202855229377747
MDN,2,860,NLL,-0.25913476943969727,0.9202945232391357
MDN,2,861,NLL,-0.2588733732700348,0.9202943444252014
MDN,2,862,NLL,-0.25781792402267456,0.9203453660011292
MDN,2,863,NLL,-0.2575526237487793,0.9203065633773804
MDN,2,864,NLL,-0.2583889663219452,0.9202996492385864
MDN,2,865,NLL,-0.2592912018299103,0.9202792644500732
MDN,2,866,NLL,-0.25931087136268616,0.9202756881713867
MDN,2,867,NLL,-0.25865134596824646,0.9203227162361145
MDN,2,868,NLL,-0.25822991132736206,0.9203047752380371
MDN,2,869,NLL,-0.25853583216667175,0.9203254580497742
MDN,2,870,NLL,-0.259251207113266,0.9202852249145508
MDN,2,871,NLL,-0.2596793472766876,0.9202856421470642
MDN,2,872,NLL,-0.2595371603965759,0.9202887415885925
MDN,2,873,NLL,-0.2591177821159363,0.920281708240509
MDN,2,874,NLL,-0.25888490676879883,0.9203000068664551
MDN,2,875,NLL,-0.2590392529964447,0.9202718138694763
MDN,2,876,NLL,-0.2593876123428345,0.920276939868927
MDN,2,877,NLL,-0.25962939858436584,0.9202579259872437
MDN,2,878,NLL,-0.2596154510974884,0.9202631711959839
MDN,2,879,NLL,-0.2594369649887085,0.9202661514282227
MDN,2,880,NLL,-0.2592953145503998,0.9202640652656555
MDN,2,881,NLL,-0.25931915640830994,0.9202712178230286
MDN,2,882,NLL,-0.25948232412338257,0.9202628135681152
MDN,2,883,NLL,-0.2596686780452728,0.9202637076377869
MDN,2,884,NLL,-0.2597655951976776,0.9202539920806885
MDN,2,885,NLL,-0.2597370743751526,0.9202496409416199
MDN,2,886,NLL,-0.2596356272697449,0.920251190662384
MDN,2,887,NLL,-0.2595404386520386,0.9202501177787781
MDN,2,888,NLL,-0.25951099395751953,0.9202550053596497
MDN,2,889,NLL,-0.25955498218536377,0.920252799987793
MDN,2,890,NLL,-0.25963518023490906,0.9202544093132019
MDN,2,891,NLL,-0.25970619916915894,0.9202545285224915
MDN,2,892,NLL,-0.25973859429359436,0.9202498197555542
MDN,2,893,NLL,-0.2597289979457855,0.9202581644058228
MDN,2,894,NLL,-0.2596932351589203,0.9202482104301453
MDN,2,895,NLL,-0.25966015458106995,0.9202566742897034
MDN,2,896,NLL,-0.25964802503585815,0.9202376008033752
MDN,2,897,NLL,-0.25966671109199524,0.9202473163604736
MDN,2,898,NLL,-0.25970712304115295,0.9202354550361633
MDN,2,899,NLL,-0.2597513496875763,0.9202454090118408
MDN,2,900,NLL,-0.2597835958003998,0.9202374219894409
MDN,2,901,NLL,-0.2597949206829071,0.9202415347099304
MDN,2,902,NLL,-0.2597885727882385,0.9202343225479126
MDN,2,903,NLL,-0.2597763240337372,0.9202341437339783
MDN,2,904,NLL,-0.259765088558197,0.9202297329902649
MDN,2,905,NLL,-0.25975725054740906,0.9202330708503723
MDN,2,906,NLL,-0.2597568929195404,0.9202336072921753
MDN,2,907,NLL,-0.2597624659538269,0.9202351570129395
MDN,2,908,NLL,-0.25976845622062683,0.9202281832695007
MDN,2,909,NLL,-0.2597717344760895,0.9202299118041992
MDN,2,910,NLL,-0.25976648926734924,0.9202196598052979
MDN,2,911,NLL,-0.2597463130950928,0.9202258586883545
MDN,2,912,NLL,-0.2597118616104126,0.9202145338058472
MDN,2,913,NLL,-0.25966382026672363,0.9202263355255127
MDN,2,914,NLL,-0.25959762930870056,0.9202151894569397
MDN,2,915,NLL,-0.2595083713531494,0.9202371835708618
MDN,2,916,NLL,-0.25939440727233887,0.9202179908752441
MDN,2,917,NLL,-0.25924551486968994,0.9202383756637573
MDN,2,918,NLL,-0.2590474486351013,0.9202101826667786
MDN,2,919,NLL,-0.25878453254699707,0.9202396273612976
MDN,2,920,NLL,-0.25843745470046997,0.9202072620391846
MDN,2,921,NLL,-0.2580007314682007,0.9202471375465393
MDN,2,922,NLL,-0.2574755847454071,0.920210599899292
MDN,2,923,NLL,-0.2568976581096649,0.9202560782432556
MDN,2,924,NLL,-0.256338506937027,0.9202059507369995
MDN,2,925,NLL,-0.25592371821403503,0.9202499985694885
MDN,2,926,NLL,-0.25581103563308716,0.9201982021331787
MDN,2,927,NLL,-0.2560572028160095,0.9202390313148499
MDN,2,928,NLL,-0.2566875219345093,0.9201928377151489
MDN,2,929,NLL,-0.2575026750564575,0.9202138781547546
MDN,2,930,NLL,-0.25831320881843567,0.9201916456222534
MDN,2,931,NLL,-0.2588801085948944,0.920198917388916
MDN,2,932,NLL,-0.2591509521007538,0.9202131032943726
MDN,2,933,NLL,-0.25918787717819214,0.9202008843421936
MDN,2,934,NLL,-0.2591213881969452,0.9202269911766052
MDN,2,935,NLL,-0.25909948348999023,0.9201909899711609
MDN,2,936,NLL,-0.25918033719062805,0.9202150702476501
MDN,2,937,NLL,-0.2593288719654083,0.9201835989952087
MDN,2,938,NLL,-0.2594549059867859,0.9202004671096802
MDN,2,939,NLL,-0.25949397683143616,0.9201918840408325
MDN,2,940,NLL,-0.25942087173461914,0.9201952815055847
MDN,2,941,NLL,-0.25927916169166565,0.9202108383178711
MDN,2,942,NLL,-0.25913533568382263,0.9201993346214294
MDN,2,943,NLL,-0.2590663433074951,0.9202248454093933
MDN,2,944,NLL,-0.2591051757335663,0.9201953411102295
MDN,2,945,NLL,-0.25924161076545715,0.9202128052711487
MDN,2,946,NLL,-0.25944027304649353,0.9201809167861938
MDN,2,947,NLL,-0.25964319705963135,0.9201877117156982
MDN,2,948,NLL,-0.259804368019104,0.9201695919036865
MDN,2,949,NLL,-0.25989842414855957,0.9201701283454895
MDN,2,950,NLL,-0.2599242329597473,0.9201706051826477
MDN,2,951,NLL,-0.25990384817123413,0.9201664328575134
MDN,2,952,NLL,-0.2598603069782257,0.9201804399490356
MDN,2,953,NLL,-0.25981539487838745,0.9201677441596985
MDN,2,954,NLL,-0.25978589057922363,0.9201840162277222
MDN,2,955,NLL,-0.2597814202308655,0.9201655983924866
MDN,2,956,NLL,-0.25979354977607727,0.9201786518096924
MDN,2,957,NLL,-0.2598196864128113,0.9201622009277344
MDN,2,958,NLL,-0.2598517835140228,0.9201725125312805
MDN,2,959,NLL,-0.2598799169063568,0.9201608896255493
MDN,2,960,NLL,-0.25989779829978943,0.9201685190200806
MDN,2,961,NLL,-0.2599027156829834,0.9201603531837463
MDN,2,962,NLL,-0.25989019870758057,0.9201620221138
MDN,2,963,NLL,-0.2598600387573242,0.9201576709747314
MDN,2,964,NLL,-0.25980231165885925,0.9201517701148987
MDN,2,965,NLL,-0.25971150398254395,0.9201520085334778
MDN,2,966,NLL,-0.25957608222961426,0.9201439619064331
MDN,2,967,NLL,-0.25937673449516296,0.9201523661613464
MDN,2,968,NLL,-0.25908759236335754,0.9201458096504211
MDN,2,969,NLL,-0.2586560845375061,0.9201564788818359
MDN,2,970,NLL,-0.2580385208129883,0.9201409220695496
MDN,2,971,NLL,-0.25712841749191284,0.9201503992080688
MDN,2,972,NLL,-0.255876362323761,0.9201284646987915
MDN,2,973,NLL,-0.254110723733902,0.920144259929657
MDN,2,974,NLL,-0.25194522738456726,0.9201288819313049
MDN,2,975,NLL,-0.24926114082336426,0.9201520681381226
MDN,2,976,NLL,-0.24684995412826538,0.9201375246047974
MDN,2,977,NLL,-0.24511443078517914,0.9201565384864807
MDN,2,978,NLL,-0.24572637677192688,0.9201435446739197
MDN,2,979,NLL,-0.24866540729999542,0.9201495051383972
MDN,2,980,NLL,-0.25361260771751404,0.920142412185669
MDN,2,981,NLL,-0.25805267691612244,0.9201276898384094
MDN,2,982,NLL,-0.2599371671676636,0.9201229810714722
MDN,2,983,NLL,-0.258836954832077,0.9201074838638306
MDN,2,984,NLL,-0.2563117742538452,0.920114278793335
MDN,2,985,NLL,-0.2547180950641632,0.9201105237007141
MDN,2,986,NLL,-0.2552473545074463,0.9201176762580872
MDN,2,987,NLL,-0.25745338201522827,0.9201143980026245
MDN,2,988,NLL,-0.2594652771949768,0.9201159477233887
MDN,2,989,NLL,-0.2599274218082428,0.9201147556304932
MDN,2,990,NLL,-0.25892341136932373,0.9201163053512573
MDN,2,991,NLL,-0.2576599717140198,0.9201157093048096
MDN,2,992,NLL,-0.2573246955871582,0.9201095700263977
MDN,2,993,NLL,-0.2580784857273102,0.9201120138168335
MDN,2,994,NLL,-0.2592543661594391,0.9201045632362366
MDN,2,995,NLL,-0.2599397897720337,0.9201143980026245
MDN,2,996,NLL,-0.2598060965538025,0.9201105833053589
MDN,2,997,NLL,-0.25919702649116516,0.9201202392578125
MDN,2,998,NLL,-0.2586974501609802,0.9201121926307678
MDN,2,999,NLL,-0.2586877942085266,0.9201099276542664
MDN,2,1000,NLL,-0.2591058313846588,0.9201083779335022
MDN,3,1,NLL,2.5058536529541016,1.0946142673492432
MDN,3,2,NLL,2.0736234188079834,1.0925565958023071
MDN,3,3,NLL,1.8824851512908936,1.0898158550262451
MDN,3,4,NLL,1.7708096504211426,1.0859978199005127
MDN,3,5,NLL,1.6975704431533813,1.0812617540359497
MDN,3,6,NLL,1.6415678262710571,1.0754915475845337
MDN,3,7,NLL,1.5945311784744263,1.068854808807373
MDN,3,8,NLL,1.5524102449417114,1.061886191368103
MDN,3,9,NLL,1.5135871171951294,1.0548421144485474
MDN,3,10,NLL,1.476969838142395,1.0476871728897095
MDN,3,11,NLL,1.4418383836746216,1.0405020713806152
MDN,3,12,NLL,1.4084293842315674,1.0334135293960571
MDN,3,13,NLL,1.3766010999679565,1.026403784751892
MDN,3,14,NLL,1.347275733947754,1.0193818807601929
MDN,3,15,NLL,1.3211925029754639,1.0123393535614014
MDN,3,16,NLL,1.2980237007141113,1.0052363872528076
MDN,3,17,NLL,1.275913953781128,0.9980241060256958
MDN,3,18,NLL,1.2527422904968262,0.9906734228134155
MDN,3,19,NLL,1.2281067371368408,0.9832026958465576
MDN,3,20,NLL,1.202463150024414,0.9755852222442627
MDN,3,21,NLL,1.1770813465118408,0.9679092764854431
MDN,3,22,NLL,1.152652382850647,0.9604074954986572
MDN,3,23,NLL,1.1292802095413208,0.953378438949585
MDN,3,24,NLL,1.1069128513336182,0.947171688079834
MDN,3,25,NLL,1.0848726034164429,0.9420974850654602
MDN,3,26,NLL,1.0620628595352173,0.938271701335907
MDN,3,27,NLL,1.0373364686965942,0.9355435967445374
MDN,3,28,NLL,1.0100822448730469,0.9336415529251099
MDN,3,29,NLL,0.9803745150566101,0.9322637915611267
MDN,3,30,NLL,0.9481914639472961,0.9312179088592529
MDN,3,31,NLL,0.9144828915596008,0.930417537689209
MDN,3,32,NLL,0.8805276155471802,0.9298080801963806
MDN,3,33,NLL,0.8469105362892151,0.9293501973152161
MDN,3,34,NLL,0.8135194778442383,0.9291031956672668
MDN,3,35,NLL,0.7795515060424805,0.9290761351585388
MDN,3,36,NLL,0.7441983222961426,0.92922043800354
MDN,3,37,NLL,0.7077732682228088,0.9295369982719421
MDN,3,38,NLL,0.6715777516365051,0.9301551580429077
MDN,3,39,NLL,0.6372357606887817,0.9311578273773193
MDN,3,40,NLL,0.6050297021865845,0.9323934316635132
MDN,3,41,NLL,0.5745223164558411,0.9337185621261597
MDN,3,42,NLL,0.543665885925293,0.935325026512146
MDN,3,43,NLL,0.5107108950614929,0.9375320672988892
MDN,3,44,NLL,0.47862789034843445,0.9406149387359619
MDN,3,45,NLL,0.44994184374809265,0.9443819522857666
MDN,3,46,NLL,0.41970452666282654,0.946142315864563
MDN,3,47,NLL,0.3848254680633545,0.9445021748542786
MDN,3,48,NLL,0.35217195749282837,0.9412816762924194
MDN,3,49,NLL,0.3240415155887604,0.938964307308197
MDN,3,50,NLL,0.29420706629753113,0.9387604594230652
MDN,3,51,NLL,0.26629015803337097,0.9396979808807373
MDN,3,52,NLL,0.24030286073684692,0.9388143420219421
MDN,3,53,NLL,0.21229799091815948,0.9367732405662537
MDN,3,54,NLL,0.18968839943408966,0.9351321458816528
MDN,3,55,NLL,0.16746263206005096,0.9330520629882812
MDN,3,56,NLL,0.14660543203353882,0.930936872959137
MDN,3,57,NLL,0.1245323121547699,0.9273008108139038
MDN,3,58,NLL,0.10067867487668991,0.9257205128669739
MDN,3,59,NLL,0.07804325968027115,0.9252554774284363
MDN,3,60,NLL,0.06211376562714577,0.9267479181289673
MDN,3,61,NLL,0.041213639080524445,0.9273049831390381
MDN,3,62,NLL,0.021954340860247612,0.9288358688354492
MDN,3,63,NLL,0.004148571286350489,0.9310833215713501
MDN,3,64,NLL,-0.012515449896454811,0.9300083518028259
MDN,3,65,NLL,-0.02864457666873932,0.9289816617965698
MDN,3,66,NLL,-0.04450022056698799,0.9288392663002014
MDN,3,67,NLL,-0.05906921997666359,0.9265923500061035
MDN,3,68,NLL,-0.07012670487165451,0.925088107585907
MDN,3,69,NLL,-0.07957769930362701,0.9243791103363037
MDN,3,70,NLL,-0.08714689314365387,0.9229902625083923
MDN,3,71,NLL,-0.09851492196321487,0.9227707386016846
MDN,3,72,NLL,-0.11448822170495987,0.9224207997322083
MDN,3,73,NLL,-0.1266176402568817,0.9222991466522217
MDN,3,74,NLL,-0.13282985985279083,0.9222643971443176
MDN,3,75,NLL,-0.1343105584383011,0.9227392673492432
MDN,3,76,NLL,-0.13766343891620636,0.9230223894119263
MDN,3,77,NLL,-0.1497393101453781,0.9229741096496582
MDN,3,78,NLL,-0.1614874005317688,0.9235153198242188
MDN,3,79,NLL,-0.16508840024471283,0.9228460788726807
MDN,3,80,NLL,-0.16475924849510193,0.9229905009269714
MDN,3,81,NLL,-0.1701146513223648,0.922339916229248
MDN,3,82,NLL,-0.18130935728549957,0.9224385619163513
MDN,3,83,NLL,-0.18743018805980682,0.9224610328674316
MDN,3,84,NLL,-0.18571443855762482,0.9220067858695984
MDN,3,85,NLL,-0.18467748165130615,0.9221011996269226
MDN,3,86,NLL,-0.1900615245103836,0.9218437671661377
MDN,3,87,NLL,-0.19864389300346375,0.9218637347221375
MDN,3,88,NLL,-0.20219747722148895,0.9219540357589722
MDN,3,89,NLL,-0.20006363093852997,0.9220201969146729
MDN,3,90,NLL,-0.19987843930721283,0.9224345684051514
MDN,3,91,NLL,-0.2037648856639862,0.9224692583084106
MDN,3,92,NLL,-0.20681597292423248,0.9229836463928223
MDN,3,93,NLL,-0.20635880529880524,0.9230860471725464
MDN,3,94,NLL,-0.20488891005516052,0.922789990901947
MDN,3,95,NLL,-0.2076743096113205,0.9230122566223145
MDN,3,96,NLL,-0.21439196169376373,0.9225778579711914
MDN,3,97,NLL,-0.2185526341199875,0.9226289391517639
MDN,3,98,NLL,-0.2163194864988327,0.9227663278579712
MDN,3,99,NLL,-0.21195359528064728,0.9228225350379944
MDN,3,100,NLL,-0.2113780528306961,0.9230262637138367
MDN,3,101,NLL,-0.2156618982553482,0.9228616952896118
MDN,3,102,NLL,-0.2197362631559372,0.9226570129394531
MDN,3,103,NLL,-0.22013725340366364,0.9226518869400024
MDN,3,104,NLL,-0.21958693861961365,0.9223853349685669
MDN,3,105,NLL,-0.22106316685676575,0.922457218170166
MDN,3,106,NLL,-0.2236761450767517,0.9223751425743103
MDN,3,107,NLL,-0.2234308272600174,0.9223647117614746
MDN,3,108,NLL,-0.2208753377199173,0.9225338697433472
MDN,3,109,NLL,-0.2202615886926651,0.9223434329032898
MDN,3,110,NLL,-0.22322465479373932,0.9224655628204346
MDN,3,111,NLL,-0.22669276595115662,0.922287106513977
MDN,3,112,NLL,-0.2273348867893219,0.9222422242164612
MDN,3,113,NLL,-0.22651779651641846,0.9222875237464905
MDN,3,114,NLL,-0.22705790400505066,0.9222107529640198
MDN,3,115,NLL,-0.22834515571594238,0.9222939610481262
MDN,3,116,NLL,-0.22823797166347504,0.922314465045929
MDN,3,117,NLL,-0.2267581671476364,0.9223489761352539
MDN,3,118,NLL,-0.22595015168190002,0.922402560710907
MDN,3,119,NLL,-0.2271421253681183,0.9223812222480774
MDN,3,120,NLL,-0.22883522510528564,0.9223746657371521
MDN,3,121,NLL,-0.22983349859714508,0.9224113821983337
MDN,3,122,NLL,-0.23034197092056274,0.9224040508270264
MDN,3,123,NLL,-0.23117199540138245,0.9224951267242432
MDN,3,124,NLL,-0.23205502331256866,0.92250657081604
MDN,3,125,NLL,-0.2320694476366043,0.9225428700447083
MDN,3,126,NLL,-0.2312920242547989,0.9225947856903076
MDN,3,127,NLL,-0.23074351251125336,0.9225805997848511
MDN,3,128,NLL,-0.23112207651138306,0.9226540923118591
MDN,3,129,NLL,-0.23192480206489563,0.9226594567298889
MDN,3,130,NLL,-0.23259976506233215,0.9227192997932434
MDN,3,131,NLL,-0.2330426126718521,0.9227611422538757
MDN,3,132,NLL,-0.23365932703018188,0.9227912425994873
MDN,3,133,NLL,-0.2343999743461609,0.922822117805481
MDN,3,134,NLL,-0.23485958576202393,0.9228458404541016
MDN,3,135,NLL,-0.23484918475151062,0.9228711128234863
MDN,3,136,NLL,-0.23460648953914642,0.9228895902633667
MDN,3,137,NLL,-0.23449794948101044,0.9229241013526917
MDN,3,138,NLL,-0.23459498584270477,0.9229257702827454
MDN,3,139,NLL,-0.23471292853355408,0.9229572415351868
MDN,3,140,NLL,-0.2347101867198944,0.9229496717453003
MDN,3,141,NLL,-0.2347782850265503,0.922985851764679
MDN,3,142,NLL,-0.23503628373146057,0.9229693412780762
MDN,3,143,NLL,-0.23555627465248108,0.923012375831604
MDN,3,144,NLL,-0.23612383008003235,0.9229974746704102
MDN,3,145,NLL,-0.2366098314523697,0.9230412244796753
MDN,3,146,NLL,-0.23697802424430847,0.9230373501777649
MDN,3,147,NLL,-0.23730449378490448,0.9230617880821228
MDN,3,148,NLL,-0.23762154579162598,0.9230630397796631
MDN,3,149,NLL,-0.23790128529071808,0.9230787754058838
MDN,3,150,NLL,-0.23808832466602325,0.9230859279632568
MDN,3,151,NLL,-0.23817667365074158,0.9230877161026001
MDN,3,152,NLL,-0.2382144331932068,0.9231119155883789
MDN,3,153,NLL,-0.23823446035385132,0.923090934753418
MDN,3,154,NLL,-0.23823586106300354,0.92313152551651
MDN,3,155,NLL,-0.23815852403640747,0.9231032133102417
MDN,3,156,NLL,-0.23794573545455933,0.9231532216072083
MDN,3,157,NLL,-0.23752236366271973,0.9231213927268982
MDN,3,158,NLL,-0.23695091903209686,0.9231885075569153
MDN,3,159,NLL,-0.23618276417255402,0.9231382012367249
MDN,3,160,NLL,-0.2356136292219162,0.9232463836669922
MDN,3,161,NLL,-0.23537200689315796,0.9231575131416321
MDN,3,162,NLL,-0.2361789494752884,0.9232694506645203
MDN,3,163,NLL,-0.2376766800880432,0.9231720566749573
MDN,3,164,NLL,-0.2394561916589737,0.9232227802276611
MDN,3,165,NLL,-0.2405603677034378,0.923179566860199
MDN,3,166,NLL,-0.24066153168678284,0.9231746792793274
MDN,3,167,NLL,-0.24005703628063202,0.9231921434402466
MDN,3,168,NLL,-0.23933924734592438,0.9231317043304443
MDN,3,169,NLL,-0.23912860453128815,0.9231894612312317
MDN,3,170,NLL,-0.23956336081027985,0.9230960607528687
MDN,3,171,NLL,-0.2405136376619339,0.923139750957489
MDN,3,172,NLL,-0.24139586091041565,0.9230870008468628
MDN,3,173,NLL,-0.24183791875839233,0.9230806231498718
MDN,3,174,NLL,-0.2417956441640854,0.9230950474739075
MDN,3,175,NLL,-0.24150829017162323,0.9230620265007019
MDN,3,176,NLL,-0.24130241572856903,0.9231106042861938
MDN,3,177,NLL,-0.24136479198932648,0.9230602979660034
MDN,3,178,NLL,-0.24173621833324432,0.9231051802635193
MDN,3,179,NLL,-0.24222411215305328,0.9230494499206543
MDN,3,180,NLL,-0.24265827238559723,0.9230652451515198
MDN,3,181,NLL,-0.24292339384555817,0.9230439066886902
MDN,3,182,NLL,-0.2430143654346466,0.923021137714386
MDN,3,183,NLL,-0.24300110340118408,0.9230450987815857
MDN,3,184,NLL,-0.24297824501991272,0.9229938983917236
MDN,3,185,NLL,-0.24301305413246155,0.923027753829956
MDN,3,186,NLL,-0.24312201142311096,0.9229696989059448
MDN,3,187,NLL,-0.24330918490886688,0.9229922890663147
MDN,3,188,NLL,-0.24352799355983734,0.9229506850242615
MDN,3,189,NLL,-0.24375998973846436,0.9229661822319031
MDN,3,190,NLL,-0.2439720183610916,0.9229444861412048
MDN,3,191,NLL,-0.24415746331214905,0.9229496121406555
MDN,3,192,NLL,-0.24431228637695312,0.9229464530944824
MDN,3,193,NLL,-0.24444276094436646,0.9229300022125244
MDN,3,194,NLL,-0.24455653131008148,0.9229425191879272
MDN,3,195,NLL,-0.24466003477573395,0.9229053854942322
MDN,3,196,NLL,-0.24475231766700745,0.9229239821434021
MDN,3,197,NLL,-0.24483665823936462,0.9228777289390564
MDN,3,198,NLL,-0.24490569531917572,0.9228981733322144
MDN,3,199,NLL,-0.24495059251785278,0.9228451251983643
MDN,3,200,NLL,-0.24496276676654816,0.9228748679161072
MDN,3,201,NLL,-0.24492216110229492,0.9228153824806213
MDN,3,202,NLL,-0.24480532109737396,0.9228624701499939
MDN,3,203,NLL,-0.24457375705242157,0.9227876663208008
MDN,3,204,NLL,-0.24420323967933655,0.922859251499176
MDN,3,205,NLL,-0.24361005425453186,0.9227620363235474
MDN,3,206,NLL,-0.2428693175315857,0.9228622913360596
MDN,3,207,NLL,-0.2419136017560959,0.9227343797683716
MDN,3,208,NLL,-0.24125206470489502,0.9228534698486328
MDN,3,209,NLL,-0.2409379631280899,0.9227050542831421
MDN,3,210,NLL,-0.24175037443637848,0.9228039383888245
MDN,3,211,NLL,-0.24307651817798615,0.9226912260055542
MDN,3,212,NLL,-0.24458053708076477,0.9227223992347717
MDN,3,213,NLL,-0.24533776938915253,0.9227102994918823
MDN,3,214,NLL,-0.2451452612876892,0.9226579666137695
MDN,3,215,NLL,-0.24437719583511353,0.9227471947669983
MDN,3,216,NLL,-0.24366435408592224,0.9226155877113342
MDN,3,217,NLL,-0.24367834627628326,0.9227372407913208
MDN,3,218,NLL,-0.24462996423244476,0.9225740432739258
MDN,3,219,NLL,-0.24608376622200012,0.9226276874542236
MDN,3,220,NLL,-0.2472592294216156,0.9225478768348694
MDN,3,221,NLL,-0.24766363203525543,0.9225334525108337
MDN,3,222,NLL,-0.24734139442443848,0.9225534796714783
MDN,3,223,NLL,-0.24674192070960999,0.9225059747695923
MDN,3,224,NLL,-0.2463839203119278,0.9225757718086243
MDN,3,225,NLL,-0.24649646878242493,0.9224979877471924
MDN,3,226,NLL,-0.24702617526054382,0.9225643873214722
MDN,3,227,NLL,-0.24764959514141083,0.9224836826324463
MDN,3,228,NLL,-0.24807621538639069,0.9225068688392639
MDN,3,229,NLL,-0.24819201231002808,0.9224816560745239
MDN,3,230,NLL,-0.24808572232723236,0.9224417209625244
MDN,3,231,NLL,-0.24794967472553253,0.9224743843078613
MDN,3,232,NLL,-0.2479371428489685,0.9223988056182861
MDN,3,233,NLL,-0.24812108278274536,0.9224397540092468
MDN,3,234,NLL,-0.24843554198741913,0.9223790764808655
MDN,3,235,NLL,-0.24877870082855225,0.92239910364151
MDN,3,236,NLL,-0.24903938174247742,0.9223711490631104
MDN,3,237,NLL,-0.24916405975818634,0.9223787188529968
MDN,3,238,NLL,-0.24917452037334442,0.922374963760376
MDN,3,239,NLL,-0.24912042915821075,0.9223537445068359
MDN,3,240,NLL,-0.2490617036819458,0.9223724007606506
MDN,3,241,NLL,-0.24903184175491333,0.9223224520683289
MDN,3,242,NLL,-0.24906083941459656,0.9223535656929016
MDN,3,243,NLL,-0.24913930892944336,0.9222948551177979
MDN,3,244,NLL,-0.249264195561409,0.9223173260688782
MDN,3,245,NLL,-0.24939937889575958,0.9222705960273743
MDN,3,246,NLL,-0.2495390921831131,0.922275960445404
MDN,3,247,NLL,-0.24965499341487885,0.9222473502159119
MDN,3,248,NLL,-0.24973991513252258,0.9222447872161865
MDN,3,249,NLL,-0.24977988004684448,0.922232449054718
MDN,3,250,NLL,-0.24977511167526245,0.9222168922424316
MDN,3,251,NLL,-0.2497279793024063,0.9222182035446167
MDN,3,252,NLL,-0.24963179230690002,0.9221826195716858
MDN,3,253,NLL,-0.2495029866695404,0.9222028851509094
MDN,3,254,NLL,-0.24932990968227386,0.9221502542495728
MDN,3,255,NLL,-0.2491580694913864,0.9221813678741455
MDN,3,256,NLL,-0.24899229407310486,0.9221206307411194
MDN,3,257,NLL,-0.2489396333694458,0.9221593141555786
MDN,3,258,NLL,-0.24900278449058533,0.922097384929657
MDN,3,259,NLL,-0.2492767572402954,0.9221404790878296
MDN,3,260,NLL,-0.24970310926437378,0.9220716953277588
MDN,3,261,NLL,-0.2502308487892151,0.9221106171607971
MDN,3,262,NLL,-0.25072669982910156,0.9220404624938965
MDN,3,263,NLL,-0.25107550621032715,0.9220640063285828
MDN,3,264,NLL,-0.2512095868587494,0.9220085144042969
MDN,3,265,NLL,-0.25111424922943115,0.922024130821228
MDN,3,266,NLL,-0.2507949471473694,0.9219745993614197
MDN,3,267,NLL,-0.25028908252716064,0.9219968318939209
MDN,3,268,NLL,-0.2495051920413971,0.9219397902488708
MDN,3,269,NLL,-0.2484614998102188,0.9220011830329895
MDN,3,270,NLL,-0.2468101680278778,0.9219030141830444
MDN,3,271,NLL,-0.24484454095363617,0.9220401048660278
MDN,3,272,NLL,-0.24235765635967255,0.9218749403953552
MDN,3,273,NLL,-0.24164745211601257,0.9220799803733826
MDN,3,274,NLL,-0.24302861094474792,0.9218552708625793
MDN,3,275,NLL,-0.24746015667915344,0.9219582676887512
MDN,3,276,NLL,-0.2511925995349884,0.9218209981918335
MDN,3,277,NLL,-0.2519884705543518,0.921808123588562
MDN,3,278,NLL,-0.2500188946723938,0.9218019843101501
MDN,3,279,NLL,-0.24764305353164673,0.9217479825019836
MDN,3,280,NLL,-0.24772007763385773,0.9218158721923828
MDN,3,281,NLL,-0.24988485872745514,0.9217049479484558
MDN,3,282,NLL,-0.2522309422492981,0.9217469096183777
MDN,3,283,NLL,-0.25262144207954407,0.9217166900634766
MDN,3,284,NLL,-0.2512885630130768,0.9216901063919067
MDN,3,285,NLL,-0.25012707710266113,0.9217579960823059
MDN,3,286,NLL,-0.25045716762542725,0.9216697812080383
MDN,3,287,NLL,-0.25196948647499084,0.9217146635055542
MDN,3,288,NLL,-0.25293800234794617,0.92169189453125
MDN,3,289,NLL,-0.2526683211326599,0.9216529726982117
MDN,3,290,NLL,-0.25185540318489075,0.9216944575309753
MDN,3,291,NLL,-0.25154945254325867,0.9216325879096985
MDN,3,292,NLL,-0.25222247838974,0.9216694831848145
MDN,3,293,NLL,-0.25312668085098267,0.9216363430023193
MDN,3,294,NLL,-0.2534307837486267,0.9216356873512268
MDN,3,295,NLL,-0.25307169556617737,0.9216400980949402
MDN,3,296,NLL,-0.25261810421943665,0.9216009378433228
MDN,3,297,NLL,-0.2526269257068634,0.9216437935829163
MDN,3,298,NLL,-0.25308698415756226,0.9215760231018066
MDN,3,299,NLL,-0.25357237458229065,0.921602189540863
MDN,3,300,NLL,-0.2537173330783844,0.921572744846344
MDN,3,301,NLL,-0.25353866815567017,0.9215466976165771
MDN,3,302,NLL,-0.2533402144908905,0.9215658903121948
MDN,3,303,NLL,-0.2533738613128662,0.9215270280838013
MDN,3,304,NLL,-0.25365760922431946,0.9215487837791443
MDN,3,305,NLL,-0.25396180152893066,0.9215317964553833
MDN,3,306,NLL,-0.2541256546974182,0.9215217232704163
MDN,3,307,NLL,-0.25409770011901855,0.9215140342712402
MDN,3,308,NLL,-0.25399094820022583,0.921485424041748
MDN,3,309,NLL,-0.25395917892456055,0.9214974045753479
MDN,3,310,NLL,-0.25405076146125793,0.9214708209037781
MDN,3,311,NLL,-0.25422585010528564,0.9214847683906555
MDN,3,312,NLL,-0.2543988525867462,0.9214595556259155
MDN,3,313,NLL,-0.2545028626918793,0.921457052230835
MDN,3,314,NLL,-0.25453534722328186,0.9214457869529724
MDN,3,315,NLL,-0.2545171082019806,0.92142254114151
MDN,3,316,NLL,-0.2545042335987091,0.921431303024292
MDN,3,317,NLL,-0.25453269481658936,0.9214019775390625
MDN,3,318,NLL,-0.2546067535877228,0.9214081764221191
MDN,3,319,NLL,-0.2547071874141693,0.9213876724243164
MDN,3,320,NLL,-0.2548072338104248,0.9213888645172119
MDN,3,321,NLL,-0.25488731265068054,0.9213770627975464
MDN,3,322,NLL,-0.25494420528411865,0.9213736653327942
MDN,3,323,NLL,-0.2549756169319153,0.9213636517524719
MDN,3,324,NLL,-0.2549840807914734,0.9213491082191467
MDN,3,325,NLL,-0.25498726963996887,0.9213426113128662
MDN,3,326,NLL,-0.2549869418144226,0.92132568359375
MDN,3,327,NLL,-0.25497496128082275,0.9213235378265381
MDN,3,328,NLL,-0.254932701587677,0.921313464641571
MDN,3,329,NLL,-0.2548131048679352,0.921310305595398
MDN,3,330,NLL,-0.2545667588710785,0.9213096499443054
MDN,3,331,NLL,-0.25408732891082764,0.9212929010391235
MDN,3,332,NLL,-0.25322094559669495,0.9213096499443054
MDN,3,333,NLL,-0.25167885422706604,0.9212777018547058
MDN,3,334,NLL,-0.2494102418422699,0.921343982219696
MDN,3,335,NLL,-0.24645133316516876,0.9212951064109802
MDN,3,336,NLL,-0.2446007877588272,0.9214248657226562
MDN,3,337,NLL,-0.2452286332845688,0.9212905764579773
MDN,3,338,NLL,-0.24931152164936066,0.9213939905166626
MDN,3,339,NLL,-0.2535236179828644,0.9212198853492737
MDN,3,340,NLL,-0.25435617566108704,0.9212583899497986
MDN,3,341,NLL,-0.2521129548549652,0.9212136268615723
MDN,3,342,NLL,-0.25037533044815063,0.9212197065353394
MDN,3,343,NLL,-0.25182291865348816,0.9212074279785156
MDN,3,344,NLL,-0.25481462478637695,0.9211754202842712
MDN,3,345,NLL,-0.2559044361114502,0.9211706519126892
MDN,3,346,NLL,-0.25440865755081177,0.9211746454238892
MDN,3,347,NLL,-0.2529720067977905,0.9211779832839966
MDN,3,348,NLL,-0.253682017326355,0.9211551547050476
MDN,3,349,NLL,-0.2553212344646454,0.9211313724517822
MDN,3,350,NLL,-0.25563862919807434,0.921108067035675
MDN,3,351,NLL,-0.25460994243621826,0.921144962310791
MDN,3,352,NLL,-0.25413981080055237,0.9210901260375977
MDN,3,353,NLL,-0.25504106283187866,0.9210973381996155
MDN,3,354,NLL,-0.25609055161476135,0.9210467338562012
MDN,3,355,NLL,-0.25605204701423645,0.9210335612297058
MDN,3,356,NLL,-0.2554148733615875,0.9210391044616699
MDN,3,357,NLL,-0.2553548216819763,0.9210187792778015
MDN,3,358,NLL,-0.2560025751590729,0.9210188984870911
MDN,3,359,NLL,-0.2564562261104584,0.9209990501403809
MDN,3,360,NLL,-0.2562307119369507,0.9209933280944824
MDN,3,361,NLL,-0.2558305561542511,0.9210105538368225
MDN,3,362,NLL,-0.25587329268455505,0.920997142791748
MDN,3,363,NLL,-0.2562752664089203,0.9209978580474854
MDN,3,364,NLL,-0.2564888596534729,0.9210013151168823
MDN,3,365,NLL,-0.25630295276641846,0.9209791421890259
MDN,3,366,NLL,-0.25605037808418274,0.9209901094436646
MDN,3,367,NLL,-0.25609153509140015,0.9209612011909485
MDN,3,368,NLL,-0.25631603598594666,0.9209717512130737
MDN,3,369,NLL,-0.25639110803604126,0.9209577441215515
MDN,3,370,NLL,-0.25620782375335693,0.9209728837013245
MDN,3,371,NLL,-0.25593507289886475,0.920958399772644
MDN,3,372,NLL,-0.25579848885536194,0.9209707379341125
MDN,3,373,NLL,-0.2556872069835663,0.9209449887275696
MDN,3,374,NLL,-0.2554706931114197,0.9209765791893005
MDN,3,375,NLL,-0.25497186183929443,0.9209389686584473
MDN,3,376,NLL,-0.2543620467185974,0.9209914207458496
MDN,3,377,NLL,-0.25371766090393066,0.920941174030304
MDN,3,378,NLL,-0.2532402575016022,0.9209744930267334
MDN,3,379,NLL,-0.2528488337993622,0.9209235906600952
MDN,3,380,NLL,-0.25289931893348694,0.9209412932395935
MDN,3,381,NLL,-0.25319981575012207,0.920887291431427
MDN,3,382,NLL,-0.25421813130378723,0.9209049940109253
MDN,3,383,NLL,-0.25541359186172485,0.9208666086196899
MDN,3,384,NLL,-0.25657492876052856,0.9208795428276062
MDN,3,385,NLL,-0.2572380006313324,0.920856773853302
MDN,3,386,NLL,-0.25732362270355225,0.9208549857139587
MDN,3,387,NLL,-0.25699228048324585,0.9208484292030334
MDN,3,388,NLL,-0.2564908266067505,0.9208294749259949
MDN,3,389,NLL,-0.25609737634658813,0.9208383560180664
MDN,3,390,NLL,-0.2559162378311157,0.920825183391571
MDN,3,391,NLL,-0.25605034828186035,0.9208447933197021
MDN,3,392,NLL,-0.2563767433166504,0.9208299517631531
MDN,3,393,NLL,-0.2568366825580597,0.9208388924598694
MDN,3,394,NLL,-0.25726544857025146,0.9208232760429382
MDN,3,395,NLL,-0.25756147503852844,0.9208266735076904
MDN,3,396,NLL,-0.25766244530677795,0.9208160638809204
MDN,3,397,NLL,-0.2575899362564087,0.920813262462616
MDN,3,398,NLL,-0.2574204206466675,0.9208259582519531
MDN,3,399,NLL,-0.2572338879108429,0.9208150506019592
MDN,3,400,NLL,-0.25710397958755493,0.9208263754844666
MDN,3,401,NLL,-0.257059246301651,0.9208095073699951
MDN,3,402,NLL,-0.2571078836917877,0.9208146929740906
MDN,3,403,NLL,-0.25721654295921326,0.9208014011383057
MDN,3,404,NLL,-0.25738033652305603,0.9208051562309265
MDN,3,405,NLL,-0.2575468420982361,0.9207945466041565
MDN,3,406,NLL,-0.2577145993709564,0.9207968711853027
MDN,3,407,NLL,-0.2578469216823578,0.9207807779312134
MDN,3,408,NLL,-0.25794801115989685,0.9207807779312134
MDN,3,409,NLL,-0.2580146789550781,0.9207779169082642
MDN,3,410,NLL,-0.2580399811267853,0.9207746386528015
MDN,3,411,NLL,-0.25803256034851074,0.9207696914672852
MDN,3,412,NLL,-0.2580162584781647,0.9207640886306763
MDN,3,413,NLL,-0.25798898935317993,0.9207688570022583
MDN,3,414,NLL,-0.2579590082168579,0.9207600951194763
MDN,3,415,NLL,-0.2579209804534912,0.9207603335380554
MDN,3,416,NLL,-0.2578660845756531,0.9207520484924316
MDN,3,417,NLL,-0.257799357175827,0.9207561612129211
MDN,3,418,NLL,-0.2577055096626282,0.9207454919815063
MDN,3,419,NLL,-0.2575966715812683,0.9207541346549988
MDN,3,420,NLL,-0.2574414312839508,0.9207339882850647
MDN,3,421,NLL,-0.25725170969963074,0.9207452535629272
MDN,3,422,NLL,-0.2569912374019623,0.9207351207733154
MDN,3,423,NLL,-0.256694495677948,0.9207535982131958
MDN,3,424,NLL,-0.25629952549934387,0.9207381010055542
MDN,3,425,NLL,-0.25588539242744446,0.9207520484924316
MDN,3,426,NLL,-0.2553439140319824,0.9207333922386169
MDN,3,427,NLL,-0.25499600172042847,0.9207566976547241
MDN,3,428,NLL,-0.2547554671764374,0.9207175970077515
MDN,3,429,NLL,-0.2549694776535034,0.9207359552383423
MDN,3,430,NLL,-0.2553820312023163,0.9207046031951904
MDN,3,431,NLL,-0.256218820810318,0.9207211136817932
MDN,3,432,NLL,-0.2571140229701996,0.9206968545913696
MDN,3,433,NLL,-0.25794360041618347,0.9206973314285278
MDN,3,434,NLL,-0.2584593594074249,0.9206814169883728
MDN,3,435,NLL,-0.2586316466331482,0.9206716418266296
MDN,3,436,NLL,-0.2585112750530243,0.9206691980361938
MDN,3,437,NLL,-0.25822216272354126,0.9206745028495789
MDN,3,438,NLL,-0.25789546966552734,0.9206802845001221
MDN,3,439,NLL,-0.2575991451740265,0.9206754565238953
MDN,3,440,NLL,-0.2574533522129059,0.9206857085227966
MDN,3,441,NLL,-0.2574457824230194,0.9206706285476685
MDN,3,442,NLL,-0.25764724612236023,0.9206796884536743
MDN,3,443,NLL,-0.2579359710216522,0.9206715226173401
MDN,3,444,NLL,-0.2582628130912781,0.9206765294075012
MDN,3,445,NLL,-0.2585451602935791,0.9206629395484924
MDN,3,446,NLL,-0.25875404477119446,0.9206640124320984
MDN,3,447,NLL,-0.25887030363082886,0.9206627011299133
MDN,3,448,NLL,-0.25890588760375977,0.9206600785255432
MDN,3,449,NLL,-0.2588719427585602,0.9206544160842896
MDN,3,450,NLL,-0.2588036060333252,0.9206539988517761
MDN,3,451,NLL,-0.25870609283447266,0.9206603765487671
MDN,3,452,NLL,-0.25862106680870056,0.9206563234329224
MDN,3,453,NLL,-0.25853633880615234,0.920651376247406
MDN,3,454,NLL,-0.25845789909362793,0.9206454157829285
MDN,3,455,NLL,-0.2583963871002197,0.9206545352935791
MDN,3,456,NLL,-0.25833991169929504,0.9206539988517761
MDN,3,457,NLL,-0.25832420587539673,0.9206598997116089
MDN,3,458,NLL,-0.2582947015762329,0.9206537008285522
MDN,3,459,NLL,-0.2582848072052002,0.920648992061615
MDN,3,460,NLL,-0.25825703144073486,0.9206405282020569
MDN,3,461,NLL,-0.25827473402023315,0.9206416010856628
MDN,3,462,NLL,-0.2583002746105194,0.9206421971321106
MDN,3,463,NLL,-0.2583334743976593,0.9206390976905823
MDN,3,464,NLL,-0.2583547830581665,0.9206312298774719
MDN,3,465,NLL,-0.25838080048561096,0.9206326007843018
MDN,3,466,NLL,-0.258414626121521,0.9206312894821167
MDN,3,467,NLL,-0.2584700584411621,0.9206329584121704
MDN,3,468,NLL,-0.25848692655563354,0.9206219911575317
MDN,3,469,NLL,-0.2585141658782959,0.920623242855072
MDN,3,470,NLL,-0.2585011124610901,0.9206246137619019
MDN,3,471,NLL,-0.2585229277610779,0.920624315738678
MDN,3,472,NLL,-0.25850775837898254,0.9206165075302124
MDN,3,473,NLL,-0.25849708914756775,0.9206147193908691
MDN,3,474,NLL,-0.25844478607177734,0.920617938041687
MDN,3,475,NLL,-0.25841519236564636,0.9206194281578064
MDN,3,476,NLL,-0.2583750784397125,0.9206109046936035
MDN,3,477,NLL,-0.25832998752593994,0.9206082224845886
MDN,3,478,NLL,-0.25825151801109314,0.9206158518791199
MDN,3,479,NLL,-0.25817203521728516,0.9206187129020691
MDN,3,480,NLL,-0.2580973505973816,0.9206154346466064
MDN,3,481,NLL,-0.2580263316631317,0.9206136465072632
MDN,3,482,NLL,-0.25792980194091797,0.9206205606460571
MDN,3,483,NLL,-0.25786420702934265,0.9206176996231079
MDN,3,484,NLL,-0.25782230496406555,0.9206109046936035
MDN,3,485,NLL,-0.2578418254852295,0.9206046462059021
MDN,3,486,NLL,-0.25787636637687683,0.9206106662750244
MDN,3,487,NLL,-0.2579677700996399,0.9206117391586304
MDN,3,488,NLL,-0.2580980360507965,0.9206138849258423
MDN,3,489,NLL,-0.2582646906375885,0.9206028580665588
MDN,3,490,NLL,-0.25842031836509705,0.9206074476242065
MDN,3,491,NLL,-0.2585512399673462,0.9206017851829529
MDN,3,492,NLL,-0.25864630937576294,0.9206061959266663
MDN,3,493,NLL,-0.25866925716400146,0.9205869436264038
MDN,3,494,NLL,-0.2585946321487427,0.9205936193466187
MDN,3,495,NLL,-0.25843191146850586,0.9205906987190247
MDN,3,496,NLL,-0.25814610719680786,0.9205998778343201
MDN,3,497,NLL,-0.2577650249004364,0.9205832481384277
MDN,3,498,NLL,-0.25726625323295593,0.9205910563468933
MDN,3,499,NLL,-0.25675106048583984,0.9205889105796814
MDN,3,500,NLL,-0.2562498450279236,0.9205963611602783
MDN,3,501,NLL,-0.2559211552143097,0.9205745458602905
MDN,3,502,NLL,-0.25584834814071655,0.9205814003944397
MDN,3,503,NLL,-0.255990207195282,0.9205694794654846
MDN,3,504,NLL,-0.25643762946128845,0.9205954074859619
MDN,3,505,NLL,-0.25679510831832886,0.9205732941627502
MDN,3,506,NLL,-0.2571363151073456,0.920597493648529
MDN,3,507,NLL,-0.2571816146373749,0.9206028580665588
MDN,3,508,NLL,-0.2572133243083954,0.920602560043335
MDN,3,509,NLL,-0.25735148787498474,0.9206281900405884
MDN,3,510,NLL,-0.25765618681907654,0.920575737953186
MDN,3,511,NLL,-0.2581918239593506,0.9206187725067139
MDN,3,512,NLL,-0.258845716714859,0.9205690026283264
MDN,3,513,NLL,-0.25944653153419495,0.920577883720398
MDN,3,514,NLL,-0.2598209083080292,0.9205530881881714
MDN,3,515,NLL,-0.2598773241043091,0.9205405116081238
MDN,3,516,NLL,-0.2596472203731537,0.9205446243286133
MDN,3,517,NLL,-0.2592700719833374,0.9205597639083862
MDN,3,518,NLL,-0.2589177191257477,0.920567512512207
MDN,3,519,NLL,-0.25870364904403687,0.9205731153488159
MDN,3,520,NLL,-0.2586965560913086,0.9206007719039917
MDN,3,521,NLL,-0.25888335704803467,0.9205840229988098
MDN,3,522,NLL,-0.2592089772224426,0.9205986261367798
MDN,3,523,NLL,-0.2595454454421997,0.9205601215362549
MDN,3,524,NLL,-0.25981566309928894,0.9205640554428101
MDN,3,525,NLL,-0.2599853277206421,0.9205606579780579
MDN,3,526,NLL,-0.26004716753959656,0.9205681681632996
MDN,3,527,NLL,-0.26003172993659973,0.9205693006515503
MDN,3,528,NLL,-0.2599835991859436,0.9205564260482788
MDN,3,529,NLL,-0.259951651096344,0.9205579161643982
MDN,3,530,NLL,-0.25993862748146057,0.9205543994903564
MDN,3,531,NLL,-0.25997743010520935,0.9205507636070251
MDN,3,532,NLL,-0.26003676652908325,0.9205423593521118
MDN,3,533,NLL,-0.2601233422756195,0.9205594658851624
MDN,3,534,NLL,-0.26018384099006653,0.9205541610717773
MDN,3,535,NLL,-0.2602255940437317,0.9205542206764221
MDN,3,536,NLL,-0.26022985577583313,0.9205440282821655
MDN,3,537,NLL,-0.26019883155822754,0.9205508828163147
MDN,3,538,NLL,-0.2601214051246643,0.9205501675605774
MDN,3,539,NLL,-0.26000523567199707,0.9205463528633118
MDN,3,540,NLL,-0.259836345911026,0.9205301403999329
MDN,3,541,NLL,-0.25959187746047974,0.9205282330513
MDN,3,542,NLL,-0.2592679262161255,0.9205303192138672
MDN,3,543,NLL,-0.2587840259075165,0.9205412268638611
MDN,3,544,NLL,-0.2582026720046997,0.9205408692359924
MDN,3,545,NLL,-0.257300466299057,0.9205331206321716
MDN,3,546,NLL,-0.25628405809402466,0.920532763004303
MDN,3,547,NLL,-0.25492775440216064,0.9205371737480164
MDN,3,548,NLL,-0.25413116812705994,0.9205471873283386
MDN,3,549,NLL,-0.2534092664718628,0.9205462336540222
MDN,3,550,NLL,-0.2540130019187927,0.9205614924430847
MDN,3,551,NLL,-0.25511881709098816,0.9205337166786194
MDN,3,552,NLL,-0.2572433352470398,0.9205195903778076
MDN,3,553,NLL,-0.2591843903064728,0.9205028414726257
MDN,3,554,NLL,-0.26039740443229675,0.9204975366592407
MDN,3,555,NLL,-0.26055991649627686,0.9205020666122437
MDN,3,556,NLL,-0.25988730788230896,0.9205276370048523
MDN,3,557,NLL,-0.25891783833503723,0.9205160737037659
MDN,3,558,NLL,-0.2581603527069092,0.9205441474914551
MDN,3,559,NLL,-0.25808507204055786,0.92050701379776
MDN,3,560,NLL,-0.25853899121284485,0.9205113649368286
MDN,3,561,NLL,-0.25944358110427856,0.9205042719841003
MDN,3,562,NLL,-0.26024630665779114,0.9204936623573303
MDN,3,563,NLL,-0.2606627643108368,0.9204984903335571
MDN,3,564,NLL,-0.2606062889099121,0.9205114245414734
MDN,3,565,NLL,-0.2602345049381256,0.920526385307312
MDN,3,566,NLL,-0.2598109543323517,0.9205182790756226
MDN,3,567,NLL,-0.25954005122184753,0.9205418229103088
MDN,3,568,NLL,-0.25958549976348877,0.9205313324928284
MDN,3,569,NLL,-0.2598637044429779,0.9205555319786072
MDN,3,570,NLL,-0.2602671682834625,0.9205343723297119
MDN,3,571,NLL,-0.2606087327003479,0.9205208420753479
MDN,3,572,NLL,-0.2608080804347992,0.9205099940299988
MDN,3,573,NLL,-0.2608281075954437,0.9205111265182495
MDN,3,574,NLL,-0.2607221305370331,0.9205178022384644
MDN,3,575,NLL,-0.260552316904068,0.9205287098884583
MDN,3,576,NLL,-0.2603898048400879,0.9205295443534851
MDN,3,577,NLL,-0.26029130816459656,0.9205296039581299
MDN,3,578,NLL,-0.2602745294570923,0.9205179214477539
MDN,3,579,NLL,-0.2603563964366913,0.9205027222633362
MDN,3,580,NLL,-0.26048389077186584,0.9205034375190735
MDN,3,581,NLL,-0.26062774658203125,0.9205067753791809
MDN,3,582,NLL,-0.26074153184890747,0.9205133318901062
MDN,3,583,NLL,-0.26081013679504395,0.9205120205879211
MDN,3,584,NLL,-0.2607974708080292,0.9204887747764587
MDN,3,585,NLL,-0.26070359349250793,0.92049241065979
MDN,3,586,NLL,-0.260516881942749,0.9204897284507751
MDN,3,587,NLL,-0.2602122724056244,0.9205191731452942
MDN,3,588,NLL,-0.25971680879592896,0.9205142855644226
MDN,3,589,NLL,-0.2589450180530548,0.9205492734909058
MDN,3,590,NLL,-0.25776010751724243,0.9205190539360046
MDN,3,591,NLL,-0.2560323178768158,0.920573890209198
MDN,3,592,NLL,-0.2538411021232605,0.9205511808395386
MDN,3,593,NLL,-0.2513887882232666,0.9206368327140808
MDN,3,594,NLL,-0.25001153349876404,0.9206113219261169
MDN,3,595,NLL,-0.25058212876319885,0.920637309551239
MDN,3,596,NLL,-0.25400620698928833,0.9205771088600159
MDN,3,597,NLL,-0.2583518326282501,0.9205182194709778
MDN,3,598,NLL,-0.2607871890068054,0.9204803109169006
MDN,3,599,NLL,-0.26016882061958313,0.9204831719398499
MDN,3,600,NLL,-0.25793084502220154,0.9205600023269653
MDN,3,601,NLL,-0.2566869258880615,0.9205254912376404
MDN,3,602,NLL,-0.2576933205127716,0.9205905795097351
MDN,3,603,NLL,-0.2598639130592346,0.9205055832862854
MDN,3,604,NLL,-0.26095250248908997,0.9204942584037781
MDN,3,605,NLL,-0.2601831257343292,0.9204885363578796
MDN,3,606,NLL,-0.2588392198085785,0.9204691648483276
MDN,3,607,NLL,-0.25854185223579407,0.9204937219619751
MDN,3,608,NLL,-0.2596316635608673,0.9204840660095215
MDN,3,609,NLL,-0.26083454489707947,0.9204813838005066
MDN,3,610,NLL,-0.26100262999534607,0.9204699993133545
MDN,3,611,NLL,-0.260306179523468,0.9204683899879456
MDN,3,612,NLL,-0.2597976326942444,0.9205003976821899
MDN,3,613,NLL,-0.2601151764392853,0.9204842448234558
MDN,3,614,NLL,-0.2608795762062073,0.9205102324485779
MDN,3,615,NLL,-0.261287659406662,0.920494794845581
MDN,3,616,NLL,-0.2610478103160858,0.9204726815223694
MDN,3,617,NLL,-0.26058340072631836,0.9204803109169006
MDN,3,618,NLL,-0.2604547441005707,0.9204595685005188
MDN,3,619,NLL,-0.2607671916484833,0.9204656481742859
MDN,3,620,NLL,-0.26116183400154114,0.9204636216163635
MDN,3,621,NLL,-0.26125916838645935,0.9204599261283875
MDN,3,622,NLL,-0.26105156540870667,0.9204683899879456
MDN,3,623,NLL,-0.26080799102783203,0.9204656481742859
MDN,3,624,NLL,-0.2607685625553131,0.9204769730567932
MDN,3,625,NLL,-0.2609395682811737,0.9204652309417725
MDN,3,626,NLL,-0.26112425327301025,0.9204707145690918
MDN,3,627,NLL,-0.2611299455165863,0.9204810261726379
MDN,3,628,NLL,-0.26097437739372253,0.9204611778259277
MDN,3,629,NLL,-0.2607482969760895,0.9204662442207336
MDN,3,630,NLL,-0.26058968901634216,0.9204578995704651
MDN,3,631,NLL,-0.26048702001571655,0.9204679131507874
MDN,3,632,NLL,-0.26037731766700745,0.9204573035240173
MDN,3,633,NLL,-0.26011785864830017,0.9204712510108948
MDN,3,634,NLL,-0.25969603657722473,0.9204486012458801
MDN,3,635,NLL,-0.25900620222091675,0.9204638600349426
MDN,3,636,NLL,-0.25829148292541504,0.9204514622688293
MDN,3,637,NLL,-0.2573772072792053,0.9204429388046265
MDN,3,638,NLL,-0.25673437118530273,0.920440137386322
MDN,3,639,NLL,-0.2560468316078186,0.9204462766647339
MDN,3,640,NLL,-0.2562010586261749,0.9204452633857727
MDN,3,641,NLL,-0.25669118762016296,0.9204598069190979
MDN,3,642,NLL,-0.2579757571220398,0.9204419255256653
MDN,3,643,NLL,-0.25931236147880554,0.9204359650611877
MDN,3,644,NLL,-0.26055723428726196,0.9203975796699524
MDN,3,645,NLL,-0.2613583207130432,0.9204100370407104
MDN,3,646,NLL,-0.2615821361541748,0.9204053282737732
MDN,3,647,NLL,-0.2612983286380768,0.9203946590423584
MDN,3,648,NLL,-0.26073789596557617,0.9204229116439819
MDN,3,649,NLL,-0.2601608335971832,0.9204076528549194
MDN,3,650,NLL,-0.25985047221183777,0.9204304814338684
MDN,3,651,NLL,-0.2599082887172699,0.9203912019729614
MDN,3,652,NLL,-0.2602321207523346,0.9203963875770569
MDN,3,653,NLL,-0.2607642710208893,0.9203948378562927
MDN,3,654,NLL,-0.2612799406051636,0.9204087257385254
MDN,3,655,NLL,-0.2616159915924072,0.9204111695289612
MDN,3,656,NLL,-0.26170408725738525,0.9204098582267761
MDN,3,657,NLL,-0.26160958409309387,0.9204258918762207
MDN,3,658,NLL,-0.2614023983478546,0.9204226732254028
MDN,3,659,NLL,-0.26118943095207214,0.9204129576683044
MDN,3,660,NLL,-0.26102274656295776,0.9203912615776062
MDN,3,661,NLL,-0.26096969842910767,0.9204080700874329
MDN,3,662,NLL,-0.261029988527298,0.9204100370407104
MDN,3,663,NLL,-0.26116156578063965,0.92042076587677
MDN,3,664,NLL,-0.2613276243209839,0.9204083681106567
MDN,3,665,NLL,-0.2614995539188385,0.9204111695289612
MDN,3,666,NLL,-0.26163187623023987,0.9204092621803284
MDN,3,667,NLL,-0.2617296874523163,0.9203864932060242
MDN,3,668,NLL,-0.26178279519081116,0.9203774929046631
MDN,3,669,NLL,-0.2618277668952942,0.9203823804855347
MDN,3,670,NLL,-0.26183316111564636,0.9203985929489136
MDN,3,671,NLL,-0.2618086338043213,0.9203991889953613
MDN,3,672,NLL,-0.2617644965648651,0.9203862547874451
MDN,3,673,NLL,-0.26172953844070435,0.9203817248344421
MDN,3,674,NLL,-0.26167649030685425,0.9203876256942749
MDN,3,675,NLL,-0.2616303563117981,0.920382559299469
MDN,3,676,NLL,-0.2615676820278168,0.9203863739967346
MDN,3,677,NLL,-0.26151376962661743,0.9203870892524719
MDN,3,678,NLL,-0.2614448070526123,0.9203819632530212
MDN,3,679,NLL,-0.2613486647605896,0.9203618764877319
MDN,3,680,NLL,-0.2612462043762207,0.9203603267669678
MDN,3,681,NLL,-0.2611420452594757,0.9203539490699768
MDN,3,682,NLL,-0.26099541783332825,0.9203729033470154
MDN,3,683,NLL,-0.26082509756088257,0.9203702211380005
MDN,3,684,NLL,-0.2605776786804199,0.9203660488128662
MDN,3,685,NLL,-0.2603251338005066,0.9203505516052246
MDN,3,686,NLL,-0.25997716188430786,0.9203698635101318
MDN,3,687,NLL,-0.25967931747436523,0.9203624129295349
MDN,3,688,NLL,-0.25932174921035767,0.9203665256500244
MDN,3,689,NLL,-0.2590714991092682,0.9203534722328186
MDN,3,690,NLL,-0.2588374614715576,0.9203823208808899
MDN,3,691,NLL,-0.2589382827281952,0.9203604459762573
MDN,3,692,NLL,-0.25907570123672485,0.9203531742095947
MDN,3,693,NLL,-0.2595258057117462,0.9203277826309204
MDN,3,694,NLL,-0.26001301407814026,0.920346736907959
MDN,3,695,NLL,-0.2606719732284546,0.9203329086303711
MDN,3,696,NLL,-0.26121118664741516,0.9203166961669922
MDN,3,697,NLL,-0.26166218519210815,0.9203121066093445
MDN,3,698,NLL,-0.2619304060935974,0.9203273057937622
MDN,3,699,NLL,-0.2620702087879181,0.9203296303749084
MDN,3,700,NLL,-0.26205113530158997,0.9203261137008667
MDN,3,701,NLL,-0.2619563639163971,0.920344352722168
MDN,3,702,NLL,-0.26180529594421387,0.9203245043754578
MDN,3,703,NLL,-0.2616346478462219,0.9203243255615234
MDN,3,704,NLL,-0.2614791989326477,0.9203057885169983
MDN,3,705,NLL,-0.2613518238067627,0.9203265309333801
MDN,3,706,NLL,-0.26126712560653687,0.9203304052352905
MDN,3,707,NLL,-0.26121243834495544,0.9203269481658936
MDN,3,708,NLL,-0.26119711995124817,0.9203073978424072
MDN,3,709,NLL,-0.26125454902648926,0.9203269481658936
MDN,3,710,NLL,-0.26134568452835083,0.920318067073822
MDN,3,711,NLL,-0.26144954562187195,0.9203414916992188
MDN,3,712,NLL,-0.26155906915664673,0.9203270077705383
MDN,3,713,NLL,-0.26165318489074707,0.9203211069107056
MDN,3,714,NLL,-0.261740118265152,0.920296847820282
MDN,3,715,NLL,-0.26182347536087036,0.9202989339828491
MDN,3,716,NLL,-0.2618996202945709,0.9202925562858582
MDN,3,717,NLL,-0.2619669735431671,0.9203079342842102
MDN,3,718,NLL,-0.26200777292251587,0.9203125238418579
MDN,3,719,NLL,-0.26203805208206177,0.9203076362609863
MDN,3,720,NLL,-0.26204144954681396,0.9202861785888672
MDN,3,721,NLL,-0.2620278298854828,0.9202955961227417
MDN,3,722,NLL,-0.2619934380054474,0.9202890396118164
MDN,3,723,NLL,-0.261925607919693,0.9203081130981445
MDN,3,724,NLL,-0.2618003189563751,0.9202995896339417
MDN,3,725,NLL,-0.26159244775772095,0.9202977418899536
MDN,3,726,NLL,-0.26125773787498474,0.9202786684036255
MDN,3,727,NLL,-0.2607649862766266,0.920301079750061
MDN,3,728,NLL,-0.2600124776363373,0.9202924370765686
MDN,3,729,NLL,-0.258889377117157,0.9203472137451172
MDN,3,730,NLL,-0.2573273181915283,0.9203341603279114
MDN,3,731,NLL,-0.25529196858406067,0.9203851819038391
MDN,3,732,NLL,-0.25322046875953674,0.9203548431396484
MDN,3,733,NLL,-0.2518600821495056,0.9203982353210449
MDN,3,734,NLL,-0.2525084614753723,0.9203634858131409
MDN,3,735,NLL,-0.2554247975349426,0.9203559160232544
MDN,3,736,NLL,-0.25936511158943176,0.9203010201454163
MDN,3,737,NLL,-0.2619900703430176,0.9202710390090942
MDN,3,738,NLL,-0.26199451088905334,0.9202722907066345
MDN,3,739,NLL,-0.2601696252822876,0.9202650785446167
MDN,3,740,NLL,-0.25849446654319763,0.9203259944915771
MDN,3,741,NLL,-0.25861042737960815,0.9202828407287598
MDN,3,742,NLL,-0.2603060007095337,0.920311689376831
MDN,3,743,NLL,-0.262015700340271,0.9202722907066345
MDN,3,744,NLL,-0.26235905289649963,0.9202434420585632
MDN,3,745,NLL,-0.2614366114139557,0.9202491641044617
MDN,3,746,NLL,-0.2604629695415497,0.9202395081520081
MDN,3,747,NLL,-0.26048004627227783,0.9202646613121033
MDN,3,748,NLL,-0.2614087462425232,0.9202504754066467
MDN,3,749,NLL,-0.2623142898082733,0.9202674627304077
MDN,3,750,NLL,-0.26243284344673157,0.9202722907066345
MDN,3,751,NLL,-0.2619110941886902,0.9202466011047363
MDN,3,752,NLL,-0.2613988220691681,0.9202460050582886
MDN,3,753,NLL,-0.2614215016365051,0.9202311038970947
MDN,3,754,NLL,-0.2619231045246124,0.920240044593811
MDN,3,755,NLL,-0.26242417097091675,0.9202361702919006
MDN,3,756,NLL,-0.26253652572631836,0.92024165391922
MDN,3,757,NLL,-0.26229166984558105,0.9202304482460022
MDN,3,758,NLL,-0.26198458671569824,0.9202167391777039
MDN,3,759,NLL,-0.2619142532348633,0.9202132821083069
MDN,3,760,NLL,-0.2621252238750458,0.9202012419700623
MDN,3,761,NLL,-0.2624209523200989,0.9202090501785278
MDN,3,762,NLL,-0.2625806927680969,0.9202182292938232
MDN,3,763,NLL,-0.26251479983329773,0.9202226400375366
MDN,3,764,NLL,-0.26231256127357483,0.920210599899292
MDN,3,765,NLL,-0.2620907127857208,0.9201919436454773
MDN,3,766,NLL,-0.2619341015815735,0.920203685760498
MDN,3,767,NLL,-0.2617749273777008,0.9201977849006653
MDN,3,768,NLL,-0.2614271640777588,0.920219361782074
MDN,3,769,NLL,-0.26063498854637146,0.9202156066894531
MDN,3,770,NLL,-0.2589362859725952,0.9202154278755188
MDN,3,771,NLL,-0.2561364769935608,0.9202001690864563
MDN,3,772,NLL,-0.2513055205345154,0.9202299118041992
MDN,3,773,NLL,-0.2463332712650299,0.9202583432197571
MDN,3,774,NLL,-0.24027025699615479,0.9202545881271362
MDN,3,775,NLL,-0.24232807755470276,0.9203466773033142
MDN,3,776,NLL,-0.24832271039485931,0.9201492071151733
MDN,3,777,NLL,-0.25814858078956604,0.9201740622520447
MDN,3,778,NLL,-0.26238805055618286,0.9201083183288574
MDN,3,779,NLL,-0.25990140438079834,0.920198380947113
MDN,3,780,NLL,-0.2551591098308563,0.9202104210853577
MDN,3,781,NLL,-0.25252142548561096,0.9204204082489014
MDN,3,782,NLL,-0.2549442946910858,0.920211911201477
MDN,3,783,NLL,-0.2605951726436615,0.920215904712677
MDN,3,784,NLL,-0.26242247223854065,0.920153021812439
MDN,3,785,NLL,-0.2596546411514282,0.92013019323349
MDN,3,786,NLL,-0.2569466531276703,0.9202319979667664
MDN,3,787,NLL,-0.25773829221725464,0.9202353358268738
MDN,3,788,NLL,-0.2612120509147644,0.9201990365982056
MDN,3,789,NLL,-0.2622751295566559,0.9201644659042358
MDN,3,790,NLL,-0.2609618306159973,0.9202020764350891
MDN,3,791,NLL,-0.2595697343349457,0.9202554821968079
MDN,3,792,NLL,-0.2598244249820709,0.9202441573143005
MDN,3,793,NLL,-0.261244535446167,0.9202142357826233
MDN,3,794,NLL,-0.26248469948768616,0.9202082753181458
MDN,3,795,NLL,-0.2621488869190216,0.920238733291626
MDN,3,796,NLL,-0.2609320282936096,0.920251727104187
MDN,3,797,NLL,-0.2608509659767151,0.9202112555503845
MDN,3,798,NLL,-0.2617437541484833,0.9201560616493225
MDN,3,799,NLL,-0.26250728964805603,0.9201487302780151
MDN,3,800,NLL,-0.2624913156032562,0.9201546907424927
MDN,3,801,NLL,-0.26207518577575684,0.9201866984367371
MDN,3,802,NLL,-0.2616801857948303,0.9201991558074951
MDN,3,803,NLL,-0.2617863416671753,0.9201920032501221
MDN,3,804,NLL,-0.262328177690506,0.9201546907424927
MDN,3,805,NLL,-0.2628447413444519,0.9201273322105408
MDN,3,806,NLL,-0.262702077627182,0.9201159477233887
MDN,3,807,NLL,-0.26229193806648254,0.9201154112815857
MDN,3,808,NLL,-0.26218220591545105,0.920145571231842
MDN,3,809,NLL,-0.2623623311519623,0.9201363325119019
MDN,3,810,NLL,-0.26263734698295593,0.9201368093490601
MDN,3,811,NLL,-0.26287102699279785,0.9201047420501709
MDN,3,812,NLL,-0.2629130482673645,0.9201083779335022
MDN,3,813,NLL,-0.26271024346351624,0.920109748840332
MDN,3,814,NLL,-0.2625385522842407,0.9200923442840576
MDN,3,815,NLL,-0.262572318315506,0.9201087355613708
MDN,3,816,NLL,-0.2627675235271454,0.9201160073280334
MDN,3,817,NLL,-0.26290974020957947,0.9201300144195557
MDN,3,818,NLL,-0.2629677653312683,0.9201169013977051
MDN,3,819,NLL,-0.2629449963569641,0.9200815558433533
MDN,3,820,NLL,-0.2628936767578125,0.9200776815414429
MDN,3,821,NLL,-0.2628175616264343,0.9200806021690369
MDN,3,822,NLL,-0.262847363948822,0.9200814962387085
MDN,3,823,NLL,-0.26292937994003296,0.9200889468193054
MDN,3,824,NLL,-0.2630162239074707,0.9201021194458008
MDN,3,825,NLL,-0.2630433440208435,0.9200888276100159
MDN,3,826,NLL,-0.2630288302898407,0.9200751185417175
MDN,3,827,NLL,-0.2630097568035126,0.9200628399848938
MDN,3,828,NLL,-0.26299354434013367,0.9200668931007385
MDN,3,829,NLL,-0.2629816234111786,0.9200828075408936
MDN,3,830,NLL,-0.26300933957099915,0.9200819134712219
MDN,3,831,NLL,-0.26305776834487915,0.9200839996337891
MDN,3,832,NLL,-0.26310446858406067,0.9200610518455505
MDN,3,833,NLL,-0.26311519742012024,0.9200483560562134
MDN,3,834,NLL,-0.2631067931652069,0.9200432896614075
MDN,3,835,NLL,-0.2630985975265503,0.9200394749641418
MDN,3,836,NLL,-0.26309365034103394,0.9200527667999268
MDN,3,837,NLL,-0.26308774948120117,0.9200672507286072
MDN,3,838,NLL,-0.26309287548065186,0.920048177242279
MDN,3,839,NLL,-0.2631102204322815,0.9200336337089539
MDN,3,840,NLL,-0.26314252614974976,0.9200277924537659
MDN,3,841,NLL,-0.2631668150424957,0.9200297594070435
MDN,3,842,NLL,-0.2631797790527344,0.9200358390808105
MDN,3,843,NLL,-0.2631867229938507,0.9200397729873657
MDN,3,844,NLL,-0.26319292187690735,0.9200494885444641
MDN,3,845,NLL,-0.2631931006908417,0.9200335144996643
MDN,3,846,NLL,-0.26318788528442383,0.9200214147567749
MDN,3,847,NLL,-0.2631864547729492,0.9200189113616943
MDN,3,848,NLL,-0.26319172978401184,0.9200190901756287
MDN,3,849,NLL,-0.26320183277130127,0.9200282692909241
MDN,3,850,NLL,-0.26321423053741455,0.9200334548950195
MDN,3,851,NLL,-0.2632247805595398,0.9200196266174316
MDN,3,852,NLL,-0.2632361054420471,0.9200130701065063
MDN,3,853,NLL,-0.2632485628128052,0.9200081825256348
MDN,3,854,NLL,-0.2632625997066498,0.9200080037117004
MDN,3,855,NLL,-0.263271689414978,0.9200097918510437
MDN,3,856,NLL,-0.2632772922515869,0.9200165271759033
MDN,3,857,NLL,-0.2632801830768585,0.9200213551521301
MDN,3,858,NLL,-0.26327788829803467,0.9199960827827454
MDN,3,859,NLL,-0.2632763683795929,0.9199859499931335
MDN,3,860,NLL,-0.2632715404033661,0.919990062713623
MDN,3,861,NLL,-0.2632649540901184,0.9199936985969543
MDN,3,862,NLL,-0.26324623823165894,0.920004665851593
MDN,3,863,NLL,-0.26322034001350403,0.9200102686882019
MDN,3,864,NLL,-0.2631768584251404,0.9199968576431274
MDN,3,865,NLL,-0.2631063759326935,0.9199793338775635
MDN,3,866,NLL,-0.2630029320716858,0.9199798703193665
MDN,3,867,NLL,-0.26285111904144287,0.9199837446212769
MDN,3,868,NLL,-0.2626221179962158,0.9200055003166199
MDN,3,869,NLL,-0.26226502656936646,0.9200043082237244
MDN,3,870,NLL,-0.26172351837158203,0.9199991226196289
MDN,3,871,NLL,-0.26091861724853516,0.9199817180633545
MDN,3,872,NLL,-0.259774386882782,0.9200074672698975
MDN,3,873,NLL,-0.258232057094574,0.9200109839439392
MDN,3,874,NLL,-0.2563883662223816,0.920063316822052
MDN,3,875,NLL,-0.2545948326587677,0.920068085193634
MDN,3,876,NLL,-0.25359907746315,0.9200977683067322
MDN,3,877,NLL,-0.2542707026004791,0.9200591444969177
MDN,3,878,NLL,-0.2569558620452881,0.9200430512428284
MDN,3,879,NLL,-0.260342538356781,0.9199860095977783
MDN,3,880,NLL,-0.26269078254699707,0.9199722409248352
MDN,3,881,NLL,-0.2628166973590851,0.9199748635292053
MDN,3,882,NLL,-0.26134106516838074,0.9199763536453247
MDN,3,883,NLL,-0.2598450779914856,0.9200069904327393
MDN,3,884,NLL,-0.25975993275642395,0.9199829697608948
MDN,3,885,NLL,-0.2610553503036499,0.9199540019035339
MDN,3,886,NLL,-0.2626997232437134,0.9199295043945312
MDN,3,887,NLL,-0.26340287923812866,0.9199241995811462
MDN,3,888,NLL,-0.2629105746746063,0.9199444055557251
MDN,3,889,NLL,-0.2619624137878418,0.9199594259262085
MDN,3,890,NLL,-0.26150649785995483,0.919980525970459
MDN,3,891,NLL,-0.2619200050830841,0.9199687242507935
MDN,3,892,NLL,-0.2627524733543396,0.9199421405792236
MDN,3,893,NLL,-0.2633187174797058,0.9199255108833313
MDN,3,894,NLL,-0.26326310634613037,0.9199178814888
MDN,3,895,NLL,-0.2627960443496704,0.9199256300926208
MDN,3,896,NLL,-0.2623799741268158,0.9199358820915222
MDN,3,897,NLL,-0.26238587498664856,0.9199196100234985
MDN,3,898,NLL,-0.2627338767051697,0.9199151396751404
MDN,3,899,NLL,-0.26316729187965393,0.9199150204658508
MDN,3,900,NLL,-0.2633488178253174,0.9199022650718689
MDN,3,901,NLL,-0.26321524381637573,0.9199127554893494
MDN,3,902,NLL,-0.262932151556015,0.9199168086051941
MDN,3,903,NLL,-0.2627010941505432,0.9199207425117493
MDN,3,904,NLL,-0.2626503109931946,0.9198994636535645
MDN,3,905,NLL,-0.26273685693740845,0.9198943972587585
MDN,3,906,NLL,-0.2628457248210907,0.9198949933052063
MDN,3,907,NLL,-0.2628342807292938,0.919903039932251
MDN,3,908,NLL,-0.262635201215744,0.9199081063270569
MDN,3,909,NLL,-0.2622341811656952,0.9199015498161316
MDN,3,910,NLL,-0.26165539026260376,0.9198983311653137
MDN,3,911,NLL,-0.2610924243927002,0.9199252128601074
MDN,3,912,NLL,-0.2604723572731018,0.919904351234436
MDN,3,913,NLL,-0.25986260175704956,0.9199404716491699
MDN,3,914,NLL,-0.25923362374305725,0.9199236631393433
MDN,3,915,NLL,-0.25852590799331665,0.9199150800704956
MDN,3,916,NLL,-0.25819599628448486,0.919884443283081
MDN,3,917,NLL,-0.25805336236953735,0.9198867678642273
MDN,3,918,NLL,-0.2587316930294037,0.919892430305481
MDN,3,919,NLL,-0.2596469521522522,0.9198991060256958
MDN,3,920,NLL,-0.26096785068511963,0.919894278049469
MDN,3,921,NLL,-0.26213404536247253,0.9198839664459229
MDN,3,922,NLL,-0.26302802562713623,0.9198712110519409
MDN,3,923,NLL,-0.2635246813297272,0.919861912727356
MDN,3,924,NLL,-0.2636010944843292,0.9198715686798096
MDN,3,925,NLL,-0.2633253037929535,0.9198724031448364
MDN,3,926,NLL,-0.2628398835659027,0.9198917150497437
MDN,3,927,NLL,-0.26231586933135986,0.9198783040046692
MDN,3,928,NLL,-0.26198068261146545,0.9198474287986755
MDN,3,929,NLL,-0.2618638277053833,0.9198325276374817
MDN,3,930,NLL,-0.26207464933395386,0.9198347330093384
MDN,3,931,NLL,-0.2624787390232086,0.9198418855667114
MDN,3,932,NLL,-0.2629051208496094,0.9198631644248962
MDN,3,933,NLL,-0.2632855176925659,0.9198679327964783
MDN,3,934,NLL,-0.2635491192340851,0.9198575615882874
MDN,3,935,NLL,-0.2636629641056061,0.9198333621025085
MDN,3,936,NLL,-0.2636527419090271,0.9198188185691833
MDN,3,937,NLL,-0.2635807394981384,0.9198262095451355
MDN,3,938,NLL,-0.2634848654270172,0.919836163520813
MDN,3,939,NLL,-0.2633800804615021,0.9198548197746277
MDN,3,940,NLL,-0.26329079270362854,0.9198431968688965
MDN,3,941,NLL,-0.2632139027118683,0.9198324680328369
MDN,3,942,NLL,-0.26314613223075867,0.9198299050331116
MDN,3,943,NLL,-0.2631167769432068,0.9198271036148071
MDN,3,944,NLL,-0.26308172941207886,0.9198317527770996
MDN,3,945,NLL,-0.26306605339050293,0.9198482632637024
MDN,3,946,NLL,-0.26302361488342285,0.9198439717292786
MDN,3,947,NLL,-0.2629897892475128,0.9198330044746399
MDN,3,948,NLL,-0.2629413902759552,0.919812798500061
MDN,3,949,NLL,-0.2629217505455017,0.919816255569458
MDN,3,950,NLL,-0.26289913058280945,0.9198200702667236
MDN,3,951,NLL,-0.26291972398757935,0.9198310375213623
MDN,3,952,NLL,-0.26289626955986023,0.919829785823822
MDN,3,953,NLL,-0.26288825273513794,0.9198224544525146
MDN,3,954,NLL,-0.26282626390457153,0.9198064804077148
MDN,3,955,NLL,-0.2628195881843567,0.9198037981987
MDN,3,956,NLL,-0.2627725303173065,0.9198049306869507
MDN,3,957,NLL,-0.26274123787879944,0.9198205471038818
MDN,3,958,NLL,-0.26267102360725403,0.9198168516159058
MDN,3,959,NLL,-0.26257389783859253,0.9198076725006104
MDN,3,960,NLL,-0.2624399960041046,0.9197932481765747
MDN,3,961,NLL,-0.26229798793792725,0.9197933077812195
MDN,3,962,NLL,-0.26215776801109314,0.9197958707809448
MDN,3,963,NLL,-0.2620120346546173,0.9197877049446106
MDN,3,964,NLL,-0.2618459463119507,0.9197909235954285
MDN,3,965,NLL,-0.26175105571746826,0.9198046326637268
MDN,3,966,NLL,-0.2616954445838928,0.9197934865951538
MDN,3,967,NLL,-0.26165443658828735,0.9197749495506287
MDN,3,968,NLL,-0.2616817355155945,0.9197654128074646
MDN,3,969,NLL,-0.26179584860801697,0.9197751879692078
MDN,3,970,NLL,-0.2620500326156616,0.9197748899459839
MDN,3,971,NLL,-0.2623162865638733,0.9197900891304016
MDN,3,972,NLL,-0.2626093924045563,0.9197903871536255
MDN,3,973,NLL,-0.26288920640945435,0.9197837710380554
MDN,3,974,NLL,-0.2631453275680542,0.9197605848312378
MDN,3,975,NLL,-0.26337364315986633,0.9197525382041931
MDN,3,976,NLL,-0.26355797052383423,0.9197627902030945
MDN,3,977,NLL,-0.2637069821357727,0.919772207736969
MDN,3,978,NLL,-0.2638006806373596,0.9197732210159302
MDN,3,979,NLL,-0.26386913657188416,0.9197554588317871
MDN,3,980,NLL,-0.2639027237892151,0.919743001461029
MDN,3,981,NLL,-0.2639095187187195,0.919734537601471
MDN,3,982,NLL,-0.26389679312705994,0.919731616973877
MDN,3,983,NLL,-0.26386409997940063,0.9197460412979126
MDN,3,984,NLL,-0.2638005316257477,0.9197422862052917
MDN,3,985,NLL,-0.2636989653110504,0.9197487235069275
MDN,3,986,NLL,-0.26353734731674194,0.9197281002998352
MDN,3,987,NLL,-0.26329517364501953,0.9197291135787964
MDN,3,988,NLL,-0.2629997730255127,0.91974276304245
MDN,3,989,NLL,-0.2625201642513275,0.9197543263435364
MDN,3,990,NLL,-0.26191776990890503,0.9197572469711304
MDN,3,991,NLL,-0.2609706223011017,0.9197637438774109
MDN,3,992,NLL,-0.2599758207798004,0.9197956919670105
MDN,3,993,NLL,-0.2585553824901581,0.9198005199432373
MDN,3,994,NLL,-0.25731226801872253,0.919824481010437
MDN,3,995,NLL,-0.2559887766838074,0.9198285341262817
MDN,3,996,NLL,-0.2556435167789459,0.9198757410049438
MDN,3,997,NLL,-0.25621265172958374,0.919839084148407
MDN,3,998,NLL,-0.257922887802124,0.9198117852210999
MDN,3,999,NLL,-0.26033517718315125,0.9197807908058167
MDN,3,1000,NLL,-0.2625516653060913,0.9197503924369812
MDN,4,1,NLL,2.3050472736358643,1.1087539196014404
MDN,4,2,NLL,2.10918927192688,1.1024295091629028
MDN,4,3,NLL,1.9838945865631104,1.0978002548217773
MDN,4,4,NLL,1.8875905275344849,1.0932279825210571
MDN,4,5,NLL,1.8114738464355469,1.0880146026611328
MDN,4,6,NLL,1.748010516166687,1.0819423198699951
MDN,4,7,NLL,1.6966242790222168,1.0749456882476807
MDN,4,8,NLL,1.6519831418991089,1.0669764280319214
MDN,4,9,NLL,1.6110836267471313,1.0584255456924438
MDN,4,10,NLL,1.5726865530014038,1.0495306253433228
MDN,4,11,NLL,1.5364799499511719,1.040487289428711
MDN,4,12,NLL,1.5026257038116455,1.0314759016036987
MDN,4,13,NLL,1.471876621246338,1.022444725036621
MDN,4,14,NLL,1.44465172290802,1.0134166479110718
MDN,4,15,NLL,1.4163804054260254,1.00461745262146
MDN,4,16,NLL,1.3881219625473022,0.9959843754768372
MDN,4,17,NLL,1.3610347509384155,0.9875577688217163
MDN,4,18,NLL,1.3353129625320435,0.9790704250335693
MDN,4,19,NLL,1.3100192546844482,0.9704377055168152
MDN,4,20,NLL,1.2841987609863281,0.9618654251098633
MDN,4,21,NLL,1.2571712732315063,0.9539574980735779
MDN,4,22,NLL,1.2287484407424927,0.9474671483039856
MDN,4,23,NLL,1.1993297338485718,0.9429587721824646
MDN,4,24,NLL,1.169588565826416,0.9404582977294922
MDN,4,25,NLL,1.1394050121307373,0.9393566250801086
MDN,4,26,NLL,1.108331322669983,0.9384751319885254
MDN,4,27,NLL,1.0756646394729614,0.9366937875747681
MDN,4,28,NLL,1.0420085191726685,0.9336020946502686
MDN,4,29,NLL,1.0087664127349854,0.929806113243103
MDN,4,30,NLL,0.9756214618682861,0.9266937375068665
MDN,4,31,NLL,0.9403895735740662,0.9252533912658691
MDN,4,32,NLL,0.903654932975769,0.9254196286201477
MDN,4,33,NLL,0.8671097755432129,0.9267002940177917
MDN,4,34,NLL,0.8292522430419922,0.9289966821670532
MDN,4,35,NLL,0.792134165763855,0.9316364526748657
MDN,4,36,NLL,0.7543920278549194,0.9322521090507507
MDN,4,37,NLL,0.7121787667274475,0.9303296208381653
MDN,4,38,NLL,0.6716892123222351,0.9287702441215515
MDN,4,39,NLL,0.6319307684898376,0.9287941455841064
MDN,4,40,NLL,0.5927375555038452,0.929944634437561
MDN,4,41,NLL,0.5524298548698425,0.932461142539978
MDN,4,42,NLL,0.5185803174972534,0.9359654188156128
MDN,4,43,NLL,0.48192065954208374,0.9398745894432068
MDN,4,44,NLL,0.44900447130203247,0.9446038603782654
MDN,4,45,NLL,0.4167831838130951,0.9465357661247253
MDN,4,46,NLL,0.3816658854484558,0.9429421424865723
MDN,4,47,NLL,0.3477073311805725,0.9401973485946655
MDN,4,48,NLL,0.31323063373565674,0.938790500164032
MDN,4,49,NLL,0.28159099817276,0.9366355538368225
MDN,4,50,NLL,0.2501174509525299,0.937160849571228
MDN,4,51,NLL,0.21919207274913788,0.9396457672119141
MDN,4,52,NLL,0.19335752725601196,0.9426377415657043
MDN,4,53,NLL,0.16604334115982056,0.945369303226471
MDN,4,54,NLL,0.1394808441400528,0.9456290602684021
MDN,4,55,NLL,0.11673515290021896,0.9437801837921143
MDN,4,56,NLL,0.09896614402532578,0.9430254101753235
MDN,4,57,NLL,0.08445263653993607,0.9401782155036926
MDN,4,58,NLL,0.050875499844551086,0.9373204708099365
MDN,4,59,NLL,0.03544846177101135,0.9351911544799805
MDN,4,60,NLL,0.028376728296279907,0.9334746599197388
MDN,4,61,NLL,-0.00496757822111249,0.931748628616333
MDN,4,62,NLL,-0.007456233724951744,0.9315445423126221
MDN,4,63,NLL,-0.024592693895101547,0.9314748644828796
MDN,4,64,NLL,-0.04496762156486511,0.9327998161315918
MDN,4,65,NLL,-0.047324325889348984,0.935355007648468
MDN,4,66,NLL,-0.06738391518592834,0.9353142976760864
MDN,4,67,NLL,-0.07017827779054642,0.9357219934463501
MDN,4,68,NLL,-0.07931873202323914,0.9354692697525024
MDN,4,69,NLL,-0.08532615751028061,0.9358116984367371
MDN,4,70,NLL,-0.08982899785041809,0.9305992722511292
MDN,4,71,NLL,-0.109542615711689,0.9305571913719177
MDN,4,72,NLL,-0.1105908527970314,0.9315597414970398
MDN,4,73,NLL,-0.1216597631573677,0.9293780326843262
MDN,4,74,NLL,-0.12518303096294403,0.9280208945274353
MDN,4,75,NLL,-0.138995960354805,0.9294196367263794
MDN,4,76,NLL,-0.1336546391248703,0.929942786693573
MDN,4,77,NLL,-0.1493261456489563,0.9281797409057617
MDN,4,78,NLL,-0.1436655968427658,0.9285048246383667
MDN,4,79,NLL,-0.13588032126426697,0.9277839660644531
MDN,4,80,NLL,-0.1387113332748413,0.9284470677375793
MDN,4,81,NLL,-0.14309819042682648,0.9262649416923523
MDN,4,82,NLL,-0.1684076339006424,0.9262139797210693
MDN,4,83,NLL,-0.15541842579841614,0.9271664023399353
MDN,4,84,NLL,-0.15887613594532013,0.9252920150756836
MDN,4,85,NLL,-0.17461395263671875,0.9252133965492249
MDN,4,86,NLL,-0.16708514094352722,0.9264487624168396
MDN,4,87,NLL,-0.17162661254405975,0.9250855445861816
MDN,4,88,NLL,-0.1809915453195572,0.9243832230567932
MDN,4,89,NLL,-0.1776098757982254,0.9248209595680237
MDN,4,90,NLL,-0.18072448670864105,0.9240891933441162
MDN,4,91,NLL,-0.18830081820487976,0.9234265685081482
MDN,4,92,NLL,-0.18383754789829254,0.923542857170105
MDN,4,93,NLL,-0.18950271606445312,0.9232610464096069
MDN,4,94,NLL,-0.19330283999443054,0.9228620529174805
MDN,4,95,NLL,-0.1898832768201828,0.9230459332466125
MDN,4,96,NLL,-0.19669900834560394,0.9230024218559265
MDN,4,97,NLL,-0.19604536890983582,0.9226439595222473
MDN,4,98,NLL,-0.19623114168643951,0.9227482080459595
MDN,4,99,NLL,-0.20129477977752686,0.922725260257721
MDN,4,100,NLL,-0.198810875415802,0.9224639534950256
MDN,4,101,NLL,-0.20198984444141388,0.9225385189056396
MDN,4,102,NLL,-0.2039642035961151,0.9225643873214722
MDN,4,103,NLL,-0.20190678536891937,0.9224464893341064
MDN,4,104,NLL,-0.20630700886249542,0.9225298166275024
MDN,4,105,NLL,-0.20630984008312225,0.9225828051567078
MDN,4,106,NLL,-0.20533719658851624,0.922529935836792
MDN,4,107,NLL,-0.20864666998386383,0.9226115345954895
MDN,4,108,NLL,-0.2081352174282074,0.9226380586624146
MDN,4,109,NLL,-0.20887964963912964,0.9226789474487305
MDN,4,110,NLL,-0.2106286734342575,0.9227215051651001
MDN,4,111,NLL,-0.2095155566930771,0.9227415919303894
MDN,4,112,NLL,-0.21100352704524994,0.9227848649024963
MDN,4,113,NLL,-0.2124066799879074,0.9228488206863403
MDN,4,114,NLL,-0.21190093457698822,0.92289799451828
MDN,4,115,NLL,-0.21313199400901794,0.9229653477668762
MDN,4,116,NLL,-0.2134731560945511,0.9230362176895142
MDN,4,117,NLL,-0.21319158375263214,0.9230384230613708
MDN,4,118,NLL,-0.2144278883934021,0.9231139421463013
MDN,4,119,NLL,-0.21470817923545837,0.9231112599372864
MDN,4,120,NLL,-0.21490252017974854,0.9231120944023132
MDN,4,121,NLL,-0.21598561108112335,0.9231467843055725
MDN,4,122,NLL,-0.2161434441804886,0.9231924414634705
MDN,4,123,NLL,-0.21644338965415955,0.9231416583061218
MDN,4,124,NLL,-0.2172396034002304,0.9231888651847839
MDN,4,125,NLL,-0.21734225749969482,0.9232150912284851
MDN,4,126,NLL,-0.21764196455478668,0.9232069849967957
MDN,4,127,NLL,-0.21827100217342377,0.9232432246208191
MDN,4,128,NLL,-0.21838045120239258,0.9232914447784424
MDN,4,129,NLL,-0.2186131626367569,0.9232593178749084
MDN,4,130,NLL,-0.21893444657325745,0.9233335256576538
MDN,4,131,NLL,-0.21860386431217194,0.9233365058898926
MDN,4,132,NLL,-0.21774284541606903,0.9233552813529968
MDN,4,133,NLL,-0.21560363471508026,0.9233084321022034
MDN,4,134,NLL,-0.21093638241291046,0.9234451651573181
MDN,4,135,NLL,-0.20601077377796173,0.9232698082923889
MDN,4,136,NLL,-0.20818819105625153,0.9234484434127808
MDN,4,137,NLL,-0.21801748871803284,0.9232120513916016
MDN,4,138,NLL,-0.22095909714698792,0.9232069849967957
MDN,4,139,NLL,-0.2149628847837448,0.923334538936615
MDN,4,140,NLL,-0.2148614078760147,0.9231646060943604
MDN,4,141,NLL,-0.22136028110980988,0.9232208728790283
MDN,4,142,NLL,-0.22085678577423096,0.9231782555580139
MDN,4,143,NLL,-0.217329204082489,0.9231351017951965
MDN,4,144,NLL,-0.2207072675228119,0.9231813549995422
MDN,4,145,NLL,-0.22327090799808502,0.9230809211730957
MDN,4,146,NLL,-0.22051486372947693,0.923050582408905
MDN,4,147,NLL,-0.22095464169979095,0.9231106042861938
MDN,4,148,NLL,-0.22386997938156128,0.922987699508667
MDN,4,149,NLL,-0.22304095327854156,0.9229701161384583
MDN,4,150,NLL,-0.22228586673736572,0.9230506420135498
MDN,4,151,NLL,-0.2242664396762848,0.922922670841217
MDN,4,152,NLL,-0.22463881969451904,0.9229397773742676
MDN,4,153,NLL,-0.22366991639137268,0.9229908585548401
MDN,4,154,NLL,-0.22466032207012177,0.9228650331497192
MDN,4,155,NLL,-0.22578568756580353,0.9228843450546265
MDN,4,156,NLL,-0.2252414971590042,0.9228905439376831
MDN,4,157,NLL,-0.2253294140100479,0.9227822422981262
MDN,4,158,NLL,-0.22645021975040436,0.9228220582008362
MDN,4,159,NLL,-0.22650037705898285,0.9227946400642395
MDN,4,160,NLL,-0.22618679702281952,0.9227192401885986
MDN,4,161,NLL,-0.22699913382530212,0.9227641224861145
MDN,4,162,NLL,-0.22757382690906525,0.92271888256073
MDN,4,163,NLL,-0.22725428640842438,0.9226657748222351
MDN,4,164,NLL,-0.2275513857603073,0.9227067232131958
MDN,4,165,NLL,-0.2282930612564087,0.922644853591919
MDN,4,166,NLL,-0.22828631103038788,0.922613263130188
MDN,4,167,NLL,-0.2282513976097107,0.9226589202880859
MDN,4,168,NLL,-0.2288450300693512,0.9225886464118958
MDN,4,169,NLL,-0.22919891774654388,0.9225826859474182
MDN,4,170,NLL,-0.22914724051952362,0.9226033687591553
MDN,4,171,NLL,-0.22942082583904266,0.9225395917892456
MDN,4,172,NLL,-0.22987854480743408,0.922542154788971
MDN,4,173,NLL,-0.2300270050764084,0.9225298166275024
MDN,4,174,NLL,-0.23011575639247894,0.9224729537963867
MDN,4,175,NLL,-0.23042728006839752,0.9224766492843628
MDN,4,176,NLL,-0.23075129091739655,0.9224501848220825
MDN,4,177,NLL,-0.2309093028306961,0.9224178791046143
MDN,4,178,NLL,-0.2310660034418106,0.9224284887313843
MDN,4,179,NLL,-0.23135097324848175,0.9223921895027161
MDN,4,180,NLL,-0.23164013028144836,0.922379195690155
MDN,4,181,NLL,-0.23181098699569702,0.9223771691322327
MDN,4,182,NLL,-0.23197145760059357,0.9223507642745972
MDN,4,183,NLL,-0.23223090171813965,0.9223486185073853
MDN,4,184,NLL,-0.2325063943862915,0.9223363995552063
MDN,4,185,NLL,-0.23268316686153412,0.9223195314407349
MDN,4,186,NLL,-0.23284398019313812,0.9223179817199707
MDN,4,187,NLL,-0.23308449983596802,0.9222973585128784
MDN,4,188,NLL,-0.23333626985549927,0.9222874641418457
MDN,4,189,NLL,-0.23352032899856567,0.9222735166549683
MDN,4,190,NLL,-0.23369532823562622,0.9222546815872192
MDN,4,191,NLL,-0.23391568660736084,0.9222528338432312
MDN,4,192,NLL,-0.23413525521755219,0.9222360849380493
MDN,4,193,NLL,-0.23432418704032898,0.9222319722175598
MDN,4,194,NLL,-0.234493687748909,0.9222195148468018
MDN,4,195,NLL,-0.23467253148555756,0.9222013354301453
MDN,4,196,NLL,-0.23485137522220612,0.9221912026405334
MDN,4,197,NLL,-0.23498472571372986,0.922176718711853
MDN,4,198,NLL,-0.2350439727306366,0.9221566319465637
MDN,4,199,NLL,-0.23499175906181335,0.9221646189689636
MDN,4,200,NLL,-0.23478206992149353,0.9221326112747192
MDN,4,201,NLL,-0.23431259393692017,0.9221584796905518
MDN,4,202,NLL,-0.23345360159873962,0.9221206307411194
MDN,4,203,NLL,-0.23220224678516388,0.922153651714325
MDN,4,204,NLL,-0.23086461424827576,0.9221125245094299
MDN,4,205,NLL,-0.23028555512428284,0.9221559166908264
MDN,4,206,NLL,-0.23134689033031464,0.922087550163269
MDN,4,207,NLL,-0.23397818207740784,0.9221241474151611
MDN,4,208,NLL,-0.23649439215660095,0.9220481514930725
MDN,4,209,NLL,-0.23729349672794342,0.9220584034919739
MDN,4,210,NLL,-0.23643597960472107,0.9220525622367859
MDN,4,211,NLL,-0.23535200953483582,0.9220219254493713
MDN,4,212,NLL,-0.23537981510162354,0.9220609664916992
MDN,4,213,NLL,-0.23657020926475525,0.9219904541969299
MDN,4,214,NLL,-0.23783569037914276,0.9220139384269714
MDN,4,215,NLL,-0.2382441759109497,0.921968936920166
MDN,4,216,NLL,-0.23794345557689667,0.9219581484794617
MDN,4,217,NLL,-0.23767705261707306,0.9219710826873779
MDN,4,218,NLL,-0.23791319131851196,0.9219219088554382
MDN,4,219,NLL,-0.23848336935043335,0.9219497442245483
MDN,4,220,NLL,-0.23898455500602722,0.9219002723693848
MDN,4,221,NLL,-0.2392471730709076,0.9219117760658264
MDN,4,222,NLL,-0.23936529457569122,0.9219018816947937
MDN,4,223,NLL,-0.23945535719394684,0.9218788743019104
MDN,4,224,NLL,-0.23957714438438416,0.9218968749046326
MDN,4,225,NLL,-0.23976148664951324,0.921846330165863
MDN,4,226,NLL,-0.2400519996881485,0.9218578338623047
MDN,4,227,NLL,-0.24041131138801575,0.9218178391456604
MDN,4,228,NLL,-0.24071252346038818,0.9218038320541382
MDN,4,229,NLL,-0.24085213243961334,0.9217878580093384
MDN,4,230,NLL,-0.2408779412508011,0.9217367768287659
MDN,4,231,NLL,-0.24094010889530182,0.9217305183410645
MDN,4,232,NLL,-0.2411678582429886,0.9216657876968384
MDN,4,233,NLL,-0.24151532351970673,0.9216501116752625
MDN,4,234,NLL,-0.24183739721775055,0.921600878238678
MDN,4,235,NLL,-0.24202437698841095,0.9215652346611023
MDN,4,236,NLL,-0.2420947104692459,0.9215418696403503
MDN,4,237,NLL,-0.24214883148670197,0.9214968085289001
MDN,4,238,NLL,-0.24228344857692719,0.9214919805526733
MDN,4,239,NLL,-0.24251055717468262,0.921460747718811
MDN,4,240,NLL,-0.24275587499141693,0.921481728553772
MDN,4,241,NLL,-0.24296605587005615,0.9214795231819153
MDN,4,242,NLL,-0.24312658607959747,0.9214882850646973
MDN,4,243,NLL,-0.2432529181241989,0.9214876890182495
MDN,4,244,NLL,-0.2433747500181198,0.9214751124382019
MDN,4,245,NLL,-0.2435167133808136,0.9214761257171631
MDN,4,246,NLL,-0.24367597699165344,0.9214499592781067
MDN,4,247,NLL,-0.24383774399757385,0.9214474558830261
MDN,4,248,NLL,-0.24398794770240784,0.9214176535606384
MDN,4,249,NLL,-0.2441358119249344,0.9214082360267639
MDN,4,250,NLL,-0.24428537487983704,0.9213865995407104
MDN,4,251,NLL,-0.24444466829299927,0.921380341053009
MDN,4,252,NLL,-0.2446110099554062,0.9213687181472778
MDN,4,253,NLL,-0.2447730302810669,0.9213600158691406
MDN,4,254,NLL,-0.24492910504341125,0.9213487505912781
MDN,4,255,NLL,-0.2450709342956543,0.9213381409645081
MDN,4,256,NLL,-0.245197594165802,0.9213311076164246
MDN,4,257,NLL,-0.24531899392604828,0.9213215708732605
MDN,4,258,NLL,-0.2454422414302826,0.9213194251060486
MDN,4,259,NLL,-0.24556772410869598,0.9213103652000427
MDN,4,260,NLL,-0.24569524824619293,0.9213108420372009
MDN,4,261,NLL,-0.24582627415657043,0.9212982058525085
MDN,4,262,NLL,-0.24595198035240173,0.9212977290153503
MDN,4,263,NLL,-0.24607327580451965,0.9212797284126282
MDN,4,264,NLL,-0.24618326127529144,0.9212804436683655
MDN,4,265,NLL,-0.24628335237503052,0.9212620258331299
MDN,4,266,NLL,-0.24636711180210114,0.9212695956230164
MDN,4,267,NLL,-0.24643105268478394,0.9212492108345032
MDN,4,268,NLL,-0.24646590650081635,0.9212625622749329
MDN,4,269,NLL,-0.2464597225189209,0.9212360978126526
MDN,4,270,NLL,-0.24638478457927704,0.9212564826011658
MDN,4,271,NLL,-0.24620270729064941,0.9212222099304199
MDN,4,272,NLL,-0.24586473405361176,0.9212554097175598
MDN,4,273,NLL,-0.24529848992824554,0.9212151169776917
MDN,4,274,NLL,-0.24442341923713684,0.9212735295295715
MDN,4,275,NLL,-0.24319519102573395,0.9212198257446289
MDN,4,276,NLL,-0.2417006641626358,0.9213080406188965
MDN,4,277,NLL,-0.2402433156967163,0.9212352633476257
MDN,4,278,NLL,-0.2394721955060959,0.921331524848938
MDN,4,279,NLL,-0.24008680880069733,0.9212275743484497
MDN,4,280,NLL,-0.24232164025306702,0.9212755560874939
MDN,4,281,NLL,-0.24538062512874603,0.9211676716804504
MDN,4,282,NLL,-0.2477986216545105,0.9211644530296326
MDN,4,283,NLL,-0.2485196888446808,0.9211406111717224
MDN,4,284,NLL,-0.2476552575826645,0.9211280345916748
MDN,4,285,NLL,-0.2462615668773651,0.9211813807487488
MDN,4,286,NLL,-0.24556678533554077,0.9210676550865173
MDN,4,287,NLL,-0.2457541823387146,0.9210366010665894
MDN,4,288,NLL,-0.2471027374267578,0.9210047125816345
MDN,4,289,NLL,-0.24853180348873138,0.9211105108261108
MDN,4,290,NLL,-0.2493094503879547,0.9211099743843079
MDN,4,291,NLL,-0.24917584657669067,0.9211119413375854
MDN,4,292,NLL,-0.24851927161216736,0.9211477041244507
MDN,4,293,NLL,-0.24807018041610718,0.9211212992668152
MDN,4,294,NLL,-0.24829550087451935,0.9211465120315552
MDN,4,295,NLL,-0.24899877607822418,0.9211006164550781
MDN,4,296,NLL,-0.24973082542419434,0.9211031198501587
MDN,4,297,NLL,-0.25006043910980225,0.9210878014564514
MDN,4,298,NLL,-0.2500143051147461,0.9210758209228516
MDN,4,299,NLL,-0.24977850914001465,0.9210876226425171
MDN,4,300,NLL,-0.249656081199646,0.9210637807846069
MDN,4,301,NLL,-0.24976705014705658,0.9210800528526306
MDN,4,302,NLL,-0.25008857250213623,0.9210519790649414
MDN,4,303,NLL,-0.2504637539386749,0.9210577607154846
MDN,4,304,NLL,-0.2507334351539612,0.9210405349731445
MDN,4,305,NLL,-0.25085827708244324,0.9210388660430908
MDN,4,306,NLL,-0.25086429715156555,0.921036958694458
MDN,4,307,NLL,-0.2508504390716553,0.9210235476493835
MDN,4,308,NLL,-0.2508562505245209,0.9210286140441895
MDN,4,309,NLL,-0.25092753767967224,0.9210116267204285
MDN,4,310,NLL,-0.2510615289211273,0.9210225939750671
MDN,4,311,NLL,-0.2512485980987549,0.9210011959075928
MDN,4,312,NLL,-0.25145310163497925,0.9210023880004883
MDN,4,313,NLL,-0.2516358494758606,0.9209891557693481
MDN,4,314,NLL,-0.2517641484737396,0.9209853410720825
MDN,4,315,NLL,-0.25183597207069397,0.9209848642349243
MDN,4,316,NLL,-0.2518719732761383,0.9209782481193542
MDN,4,317,NLL,-0.2518947124481201,0.9209842085838318
MDN,4,318,NLL,-0.251931369304657,0.9209737181663513
MDN,4,319,NLL,-0.25198450684547424,0.9209805130958557
MDN,4,320,NLL,-0.25206562876701355,0.9209661483764648
MDN,4,321,NLL,-0.2521677315235138,0.9209690690040588
MDN,4,322,NLL,-0.2522844970226288,0.9209563732147217
MDN,4,323,NLL,-0.2524064779281616,0.9209609031677246
MDN,4,324,NLL,-0.2525269687175751,0.9209505915641785
MDN,4,325,NLL,-0.252635657787323,0.9209529161453247
MDN,4,326,NLL,-0.25273770093917847,0.9209432601928711
MDN,4,327,NLL,-0.25283733010292053,0.9209429621696472
MDN,4,328,NLL,-0.2529331147670746,0.9209339022636414
MDN,4,329,NLL,-0.25302839279174805,0.9209308624267578
MDN,4,330,NLL,-0.25311604142189026,0.9209251403808594
MDN,4,331,NLL,-0.25319957733154297,0.9209232330322266
MDN,4,332,NLL,-0.25327959656715393,0.9209190607070923
MDN,4,333,NLL,-0.2533597946166992,0.9209161996841431
MDN,4,334,NLL,-0.25343748927116394,0.9209116101264954
MDN,4,335,NLL,-0.2535144090652466,0.9209080934524536
MDN,4,336,NLL,-0.2535911798477173,0.9209025502204895
MDN,4,337,NLL,-0.2536669373512268,0.9208987951278687
MDN,4,338,NLL,-0.2537413239479065,0.9208946824073792
MDN,4,339,NLL,-0.25381582975387573,0.9208923578262329
MDN,4,340,NLL,-0.2538897693157196,0.9208887219429016
MDN,4,341,NLL,-0.25396209955215454,0.9208863377571106
MDN,4,342,NLL,-0.25403380393981934,0.9208810329437256
MDN,4,343,NLL,-0.25410282611846924,0.9208777546882629
MDN,4,344,NLL,-0.2541675269603729,0.9208722710609436
MDN,4,345,NLL,-0.25422510504722595,0.9208725094795227
MDN,4,346,NLL,-0.2542675733566284,0.9208663105964661
MDN,4,347,NLL,-0.2542915940284729,0.9208679795265198
MDN,4,348,NLL,-0.2542745769023895,0.9208598136901855
MDN,4,349,NLL,-0.25418001413345337,0.9208658933639526
MDN,4,350,NLL,-0.2539364695549011,0.9208534359931946
MDN,4,351,NLL,-0.2534060478210449,0.9208700060844421
MDN,4,352,NLL,-0.25233733654022217,0.9208576083183289
MDN,4,353,NLL,-0.25030890107154846,0.9209104180335999
MDN,4,354,NLL,-0.2467593550682068,0.9209060072898865
MDN,4,355,NLL,-0.24145467579364777,0.9210348129272461
MDN,4,356,NLL,-0.2356736809015274,0.921021044254303
MDN,4,357,NLL,-0.2331882119178772,0.9211640357971191
MDN,4,358,NLL,-0.23728705942630768,0.9210318922996521
MDN,4,359,NLL,-0.24510902166366577,0.9209360480308533
MDN,4,360,NLL,-0.2499871402978897,0.9208366274833679
MDN,4,361,NLL,-0.24990548193454742,0.9208183288574219
MDN,4,362,NLL,-0.24849028885364532,0.9208560585975647
MDN,4,363,NLL,-0.24913914501667023,0.920833945274353
MDN,4,364,NLL,-0.25071004033088684,0.9208492040634155
MDN,4,365,NLL,-0.2510633170604706,0.9208199381828308
MDN,4,366,NLL,-0.2508586347103119,0.9207953810691833
MDN,4,367,NLL,-0.2517063617706299,0.9208047986030579
MDN,4,368,NLL,-0.25321272015571594,0.9207907915115356
MDN,4,369,NLL,-0.253557413816452,0.9208085536956787
MDN,4,370,NLL,-0.25263673067092896,0.9207944869995117
MDN,4,371,NLL,-0.2524266839027405,0.9207916259765625
MDN,4,372,NLL,-0.2538575232028961,0.9208014607429504
MDN,4,373,NLL,-0.25512129068374634,0.9207990765571594
MDN,4,374,NLL,-0.2545088529586792,0.9207913279533386
MDN,4,375,NLL,-0.25345131754875183,0.9208002090454102
MDN,4,376,NLL,-0.2541310787200928,0.9207815527915955
MDN,4,377,NLL,-0.25565609335899353,0.9207775592803955
MDN,4,378,NLL,-0.2557331323623657,0.9207731485366821
MDN,4,379,NLL,-0.2546652555465698,0.9207703471183777
MDN,4,380,NLL,-0.25460541248321533,0.9207736253738403
MDN,4,381,NLL,-0.25576862692832947,0.9207589626312256
MDN,4,382,NLL,-0.25632181763648987,0.9207544326782227
MDN,4,383,NLL,-0.25570210814476013,0.9207499027252197
MDN,4,384,NLL,-0.2552844285964966,0.920750081539154
MDN,4,385,NLL,-0.2558327317237854,0.9207467436790466
MDN,4,386,NLL,-0.2564786970615387,0.9207434058189392
MDN,4,387,NLL,-0.25639477372169495,0.9207426905632019
MDN,4,388,NLL,-0.25602710247039795,0.9207419753074646
MDN,4,389,NLL,-0.2560915946960449,0.9207364320755005
MDN,4,390,NLL,-0.25648215413093567,0.9207336902618408
MDN,4,391,NLL,-0.25668635964393616,0.9207285642623901
MDN,4,392,NLL,-0.2566175162792206,0.9207269549369812
MDN,4,393,NLL,-0.25655755400657654,0.9207297563552856
MDN,4,394,NLL,-0.25664523243904114,0.920727014541626
MDN,4,395,NLL,-0.2567785084247589,0.9207318425178528
MDN,4,396,NLL,-0.25687918066978455,0.9207263588905334
MDN,4,397,NLL,-0.25694727897644043,0.9207248687744141
MDN,4,398,NLL,-0.25698041915893555,0.920723021030426
MDN,4,399,NLL,-0.2569805383682251,0.9207170605659485
MDN,4,400,NLL,-0.2570096552371979,0.9207168221473694
MDN,4,401,NLL,-0.2571156620979309,0.9207087755203247
MDN,4,402,NLL,-0.2572445273399353,0.9207054376602173
MDN,4,403,NLL,-0.2572934031486511,0.9207002520561218
MDN,4,404,NLL,-0.257262259721756,0.9206924438476562
MDN,4,405,NLL,-0.25725945830345154,0.9206913709640503
MDN,4,406,NLL,-0.2573496401309967,0.9206850528717041
MDN,4,407,NLL,-0.2574721872806549,0.9206839799880981
MDN,4,408,NLL,-0.2575319707393646,0.9206806421279907
MDN,4,409,NLL,-0.2575228810310364,0.9206761121749878
MDN,4,410,NLL,-0.2575196623802185,0.9206746816635132
MDN,4,411,NLL,-0.2575709819793701,0.9206675291061401
MDN,4,412,NLL,-0.2576555907726288,0.9206656217575073
MDN,4,413,NLL,-0.25771862268447876,0.9206625819206238
MDN,4,414,NLL,-0.2577475607395172,0.9206601977348328
MDN,4,415,NLL,-0.25776615738868713,0.9206597805023193
MDN,4,416,NLL,-0.2577974796295166,0.9206563234329224
MDN,4,417,NLL,-0.25784167647361755,0.9206556677818298
MDN,4,418,NLL,-0.25788500905036926,0.9206512570381165
MDN,4,419,NLL,-0.25792935490608215,0.9206480979919434
MDN,4,420,NLL,-0.2579728066921234,0.9206443428993225
MDN,4,421,NLL,-0.2580128610134125,0.9206415414810181
MDN,4,422,NLL,-0.2580452561378479,0.9206414818763733
MDN,4,423,NLL,-0.2580709159374237,0.9206397533416748
MDN,4,424,NLL,-0.25810059905052185,0.9206382036209106
MDN,4,425,NLL,-0.2581407129764557,0.9206351041793823
MDN,4,426,NLL,-0.2581866681575775,0.9206319451332092
MDN,4,427,NLL,-0.2582286298274994,0.920628547668457
MDN,4,428,NLL,-0.25825926661491394,0.9206255078315735
MDN,4,429,NLL,-0.2582859694957733,0.9206235408782959
MDN,4,430,NLL,-0.25831642746925354,0.9206229448318481
MDN,4,431,NLL,-0.2583511173725128,0.9206217527389526
MDN,4,432,NLL,-0.25838810205459595,0.9206194877624512
MDN,4,433,NLL,-0.25842294096946716,0.9206176400184631
MDN,4,434,NLL,-0.2584550380706787,0.9206145405769348
MDN,4,435,NLL,-0.258486270904541,0.9206117987632751
MDN,4,436,NLL,-0.258516788482666,0.9206080436706543
MDN,4,437,NLL,-0.2585485577583313,0.9206055998802185
MDN,4,438,NLL,-0.2585790157318115,0.9206044673919678
MDN,4,439,NLL,-0.2586071789264679,0.9206019043922424
MDN,4,440,NLL,-0.2586357593536377,0.9206003546714783
MDN,4,441,NLL,-0.25866639614105225,0.9205969572067261
MDN,4,442,NLL,-0.2586977779865265,0.9205948710441589
MDN,4,443,NLL,-0.25872883200645447,0.9205910563468933
MDN,4,444,NLL,-0.2587580680847168,0.920587420463562
MDN,4,445,NLL,-0.258786678314209,0.9205845594406128
MDN,4,446,NLL,-0.25881409645080566,0.9205827713012695
MDN,4,447,NLL,-0.2588414251804352,0.9205811023712158
MDN,4,448,NLL,-0.25886914134025574,0.9205787181854248
MDN,4,449,NLL,-0.25889697670936584,0.9205768704414368
MDN,4,450,NLL,-0.25892457365989685,0.9205743670463562
MDN,4,451,NLL,-0.25895169377326965,0.9205714464187622
MDN,4,452,NLL,-0.25897854566574097,0.9205678701400757
MDN,4,453,NLL,-0.25900524854660034,0.9205653071403503
MDN,4,454,NLL,-0.259031742811203,0.9205626845359802
MDN,4,455,NLL,-0.25905725359916687,0.9205594062805176
MDN,4,456,NLL,-0.2590841054916382,0.9205577373504639
MDN,4,457,NLL,-0.25910940766334534,0.9205560088157654
MDN,4,458,NLL,-0.25913459062576294,0.9205539226531982
MDN,4,459,NLL,-0.2591591477394104,0.9205515384674072
MDN,4,460,NLL,-0.2591838240623474,0.9205501079559326
MDN,4,461,NLL,-0.2592073380947113,0.9205479025840759
MDN,4,462,NLL,-0.25923022627830505,0.9205447435379028
MDN,4,463,NLL,-0.25925302505493164,0.9205412268638611
MDN,4,464,NLL,-0.2592719793319702,0.9205377697944641
MDN,4,465,NLL,-0.2592898905277252,0.9205354452133179
MDN,4,466,NLL,-0.2593010663986206,0.9205350875854492
MDN,4,467,NLL,-0.25930431485176086,0.9205332398414612
MDN,4,468,NLL,-0.25929227471351624,0.9205321669578552
MDN,4,469,NLL,-0.25925102829933167,0.9205291271209717
MDN,4,470,NLL,-0.25915399193763733,0.9205290675163269
MDN,4,471,NLL,-0.2589529752731323,0.9205261468887329
MDN,4,472,NLL,-0.2585499882698059,0.9205296039581299
MDN,4,473,NLL,-0.2577706277370453,0.9205321669578552
MDN,4,474,NLL,-0.25628119707107544,0.9205516576766968
MDN,4,475,NLL,-0.253573477268219,0.9205776453018188
MDN,4,476,NLL,-0.24895213544368744,0.9206371307373047
MDN,4,477,NLL,-0.2421654313802719,0.9207220077514648
MDN,4,478,NLL,-0.2346978783607483,0.9208147525787354
MDN,4,479,NLL,-0.2312537580728531,0.920864462852478
MDN,4,480,NLL,-0.23635336756706238,0.9208319187164307
MDN,4,481,NLL,-0.24723035097122192,0.9205982685089111
MDN,4,482,NLL,-0.25439271330833435,0.9205163717269897
MDN,4,483,NLL,-0.2535267472267151,0.9205297827720642
MDN,4,484,NLL,-0.2500227689743042,0.9205792546272278
MDN,4,485,NLL,-0.2506718337535858,0.9205701351165771
MDN,4,486,NLL,-0.25415629148483276,0.9205172657966614
MDN,4,487,NLL,-0.2552175521850586,0.9205246567726135
MDN,4,488,NLL,-0.2539719343185425,0.920536458492279
MDN,4,489,NLL,-0.2543362081050873,0.9205272197723389
MDN,4,490,NLL,-0.25654828548431396,0.9204851984977722
MDN,4,491,NLL,-0.2571737766265869,0.9204817414283752
MDN,4,492,NLL,-0.2557965815067291,0.9205021858215332
MDN,4,493,NLL,-0.2556280791759491,0.9205275177955627
MDN,4,494,NLL,-0.2575323283672333,0.9204919934272766
MDN,4,495,NLL,-0.2587255835533142,0.9204747676849365
MDN,4,496,NLL,-0.2576559782028198,0.9204668402671814
MDN,4,497,NLL,-0.25662514567375183,0.9204658269882202
MDN,4,498,NLL,-0.25773105025291443,0.9204800128936768
MDN,4,499,NLL,-0.25933414697647095,0.9204490184783936
MDN,4,500,NLL,-0.2591181993484497,0.9204540252685547
MDN,4,501,NLL,-0.25787675380706787,0.9204515814781189
MDN,4,502,NLL,-0.2579188048839569,0.920437216758728
MDN,4,503,NLL,-0.259274423122406,0.9204428195953369
MDN,4,504,NLL,-0.25986695289611816,0.920436680316925
MDN,4,505,NLL,-0.2590864896774292,0.9204316735267639
MDN,4,506,NLL,-0.2584998309612274,0.9204437136650085
MDN,4,507,NLL,-0.25909170508384705,0.9204369187355042
MDN,4,508,NLL,-0.2599204182624817,0.9204370975494385
MDN,4,509,NLL,-0.2598581910133362,0.9204437136650085
MDN,4,510,NLL,-0.25929659605026245,0.9204369783401489
MDN,4,511,NLL,-0.25924137234687805,0.9204481840133667
MDN,4,512,NLL,-0.25973403453826904,0.920445442199707
MDN,4,513,NLL,-0.2600473165512085,0.9204456806182861
MDN,4,514,NLL,-0.25987809896469116,0.9204540848731995
MDN,4,515,NLL,-0.2596593201160431,0.9204467535018921
MDN,4,516,NLL,-0.2597631812095642,0.9204490184783936
MDN,4,517,NLL,-0.26001325249671936,0.9204415082931519
MDN,4,518,NLL,-0.260087788105011,0.9204369783401489
MDN,4,519,NLL,-0.2599961459636688,0.9204427003860474
MDN,4,520,NLL,-0.2599600851535797,0.9204355478286743
MDN,4,521,NLL,-0.2600560784339905,0.9204386472702026
MDN,4,522,NLL,-0.26015910506248474,0.9204265475273132
MDN,4,523,NLL,-0.2601724863052368,0.9204185605049133
MDN,4,524,NLL,-0.26015034317970276,0.9204184412956238
MDN,4,525,NLL,-0.26016727089881897,0.9204106330871582
MDN,4,526,NLL,-0.26021459698677063,0.9204137325286865
MDN,4,527,NLL,-0.26024529337882996,0.9204035401344299
MDN,4,528,NLL,-0.2602643370628357,0.9203959703445435
MDN,4,529,NLL,-0.2602958381175995,0.9203948974609375
MDN,4,530,NLL,-0.2603295147418976,0.9203886389732361
MDN,4,531,NLL,-0.2603382170200348,0.9203894734382629
MDN,4,532,NLL,-0.2603253126144409,0.920383632183075
MDN,4,533,NLL,-0.26032930612564087,0.9203775525093079
MDN,4,534,NLL,-0.26037299633026123,0.9203729033470154
MDN,4,535,NLL,-0.2604290843009949,0.9203669428825378
MDN,4,536,NLL,-0.26045018434524536,0.9203669428825378
MDN,4,537,NLL,-0.260431706905365,0.920365035533905
MDN,4,538,NLL,-0.26041340827941895,0.9203615784645081
MDN,4,539,NLL,-0.26042965054512024,0.9203590154647827
MDN,4,540,NLL,-0.2604716420173645,0.9203541278839111
MDN,4,541,NLL,-0.26050806045532227,0.9203504323959351
MDN,4,542,NLL,-0.2605198621749878,0.9203473925590515
MDN,4,543,NLL,-0.2605159878730774,0.9203419089317322
MDN,4,544,NLL,-0.2605178952217102,0.920340359210968
MDN,4,545,NLL,-0.2605323791503906,0.920339047908783
MDN,4,546,NLL,-0.2605490982532501,0.9203381538391113
MDN,4,547,NLL,-0.26056456565856934,0.9203386902809143
MDN,4,548,NLL,-0.2605782449245453,0.9203347563743591
MDN,4,549,NLL,-0.26059043407440186,0.9203336834907532
MDN,4,550,NLL,-0.2606036961078644,0.9203293919563293
MDN,4,551,NLL,-0.2606121599674225,0.9203267097473145
MDN,4,552,NLL,-0.2606198787689209,0.9203264117240906
MDN,4,553,NLL,-0.26062890887260437,0.9203247427940369
MDN,4,554,NLL,-0.2606405019760132,0.9203250408172607
MDN,4,555,NLL,-0.2606543004512787,0.9203208684921265
MDN,4,556,NLL,-0.26066797971725464,0.9203189611434937
MDN,4,557,NLL,-0.26067808270454407,0.9203152060508728
MDN,4,558,NLL,-0.2606850564479828,0.9203107357025146
MDN,4,559,NLL,-0.2606911361217499,0.9203071594238281
MDN,4,560,NLL,-0.2607014775276184,0.9203028082847595
MDN,4,561,NLL,-0.2607147693634033,0.9203022122383118
MDN,4,562,NLL,-0.2607264220714569,0.9202998280525208
MDN,4,563,NLL,-0.2607373297214508,0.9202979207038879
MDN,4,564,NLL,-0.2607465982437134,0.9202955365180969
MDN,4,565,NLL,-0.26075541973114014,0.9202918410301208
MDN,4,566,NLL,-0.26076504588127136,0.920288622379303
MDN,4,567,NLL,-0.26077425479888916,0.9202842116355896
MDN,4,568,NLL,-0.2607839107513428,0.9202826619148254
MDN,4,569,NLL,-0.26079192757606506,0.9202821850776672
MDN,4,570,NLL,-0.2607996463775635,0.9202808737754822
MDN,4,571,NLL,-0.26080816984176636,0.9202787280082703
MDN,4,572,NLL,-0.26081737875938416,0.9202748537063599
MDN,4,573,NLL,-0.2608267068862915,0.9202711582183838
MDN,4,574,NLL,-0.260835736989975,0.9202670454978943
MDN,4,575,NLL,-0.26084426045417786,0.9202633500099182
MDN,4,576,NLL,-0.2608514726161957,0.9202601909637451
MDN,4,577,NLL,-0.2608594298362732,0.9202587008476257
MDN,4,578,NLL,-0.260868102312088,0.9202585220336914
MDN,4,579,NLL,-0.2608755826950073,0.920257568359375
MDN,4,580,NLL,-0.2608833611011505,0.9202550649642944
MDN,4,581,NLL,-0.26089024543762207,0.9202524423599243
MDN,4,582,NLL,-0.26089775562286377,0.9202479720115662
MDN,4,583,NLL,-0.2609042823314667,0.9202450513839722
MDN,4,584,NLL,-0.26090845465660095,0.9202406406402588
MDN,4,585,NLL,-0.26091304421424866,0.9202401041984558
MDN,4,586,NLL,-0.2609155774116516,0.9202389121055603
MDN,4,587,NLL,-0.2609145939350128,0.9202391505241394
MDN,4,588,NLL,-0.2609095573425293,0.9202373027801514
MDN,4,589,NLL,-0.2609003186225891,0.9202366471290588
MDN,4,590,NLL,-0.2608836889266968,0.9202327132225037
MDN,4,591,NLL,-0.26085594296455383,0.9202304482460022
MDN,4,592,NLL,-0.2608107924461365,0.9202249050140381
MDN,4,593,NLL,-0.2607356607913971,0.9202229976654053
MDN,4,594,NLL,-0.2606218755245209,0.9202188849449158
MDN,4,595,NLL,-0.26044443249702454,0.9202216267585754
MDN,4,596,NLL,-0.26016965508461,0.9202193021774292
MDN,4,597,NLL,-0.2597525119781494,0.9202249646186829
MDN,4,598,NLL,-0.25913533568382263,0.9202213883399963
MDN,4,599,NLL,-0.2582508325576782,0.920231282711029
MDN,4,600,NLL,-0.2570682764053345,0.9202299118041992
MDN,4,601,NLL,-0.25564756989479065,0.9202458262443542
MDN,4,602,NLL,-0.254301518201828,0.9202473163604736
MDN,4,603,NLL,-0.2535116970539093,0.9202649593353271
MDN,4,604,NLL,-0.25391289591789246,0.920254647731781
MDN,4,605,NLL,-0.2555914521217346,0.9202609658241272
MDN,4,606,NLL,-0.2578434944152832,0.9202250838279724
MDN,4,607,NLL,-0.25942263007164,0.920229434967041
MDN,4,608,NLL,-0.2595425248146057,0.9202030301094055
MDN,4,609,NLL,-0.2584174871444702,0.9202031493186951
MDN,4,610,NLL,-0.256934255361557,0.9202035069465637
MDN,4,611,NLL,-0.2560127377510071,0.9202016592025757
MDN,4,612,NLL,-0.256022572517395,0.9202019572257996
MDN,4,613,NLL,-0.2568010091781616,0.9201980829238892
MDN,4,614,NLL,-0.2578500509262085,0.9201980829238892
MDN,4,615,NLL,-0.2586742341518402,0.9201997518539429
MDN,4,616,NLL,-0.2590039372444153,0.9201944470405579
MDN,4,617,NLL,-0.2589636743068695,0.9202131032943726
MDN,4,618,NLL,-0.25897228717803955,0.920181930065155
MDN,4,619,NLL,-0.2594074010848999,0.9202020168304443
MDN,4,620,NLL,-0.2601771354675293,0.9201674461364746
MDN,4,621,NLL,-0.2608160376548767,0.9201704263687134
MDN,4,622,NLL,-0.2608731687068939,0.9201711416244507
MDN,4,623,NLL,-0.260362833738327,0.9201743006706238
MDN,4,624,NLL,-0.2597351372241974,0.9201973080635071
MDN,4,625,NLL,-0.2594859302043915,0.9201768636703491
MDN,4,626,NLL,-0.25978052616119385,0.920196533203125
MDN,4,627,NLL,-0.26035192608833313,0.9201710224151611
MDN,4,628,NLL,-0.2607913911342621,0.9201681613922119
MDN,4,629,NLL,-0.2608986496925354,0.9201638102531433
MDN,4,630,NLL,-0.2607788145542145,0.9201591610908508
MDN,4,631,NLL,-0.2606666088104248,0.9201638698577881
MDN,4,632,NLL,-0.26071086525917053,0.9201573133468628
MDN,4,633,NLL,-0.26087871193885803,0.9201611280441284
MDN,4,634,NLL,-0.26104235649108887,0.9201545715332031
MDN,4,635,NLL,-0.2611055374145508,0.9201533794403076
MDN,4,636,NLL,-0.2610671818256378,0.9201500415802002
MDN,4,637,NLL,-0.26099464297294617,0.9201469421386719
MDN,4,638,NLL,-0.26094481348991394,0.920149028301239
MDN,4,639,NLL,-0.26092445850372314,0.9201510548591614
MDN,4,640,NLL,-0.26090729236602783,0.9201531410217285
MDN,4,641,NLL,-0.260866641998291,0.9201580286026001
MDN,4,642,NLL,-0.26080775260925293,0.920150101184845
MDN,4,643,NLL,-0.2607605755329132,0.9201573729515076
MDN,4,644,NLL,-0.26074615120887756,0.9201444387435913
MDN,4,645,NLL,-0.2607564628124237,0.9201532006263733
MDN,4,646,NLL,-0.2607560157775879,0.9201385974884033
MDN,4,647,NLL,-0.2607004642486572,0.9201438426971436
MDN,4,648,NLL,-0.26056358218193054,0.920130729675293
MDN,4,649,NLL,-0.26033881306648254,0.9201327562332153
MDN,4,650,NLL,-0.2600482404232025,0.9201263785362244
MDN,4,651,NLL,-0.25970080494880676,0.9201348423957825
MDN,4,652,NLL,-0.25929418206214905,0.9201300740242004
MDN,4,653,NLL,-0.2588193714618683,0.9201456308364868
MDN,4,654,NLL,-0.25827497243881226,0.9201353788375854
MDN,4,655,NLL,-0.2577030658721924,0.9201620221138
MDN,4,656,NLL,-0.25719398260116577,0.9201381802558899
MDN,4,657,NLL,-0.25689277052879333,0.9201720952987671
MDN,4,658,NLL,-0.25695931911468506,0.9201316237449646
MDN,4,659,NLL,-0.25746431946754456,0.9201521873474121
MDN,4,660,NLL,-0.258375346660614,0.9201030135154724
MDN,4,661,NLL,-0.2594759464263916,0.9201083183288574
MDN,4,662,NLL,-0.2604963183403015,0.9200712442398071
MDN,4,663,NLL,-0.26117175817489624,0.9200680255889893
MDN,4,664,NLL,-0.2613937258720398,0.9200602769851685
MDN,4,665,NLL,-0.2612190842628479,0.9200561046600342
MDN,4,666,NLL,-0.26082271337509155,0.9200663566589355
MDN,4,667,NLL,-0.26041048765182495,0.9200599789619446
MDN,4,668,NLL,-0.2601400315761566,0.920071005821228
MDN,4,669,NLL,-0.26010367274284363,0.9200621843338013
MDN,4,670,NLL,-0.2602846026420593,0.9200671911239624
MDN,4,671,NLL,-0.26061075925827026,0.9200534224510193
MDN,4,672,NLL,-0.26095980405807495,0.920056164264679
MDN,4,673,NLL,-0.2612379491329193,0.920046329498291
MDN,4,674,NLL,-0.261386513710022,0.9200454354286194
MDN,4,675,NLL,-0.26139751076698303,0.9200436472892761
MDN,4,676,NLL,-0.2613057494163513,0.9200402498245239
MDN,4,677,NLL,-0.26115843653678894,0.920045018196106
MDN,4,678,NLL,-0.26100537180900574,0.9200398921966553
MDN,4,679,NLL,-0.26088282465934753,0.9200493097305298
MDN,4,680,NLL,-0.26080790162086487,0.9200390577316284
MDN,4,681,NLL,-0.2607857584953308,0.9200479388237
MDN,4,682,NLL,-0.26081201434135437,0.9200366735458374
MDN,4,683,NLL,-0.2608709931373596,0.9200445413589478
MDN,4,684,NLL,-0.2609476149082184,0.9200316667556763
MDN,4,685,NLL,-0.2610277831554413,0.9200359582901001
MDN,4,686,NLL,-0.26109790802001953,0.9200270771980286
MDN,4,687,NLL,-0.26114514470100403,0.9200296998023987
MDN,4,688,NLL,-0.2611609399318695,0.9200223088264465
MDN,4,689,NLL,-0.26113831996917725,0.9200222492218018
MDN,4,690,NLL,-0.2610675096511841,0.920017421245575
MDN,4,691,NLL,-0.2609383463859558,0.9200155138969421
MDN,4,692,NLL,-0.2607382833957672,0.9200161099433899
MDN,4,693,NLL,-0.26044318079948425,0.9200165867805481
MDN,4,694,NLL,-0.26003697514533997,0.9200212955474854
MDN,4,695,NLL,-0.2594909071922302,0.920020341873169
MDN,4,696,NLL,-0.2588043212890625,0.9200279712677002
MDN,4,697,NLL,-0.25799164175987244,0.9200274348258972
MDN,4,698,NLL,-0.25713789463043213,0.9200398325920105
MDN,4,699,NLL,-0.25640448927879333,0.9200358986854553
MDN,4,700,NLL,-0.2559860646724701,0.9200495481491089
MDN,4,701,NLL,-0.256045937538147,0.920037031173706
MDN,4,702,NLL,-0.2565319836139679,0.9200528860092163
MDN,4,703,NLL,-0.2571519911289215,0.9200288653373718
MDN,4,704,NLL,-0.2574515640735626,0.9200501441955566
MDN,4,705,NLL,-0.2571553885936737,0.920024573802948
MDN,4,706,NLL,-0.25636401772499084,0.9200378656387329
MDN,4,707,NLL,-0.2555636763572693,0.9200155138969421
MDN,4,708,NLL,-0.2554935812950134,0.920024573802948
MDN,4,709,NLL,-0.25651225447654724,0.9199888110160828
MDN,4,710,NLL,-0.2584637701511383,0.9199981689453125
MDN,4,711,NLL,-0.2604476511478424,0.9199610948562622
MDN,4,712,NLL,-0.26156535744667053,0.919965922832489
MDN,4,713,NLL,-0.2614760100841522,0.9199630618095398
MDN,4,714,NLL,-0.26058313250541687,0.91995769739151
MDN,4,715,NLL,-0.25965726375579834,0.9199760556221008
MDN,4,716,NLL,-0.25929099321365356,0.9199656844139099
MDN,4,717,NLL,-0.25964614748954773,0.9199832677841187
MDN,4,718,NLL,-0.2604053318500519,0.9199675917625427
MDN,4,719,NLL,-0.26113101840019226,0.9199823141098022
MDN,4,720,NLL,-0.26150280237197876,0.9199681878089905
MDN,4,721,NLL,-0.26148301362991333,0.9199772477149963
MDN,4,722,NLL,-0.2612247169017792,0.919974148273468
MDN,4,723,NLL,-0.2609313726425171,0.9199731349945068
MDN,4,724,NLL,-0.2607629895210266,0.919977068901062
MDN,4,725,NLL,-0.2607813775539398,0.9199650883674622
MDN,4,726,NLL,-0.2609747052192688,0.9199718832969666
MDN,4,727,NLL,-0.26125502586364746,0.9199535846710205
MDN,4,728,NLL,-0.2615215480327606,0.9199610948562622
MDN,4,729,NLL,-0.26167985796928406,0.9199502468109131
MDN,4,730,NLL,-0.26169076561927795,0.9199556708335876
MDN,4,731,NLL,-0.26158398389816284,0.9199547171592712
MDN,4,732,NLL,-0.2614264488220215,0.9199523329734802
MDN,4,733,NLL,-0.2612987160682678,0.9199557304382324
MDN,4,734,NLL,-0.2612500488758087,0.9199478626251221
MDN,4,735,NLL,-0.2612931430339813,0.9199514985084534
MDN,4,736,NLL,-0.26139530539512634,0.9199427366256714
MDN,4,737,NLL,-0.2615286707878113,0.9199424386024475
MDN,4,738,NLL,-0.2616535723209381,0.9199354648590088
MDN,4,739,NLL,-0.2617516815662384,0.9199309945106506
MDN,4,740,NLL,-0.26181384921073914,0.9199268817901611
MDN,4,741,NLL,-0.26184847950935364,0.9199227690696716
MDN,4,742,NLL,-0.26186084747314453,0.9199239611625671
MDN,4,743,NLL,-0.2618526220321655,0.9199227094650269
MDN,4,744,NLL,-0.2618294656276703,0.9199230074882507
MDN,4,745,NLL,-0.2617926001548767,0.9199199080467224
MDN,4,746,NLL,-0.2617484927177429,0.9199169278144836
MDN,4,747,NLL,-0.26170551776885986,0.9199141263961792
MDN,4,748,NLL,-0.26166921854019165,0.9199097156524658
MDN,4,749,NLL,-0.2616439163684845,0.9199063777923584
MDN,4,750,NLL,-0.2616254985332489,0.9199010729789734
MDN,4,751,NLL,-0.2616147994995117,0.9198974967002869
MDN,4,752,NLL,-0.2616066038608551,0.9198920130729675
MDN,4,753,NLL,-0.2616013288497925,0.9198898077011108
MDN,4,754,NLL,-0.26159507036209106,0.9198883175849915
MDN,4,755,NLL,-0.2615867853164673,0.9198864102363586
MDN,4,756,NLL,-0.2615754008293152,0.919883668422699
MDN,4,757,NLL,-0.26155954599380493,0.9198808073997498
MDN,4,758,NLL,-0.26153260469436646,0.9198763966560364
MDN,4,759,NLL,-0.26148903369903564,0.9198741316795349
MDN,4,760,NLL,-0.26141589879989624,0.9198683500289917
MDN,4,761,NLL,-0.261300653219223,0.9198721647262573
MDN,4,762,NLL,-0.26111292839050293,0.919867753982544
MDN,4,763,NLL,-0.26081737875938416,0.9198803305625916
MDN,4,764,NLL,-0.2603522837162018,0.9198728203773499
MDN,4,765,NLL,-0.25960755348205566,0.9198998212814331
MDN,4,766,NLL,-0.2584403157234192,0.9198904037475586
MDN,4,767,NLL,-0.25661975145339966,0.9199470281600952
MDN,4,768,NLL,-0.2539127469062805,0.9199419617652893
MDN,4,769,NLL,-0.2501409649848938,0.9200422167778015
MDN,4,770,NLL,-0.24565599858760834,0.9200440645217896
MDN,4,771,NLL,-0.24172399938106537,0.9201558232307434
MDN,4,772,NLL,-0.2411125898361206,0.9201041460037231
MDN,4,773,NLL,-0.24581170082092285,0.9200714230537415
MDN,4,774,NLL,-0.25440412759780884,0.9199094772338867
MDN,4,775,NLL,-0.2610163390636444,0.9198344349861145
MDN,4,776,NLL,-0.2612246572971344,0.9198300838470459
MDN,4,777,NLL,-0.25678396224975586,0.9198659062385559
MDN,4,778,NLL,-0.25352638959884644,0.9199488759040833
MDN,4,779,NLL,-0.25511860847473145,0.9199086427688599
MDN,4,780,NLL,-0.2592895030975342,0.919874906539917
MDN,4,781,NLL,-0.2612626254558563,0.9198141694068909
MDN,4,782,NLL,-0.25982844829559326,0.919812798500061
MDN,4,783,NLL,-0.25795742869377136,0.91985684633255
MDN,4,784,NLL,-0.25829893350601196,0.9198614954948425
MDN,4,785,NLL,-0.2601611018180847,0.919868528842926
MDN,4,786,NLL,-0.26125138998031616,0.9198143482208252
MDN,4,787,NLL,-0.26080435514450073,0.9198157787322998
MDN,4,788,NLL,-0.25989240407943726,0.9198324680328369
MDN,4,789,NLL,-0.25969168543815613,0.9198369383811951
MDN,4,790,NLL,-0.2603243291378021,0.9198638796806335
MDN,4,791,NLL,-0.2611292898654938,0.9198178648948669
MDN,4,792,NLL,-0.26155978441238403,0.9198228120803833
MDN,4,793,NLL,-0.26141655445098877,0.9198200702667236
MDN,4,794,NLL,-0.26101407408714294,0.9198300242424011
MDN,4,795,NLL,-0.2608638405799866,0.9198591113090515
MDN,4,796,NLL,-0.2611865699291229,0.9198229312896729
MDN,4,797,NLL,-0.26173704862594604,0.9198362827301025
MDN,4,798,NLL,-0.2619566321372986,0.919813334941864
MDN,4,799,NLL,-0.2616855502128601,0.9198211431503296
MDN,4,800,NLL,-0.26128360629081726,0.9198337197303772
MDN,4,801,NLL,-0.2611987292766571,0.9198122620582581
MDN,4,802,NLL,-0.26154983043670654,0.9198351502418518
MDN,4,803,NLL,-0.2619601786136627,0.9198092818260193
MDN,4,804,NLL,-0.26206153631210327,0.9198041558265686
MDN,4,805,NLL,-0.2618446946144104,0.9198161363601685
MDN,4,806,NLL,-0.2615957260131836,0.9198064804077148
MDN,4,807,NLL,-0.26158779859542847,0.9198312759399414
MDN,4,808,NLL,-0.2617895305156708,0.9198067784309387
MDN,4,809,NLL,-0.26199454069137573,0.9198063611984253
MDN,4,810,NLL,-0.2620339095592499,0.9198008179664612
MDN,4,811,NLL,-0.26192694902420044,0.9197999835014343
MDN,4,812,NLL,-0.26181742548942566,0.9198076725006104
MDN,4,813,NLL,-0.26179295778274536,0.9197914004325867
MDN,4,814,NLL,-0.26183682680130005,0.9197916388511658
MDN,4,815,NLL,-0.26185885071754456,0.9197824597358704
MDN,4,816,NLL,-0.26180973649024963,0.9197807908058167
MDN,4,817,NLL,-0.2617177963256836,0.9197807908058167
MDN,4,818,NLL,-0.26162606477737427,0.9197721481323242
MDN,4,819,NLL,-0.2615557909011841,0.9197822213172913
MDN,4,820,NLL,-0.26146408915519714,0.9197750091552734
MDN,4,821,NLL,-0.261322021484375,0.9197800755500793
MDN,4,822,NLL,-0.26111236214637756,0.9197672605514526
MDN,4,823,NLL,-0.26089048385620117,0.919768750667572
MDN,4,824,NLL,-0.2606971859931946,0.9197619557380676
MDN,4,825,NLL,-0.2605709135532379,0.9197616577148438
MDN,4,826,NLL,-0.2604920566082001,0.9197511076927185
MDN,4,827,NLL,-0.26047268509864807,0.9197491407394409
MDN,4,828,NLL,-0.2605288028717041,0.9197333455085754
MDN,4,829,NLL,-0.26071396470069885,0.9197430610656738
MDN,4,830,NLL,-0.2610193192958832,0.9197371602058411
MDN,4,831,NLL,-0.26141029596328735,0.9197407364845276
MDN,4,832,NLL,-0.2617977559566498,0.9197325110435486
MDN,4,833,NLL,-0.2621041238307953,0.9197306632995605
MDN,4,834,NLL,-0.2622882127761841,0.9197302460670471
MDN,4,835,NLL,-0.26235535740852356,0.9197250008583069
MDN,4,836,NLL,-0.26233431696891785,0.9197249412536621
MDN,4,837,NLL,-0.26225683093070984,0.9197157025337219
MDN,4,838,NLL,-0.2621494233608246,0.9197136163711548
MDN,4,839,NLL,-0.26203256845474243,0.919708788394928
MDN,4,840,NLL,-0.2619344890117645,0.9197055101394653
MDN,4,841,NLL,-0.261871337890625,0.9197018146514893
MDN,4,842,NLL,-0.2618565857410431,0.919696569442749
MDN,4,843,NLL,-0.2618820369243622,0.919693648815155
MDN,4,844,NLL,-0.26193132996559143,0.9196962118148804
MDN,4,845,NLL,-0.2619868218898773,0.9196928143501282
MDN,4,846,NLL,-0.2620472311973572,0.9196961522102356
MDN,4,847,NLL,-0.26211017370224,0.9196889400482178
MDN,4,848,NLL,-0.262174516916275,0.9196915030479431
MDN,4,849,NLL,-0.26223519444465637,0.919683575630188
MDN,4,850,NLL,-0.2622874677181244,0.9196851253509521
MDN,4,851,NLL,-0.26232725381851196,0.9196783900260925
MDN,4,852,NLL,-0.2623547613620758,0.9196761250495911
MDN,4,853,NLL,-0.26237428188323975,0.9196735620498657
MDN,4,854,NLL,-0.26239004731178284,0.9196719527244568
MDN,4,855,NLL,-0.26240023970603943,0.9196720719337463
MDN,4,856,NLL,-0.26240435242652893,0.9196717143058777
MDN,4,857,NLL,-0.26239854097366333,0.9196697473526001
MDN,4,858,NLL,-0.26238107681274414,0.9196689128875732
MDN,4,859,NLL,-0.2623489797115326,0.9196645617485046
MDN,4,860,NLL,-0.2622981369495392,0.9196630716323853
MDN,4,861,NLL,-0.26222020387649536,0.9196566343307495
MDN,4,862,NLL,-0.2621035873889923,0.9196581244468689
MDN,4,863,NLL,-0.2619224488735199,0.919657289981842
MDN,4,864,NLL,-0.26164549589157104,0.9196612238883972
MDN,4,865,NLL,-0.26122796535491943,0.9196571111679077
MDN,4,866,NLL,-0.26061782240867615,0.9196621179580688
MDN,4,867,NLL,-0.25974902510643005,0.9196541905403137
MDN,4,868,NLL,-0.2585998773574829,0.9196649193763733
MDN,4,869,NLL,-0.257184773683548,0.9196531176567078
MDN,4,870,NLL,-0.25577130913734436,0.9196696877479553
MDN,4,871,NLL,-0.2547585070133209,0.9196504354476929
MDN,4,872,NLL,-0.2548786401748657,0.9196677803993225
MDN,4,873,NLL,-0.256356805562973,0.9196411967277527
MDN,4,874,NLL,-0.2587983310222626,0.9196369647979736
MDN,4,875,NLL,-0.26092201471328735,0.9196288585662842
MDN,4,876,NLL,-0.2617042362689972,0.9196241497993469
MDN,4,877,NLL,-0.2611198425292969,0.9196303486824036
MDN,4,878,NLL,-0.2600643038749695,0.9196410775184631
MDN,4,879,NLL,-0.2595544755458832,0.919637143611908
MDN,4,880,NLL,-0.2599771022796631,0.9196529984474182
MDN,4,881,NLL,-0.2609384059906006,0.9196174144744873
MDN,4,882,NLL,-0.261782705783844,0.9196426868438721
MDN,4,883,NLL,-0.26210513710975647,0.9195992946624756
MDN,4,884,NLL,-0.26200494170188904,0.9196151494979858
MDN,4,885,NLL,-0.2617599368095398,0.9196016192436218
MDN,4,886,NLL,-0.2616097927093506,0.9196106195449829
MDN,4,887,NLL,-0.2616347670555115,0.9196271896362305
MDN,4,888,NLL,-0.26181769371032715,0.9196103811264038
MDN,4,889,NLL,-0.26209476590156555,0.9196298122406006
MDN,4,890,NLL,-0.26232922077178955,0.9196063876152039
MDN,4,891,NLL,-0.26240652799606323,0.9196155071258545
MDN,4,892,NLL,-0.26227766275405884,0.9196102023124695
MDN,4,893,NLL,-0.2620343863964081,0.9196110367774963
MDN,4,894,NLL,-0.26184332370758057,0.9196154475212097
MDN,4,895,NLL,-0.26183202862739563,0.9196063280105591
MDN,4,896,NLL,-0.26199325919151306,0.9196094870567322
MDN,4,897,NLL,-0.2621893882751465,0.9196105003356934
MDN,4,898,NLL,-0.2622692883014679,0.9196086525917053
MDN,4,899,NLL,-0.26216426491737366,0.9196247458457947
MDN,4,900,NLL,-0.2619220018386841,0.9196093082427979
MDN,4,901,NLL,-0.2616400122642517,0.9196404218673706
MDN,4,902,NLL,-0.26138120889663696,0.9196088910102844
MDN,4,903,NLL,-0.26114341616630554,0.9196441769599915
MDN,4,904,NLL,-0.26085570454597473,0.9196124076843262
MDN,4,905,NLL,-0.2604360282421112,0.9196385741233826
MDN,4,906,NLL,-0.25988075137138367,0.9196157455444336
MDN,4,907,NLL,-0.25922903418540955,0.9196372032165527
MDN,4,908,NLL,-0.258619099855423,0.9196162223815918
MDN,4,909,NLL,-0.25818243622779846,0.9196398258209229
MDN,4,910,NLL,-0.2580603063106537,0.9196118712425232
MDN,4,911,NLL,-0.25831905007362366,0.9196416139602661
MDN,4,912,NLL,-0.25897058844566345,0.919586718082428
MDN,4,913,NLL,-0.2599152624607086,0.9196242690086365
MDN,4,914,NLL,-0.26097986102104187,0.9195572733879089
MDN,4,915,NLL,-0.2619348168373108,0.9195813536643982
MDN,4,916,NLL,-0.2625385522842407,0.9195442199707031
MDN,4,917,NLL,-0.2626717686653137,0.9195483922958374
MDN,4,918,NLL,-0.2623850107192993,0.9195575714111328
MDN,4,919,NLL,-0.2618919610977173,0.9195451736450195
MDN,4,920,NLL,-0.2614683508872986,0.9195762872695923
MDN,4,921,NLL,-0.26131296157836914,0.9195422530174255
MDN,4,922,NLL,-0.26147931814193726,0.9195644855499268
MDN,4,923,NLL,-0.26185497641563416,0.9195321202278137
MDN,4,924,NLL,-0.26226943731307983,0.9195361137390137
MDN,4,925,NLL,-0.2625971734523773,0.9195201992988586
MDN,4,926,NLL,-0.26278308033943176,0.9195156693458557
MDN,4,927,NLL,-0.2628360390663147,0.9195159077644348
MDN,4,928,NLL,-0.26278409361839294,0.9195058345794678
MDN,4,929,NLL,-0.26265910267829895,0.9195144176483154
MDN,4,930,NLL,-0.26249849796295166,0.9195035099983215
MDN,4,931,NLL,-0.26234671473503113,0.9195145964622498
MDN,4,932,NLL,-0.2622455656528473,0.9195016026496887
MDN,4,933,NLL,-0.2622133493423462,0.9195136427879333
MDN,4,934,NLL,-0.2622533142566681,0.9195011854171753
MDN,4,935,NLL,-0.2623372972011566,0.9195120930671692
MDN,4,936,NLL,-0.2624398469924927,0.9194963574409485
MDN,4,937,NLL,-0.26254019141197205,0.9195075631141663
MDN,4,938,NLL,-0.2626323103904724,0.919489324092865
MDN,4,939,NLL,-0.26271799206733704,0.9195006489753723
MDN,4,940,NLL,-0.2627931237220764,0.9194861054420471
MDN,4,941,NLL,-0.26285478472709656,0.9194915890693665
MDN,4,942,NLL,-0.2628956735134125,0.9194842576980591
MDN,4,943,NLL,-0.26291370391845703,0.9194861054420471
MDN,4,944,NLL,-0.26291146874427795,0.919482946395874
MDN,4,945,NLL,-0.2628934681415558,0.9194788932800293
MDN,4,946,NLL,-0.26286056637763977,0.9194777607917786
MDN,4,947,NLL,-0.2628049850463867,0.9194707870483398
MDN,4,948,NLL,-0.2627164125442505,0.9194725751876831
MDN,4,949,NLL,-0.26257315278053284,0.9194701910018921
MDN,4,950,NLL,-0.26235246658325195,0.9194741249084473
MDN,4,951,NLL,-0.26201286911964417,0.9194701313972473
MDN,4,952,NLL,-0.26150959730148315,0.9194746017456055
MDN,4,953,NLL,-0.2607609033584595,0.9194668531417847
MDN,4,954,NLL,-0.25969648361206055,0.9194771647453308
MDN,4,955,NLL,-0.2582281827926636,0.9194641709327698
MDN,4,956,NLL,-0.25645771622657776,0.9194839000701904
MDN,4,957,NLL,-0.25455668568611145,0.9194632172584534
MDN,4,958,NLL,-0.2532992660999298,0.9194908738136292
MDN,4,959,NLL,-0.2532586455345154,0.9194664359092712
MDN,4,960,NLL,-0.25502699613571167,0.9194784760475159
MDN,4,961,NLL,-0.2576887309551239,0.9194623827934265
MDN,4,962,NLL,-0.2599372863769531,0.9194610714912415
MDN,4,963,NLL,-0.26051074266433716,0.9194629788398743
MDN,4,964,NLL,-0.2595309615135193,0.9194927215576172
MDN,4,965,NLL,-0.25813543796539307,0.9194796681404114
MDN,4,966,NLL,-0.25756749510765076,0.919546902179718
MDN,4,967,NLL,-0.2583206593990326,0.9194707870483398
MDN,4,968,NLL,-0.26002469658851624,0.9195404052734375
MDN,4,969,NLL,-0.2615959644317627,0.919427216053009
MDN,4,970,NLL,-0.26232054829597473,0.9194455742835999
MDN,4,971,NLL,-0.2621011435985565,0.9194132685661316
MDN,4,972,NLL,-0.26154187321662903,0.9194256067276001
MDN,4,973,NLL,-0.2613258361816406,0.9194466471672058
MDN,4,974,NLL,-0.2616705596446991,0.9194275736808777
MDN,4,975,NLL,-0.26229116320610046,0.9194510579109192
MDN,4,976,NLL,-0.26259419322013855,0.9194249510765076
MDN,4,977,NLL,-0.2623337507247925,0.9194263815879822
MDN,4,978,NLL,-0.26177218556404114,0.9194247126579285
MDN,4,979,NLL,-0.26142799854278564,0.919426679611206
MDN,4,980,NLL,-0.26158323884010315,0.9194252490997314
MDN,4,981,NLL,-0.2621190547943115,0.9194248914718628
MDN,4,982,NLL,-0.262636661529541,0.9194213151931763
MDN,4,983,NLL,-0.26286157965660095,0.9194409251213074
MDN,4,984,NLL,-0.2628170847892761,0.9194319844245911
MDN,4,985,NLL,-0.2627072334289551,0.9194604754447937
MDN,4,986,NLL,-0.26266974210739136,0.9194397330284119
MDN,4,987,NLL,-0.2627195119857788,0.9194496870040894
MDN,4,988,NLL,-0.26278504729270935,0.9194398522377014
MDN,4,989,NLL,-0.26283445954322815,0.9194345474243164
MDN,4,990,NLL,-0.2629011273384094,0.9194366335868835
MDN,4,991,NLL,-0.26301538944244385,0.9194194674491882
MDN,4,992,NLL,-0.26315003633499146,0.919421911239624
MDN,4,993,NLL,-0.26324236392974854,0.9194088578224182
MDN,4,994,NLL,-0.2632451057434082,0.9194096326828003
MDN,4,995,NLL,-0.2631681263446808,0.9194093942642212
MDN,4,996,NLL,-0.26306870579719543,0.9194054007530212
MDN,4,997,NLL,-0.26299843192100525,0.9194076657295227
MDN,4,998,NLL,-0.26296889781951904,0.9194040894508362
MDN,4,999,NLL,-0.2629554867744446,0.9194002151489258
MDN,4,1000,NLL,-0.26291972398757935,0.9194037318229675
MDN,5,1,NLL,2.3353350162506104,1.084287405014038
MDN,5,2,NLL,2.0929579734802246,1.0781514644622803
MDN,5,3,NLL,1.9524178504943848,1.0724422931671143
MDN,5,4,NLL,1.8575012683868408,1.0672434568405151
MDN,5,5,NLL,1.7863168716430664,1.0623630285263062
MDN,5,6,NLL,1.7293338775634766,1.0574434995651245
MDN,5,7,NLL,1.6808480024337769,1.0522195100784302
MDN,5,8,NLL,1.6353397369384766,1.0468811988830566
MDN,5,9,NLL,1.5979716777801514,1.041548490524292
MDN,5,10,NLL,1.5645285844802856,1.035908579826355
MDN,5,11,NLL,1.5333714485168457,1.030122995376587
MDN,5,12,NLL,1.5040000677108765,1.0243936777114868
MDN,5,13,NLL,1.4763436317443848,1.018906593322754
MDN,5,14,NLL,1.450278401374817,1.0138438940048218
MDN,5,15,NLL,1.424784541130066,1.009280800819397
MDN,5,16,NLL,1.399055004119873,1.005172848701477
MDN,5,17,NLL,1.3747637271881104,1.0013339519500732
MDN,5,18,NLL,1.3520703315734863,0.9974803924560547
MDN,5,19,NLL,1.3309136629104614,0.9932602643966675
MDN,5,20,NLL,1.3100122213363647,0.9883419871330261
MDN,5,21,NLL,1.287508487701416,0.9825530052185059
MDN,5,22,NLL,1.262593150138855,0.9757838249206543
MDN,5,23,NLL,1.236188530921936,0.9680657982826233
MDN,5,24,NLL,1.2090085744857788,0.9596067070960999
MDN,5,25,NLL,1.1816260814666748,0.9508976936340332
MDN,5,26,NLL,1.154358148574829,0.942737877368927
MDN,5,27,NLL,1.1273517608642578,0.9361669421195984
MDN,5,28,NLL,1.100826382637024,0.9323503375053406
MDN,5,29,NLL,1.075119972229004,0.9322841167449951
MDN,5,30,NLL,1.0503445863723755,0.9362935423851013
MDN,5,31,NLL,1.0259093046188354,0.9434729218482971
MDN,5,32,NLL,1.0005947351455688,0.9519653916358948
MDN,5,33,NLL,0.9730458855628967,0.9596176147460938
MDN,5,34,NLL,0.9423877596855164,0.9648379683494568
MDN,5,35,NLL,0.9089840054512024,0.9669922590255737
MDN,5,36,NLL,0.8745858669281006,0.9665488004684448
MDN,5,37,NLL,0.8412509560585022,0.9646583199501038
MDN,5,38,NLL,0.809687077999115,0.9628515243530273
MDN,5,39,NLL,0.777607798576355,0.9622185230255127
MDN,5,40,NLL,0.7419591546058655,0.9627928137779236
MDN,5,41,NLL,0.7039958238601685,0.963892936706543
MDN,5,42,NLL,0.6690467000007629,0.9644796848297119
MDN,5,43,NLL,0.6386385560035706,0.9628738164901733
MDN,5,44,NLL,0.607366144657135,0.9581420421600342
MDN,5,45,NLL,0.5723928809165955,0.9515929222106934
MDN,5,46,NLL,0.5390353202819824,0.9452069997787476
MDN,5,47,NLL,0.5089766979217529,0.9405720829963684
MDN,5,48,NLL,0.4756825864315033,0.9385091066360474
MDN,5,49,NLL,0.4428464472293854,0.9381515383720398
MDN,5,50,NLL,0.4136715829372406,0.9376955032348633
MDN,5,51,NLL,0.3791672885417938,0.9372310638427734
MDN,5,52,NLL,0.34413841366767883,0.9346545338630676
MDN,5,53,NLL,0.31318119168281555,0.9336360096931458
MDN,5,54,NLL,0.2812686562538147,0.933657169342041
MDN,5,55,NLL,0.25327396392822266,0.9322612881660461
MDN,5,56,NLL,0.2212904542684555,0.930120050907135
MDN,5,57,NLL,0.1955714374780655,0.9270766377449036
MDN,5,58,NLL,0.1680563986301422,0.9249403476715088
MDN,5,59,NLL,0.14219598472118378,0.9248166084289551
MDN,5,60,NLL,0.11374322324991226,0.9243658185005188
MDN,5,61,NLL,0.0906297117471695,0.9246633052825928
MDN,5,62,NLL,0.06654658913612366,0.9254190325737
MDN,5,63,NLL,0.04642349109053612,0.9266740083694458
MDN,5,64,NLL,0.02802455984055996,0.9277373552322388
MDN,5,65,NLL,0.006311932113021612,0.9267163872718811
MDN,5,66,NLL,-0.017776362597942352,0.9265870451927185
MDN,5,67,NLL,-0.03350112587213516,0.9262440800666809
MDN,5,68,NLL,-0.045128777623176575,0.925430953502655
MDN,5,69,NLL,-0.06139354035258293,0.9257550835609436
MDN,5,70,NLL,-0.07939647138118744,0.9266354441642761
MDN,5,71,NLL,-0.08793731033802032,0.9275711178779602
MDN,5,72,NLL,-0.09471580386161804,0.9277199506759644
MDN,5,73,NLL,-0.10813111811876297,0.9286212921142578
MDN,5,74,NLL,-0.11780285835266113,0.9282448291778564
MDN,5,75,NLL,-0.1115616112947464,0.9275099039077759
MDN,5,76,NLL,-0.11446403712034225,0.9281688332557678
MDN,5,77,NLL,-0.1440935730934143,0.9279919266700745
MDN,5,78,NLL,-0.14008846879005432,0.9279788732528687
MDN,5,79,NLL,-0.1401885747909546,0.9296388626098633
MDN,5,80,NLL,-0.16079506278038025,0.9281517267227173
MDN,5,81,NLL,-0.14699044823646545,0.9286435842514038
MDN,5,82,NLL,-0.1543499380350113,0.9274661540985107
MDN,5,83,NLL,-0.17220479249954224,0.92802894115448
MDN,5,84,NLL,-0.16279248893260956,0.9269716143608093
MDN,5,85,NLL,-0.17758110165596008,0.9269954562187195
MDN,5,86,NLL,-0.17748777568340302,0.9270190596580505
MDN,5,87,NLL,-0.1796465516090393,0.9267966151237488
MDN,5,88,NLL,-0.1908692717552185,0.9263787865638733
MDN,5,89,NLL,-0.18268556892871857,0.9266862869262695
MDN,5,90,NLL,-0.19500936567783356,0.9256324172019958
MDN,5,91,NLL,-0.19509974122047424,0.9254581928253174
MDN,5,92,NLL,-0.1908891201019287,0.925548791885376
MDN,5,93,NLL,-0.20224307477474213,0.9253324866294861
MDN,5,94,NLL,-0.19635915756225586,0.9250078201293945
MDN,5,95,NLL,-0.20004700124263763,0.9253524541854858
MDN,5,96,NLL,-0.20249274373054504,0.9247849583625793
MDN,5,97,NLL,-0.1981656700372696,0.9249119758605957
MDN,5,98,NLL,-0.2068604677915573,0.9246188998222351
MDN,5,99,NLL,-0.20677556097507477,0.9247620701789856
MDN,5,100,NLL,-0.20803126692771912,0.9245142340660095
MDN,5,101,NLL,-0.21288475394248962,0.9244948625564575
MDN,5,102,NLL,-0.2086765319108963,0.9245390295982361
MDN,5,103,NLL,-0.21107903122901917,0.9242871999740601
MDN,5,104,NLL,-0.21245799958705902,0.9242578744888306
MDN,5,105,NLL,-0.21085797250270844,0.9240725040435791
MDN,5,106,NLL,-0.21568436920642853,0.9241089820861816
MDN,5,107,NLL,-0.21558503806591034,0.9241239428520203
MDN,5,108,NLL,-0.21531879901885986,0.9241003394126892
MDN,5,109,NLL,-0.2181733399629593,0.9241922497749329
MDN,5,110,NLL,-0.21721301972866058,0.9242202639579773
MDN,5,111,NLL,-0.21829424798488617,0.9242321252822876
MDN,5,112,NLL,-0.21978174149990082,0.9242630004882812
MDN,5,113,NLL,-0.21821565926074982,0.9242247343063354
MDN,5,114,NLL,-0.21855361759662628,0.9242255091667175
MDN,5,115,NLL,-0.21776239573955536,0.9241659045219421
MDN,5,116,NLL,-0.21343845129013062,0.924272894859314
MDN,5,117,NLL,-0.21064206957817078,0.9242273569107056
MDN,5,118,NLL,-0.21189303696155548,0.9242291450500488
MDN,5,119,NLL,-0.21900978684425354,0.9242217540740967
MDN,5,120,NLL,-0.22310064733028412,0.9242128729820251
MDN,5,121,NLL,-0.21903495490550995,0.924301266670227
MDN,5,122,NLL,-0.21768799424171448,0.9242867827415466
MDN,5,123,NLL,-0.22275038063526154,0.9242677092552185
MDN,5,124,NLL,-0.22431343793869019,0.9242488145828247
MDN,5,125,NLL,-0.22189702093601227,0.9242196083068848
MDN,5,126,NLL,-0.22200562059879303,0.9242057800292969
MDN,5,127,NLL,-0.22510117292404175,0.9241544008255005
MDN,5,128,NLL,-0.22692881524562836,0.9241443872451782
MDN,5,129,NLL,-0.22551287710666656,0.9241646528244019
MDN,5,130,NLL,-0.22524318099021912,0.924126386642456
MDN,5,131,NLL,-0.22768928110599518,0.9241481423377991
MDN,5,132,NLL,-0.22867628931999207,0.9241904616355896
MDN,5,133,NLL,-0.22798897325992584,0.9241502285003662
MDN,5,134,NLL,-0.22797223925590515,0.924214243888855
MDN,5,135,NLL,-0.22911882400512695,0.9242174625396729
MDN,5,136,NLL,-0.23063749074935913,0.9242076277732849
MDN,5,137,NLL,-0.23049265146255493,0.924238383769989
MDN,5,138,NLL,-0.23002348840236664,0.9242500066757202
MDN,5,139,NLL,-0.23100054264068604,0.9242868423461914
MDN,5,140,NLL,-0.23206327855587006,0.9242324233055115
MDN,5,141,NLL,-0.23243974149227142,0.924268901348114
MDN,5,142,NLL,-0.2322692722082138,0.9242789149284363
MDN,5,143,NLL,-0.23245802521705627,0.9242174625396729
MDN,5,144,NLL,-0.23312266170978546,0.92430579662323
MDN,5,145,NLL,-0.23379145562648773,0.9242551326751709
MDN,5,146,NLL,-0.23426686227321625,0.9242661595344543
MDN,5,147,NLL,-0.23426003754138947,0.924278974533081
MDN,5,148,NLL,-0.2343347817659378,0.9241828322410583
MDN,5,149,NLL,-0.2347136288881302,0.9242385625839233
MDN,5,150,NLL,-0.2353133112192154,0.9241198897361755
MDN,5,151,NLL,-0.2358088195323944,0.9241062998771667
MDN,5,152,NLL,-0.23608727753162384,0.9240910410881042
MDN,5,153,NLL,-0.23628462851047516,0.924007773399353
MDN,5,154,NLL,-0.23637352883815765,0.9239911437034607
MDN,5,155,NLL,-0.23649054765701294,0.9239176511764526
MDN,5,156,NLL,-0.2366885095834732,0.9239152669906616
MDN,5,157,NLL,-0.2369845062494278,0.9238369464874268
MDN,5,158,NLL,-0.2372758686542511,0.9238444566726685
MDN,5,159,NLL,-0.2375868856906891,0.923763632774353
MDN,5,160,NLL,-0.2378966510295868,0.9237781763076782
MDN,5,161,NLL,-0.23818939924240112,0.9236997961997986
MDN,5,162,NLL,-0.23841674625873566,0.9236953258514404
MDN,5,163,NLL,-0.23860964179039001,0.9236459136009216
MDN,5,164,NLL,-0.2387392818927765,0.9236501455307007
MDN,5,165,NLL,-0.23871609568595886,0.9235795140266418
MDN,5,166,NLL,-0.238432377576828,0.9236087203025818
MDN,5,167,NLL,-0.2376014143228531,0.9235170483589172
MDN,5,168,NLL,-0.23595094680786133,0.9236050844192505
MDN,5,169,NLL,-0.23277080059051514,0.9234805703163147
MDN,5,170,NLL,-0.23036424815654755,0.9236710667610168
MDN,5,171,NLL,-0.2303958386182785,0.9235144257545471
MDN,5,172,NLL,-0.2362058460712433,0.9237369298934937
MDN,5,173,NLL,-0.2406967133283615,0.9236603379249573
MDN,5,174,NLL,-0.23969419300556183,0.9236579537391663
MDN,5,175,NLL,-0.2363748997449875,0.9237082004547119
MDN,5,176,NLL,-0.23612311482429504,0.9235787987709045
MDN,5,177,NLL,-0.24001868069171906,0.9235767126083374
MDN,5,178,NLL,-0.2417602688074112,0.9235185980796814
MDN,5,179,NLL,-0.2397637963294983,0.9235096573829651
MDN,5,180,NLL,-0.23840932548046112,0.9235056638717651
MDN,5,181,NLL,-0.23997755348682404,0.9234968423843384
MDN,5,182,NLL,-0.2423068881034851,0.9234671592712402
MDN,5,183,NLL,-0.24193675816059113,0.9234748482704163
MDN,5,184,NLL,-0.2403581738471985,0.9234602451324463
MDN,5,185,NLL,-0.24073906242847443,0.9234891533851624
MDN,5,186,NLL,-0.24249474704265594,0.9234525561332703
MDN,5,187,NLL,-0.24313372373580933,0.9234591722488403
MDN,5,188,NLL,-0.24221518635749817,0.9234777092933655
MDN,5,189,NLL,-0.24165794253349304,0.9234068989753723
MDN,5,190,NLL,-0.24261334538459778,0.9234254956245422
MDN,5,191,NLL,-0.24369381368160248,0.9233695268630981
MDN,5,192,NLL,-0.24362462759017944,0.923345148563385
MDN,5,193,NLL,-0.24300646781921387,0.9233598113059998
MDN,5,194,NLL,-0.2429160177707672,0.9233072400093079
MDN,5,195,NLL,-0.24371656775474548,0.9233410954475403
MDN,5,196,NLL,-0.24436746537685394,0.9233328104019165
MDN,5,197,NLL,-0.2443426549434662,0.9233346581459045
MDN,5,198,NLL,-0.2439987063407898,0.923372745513916
MDN,5,199,NLL,-0.24398498237133026,0.9233559370040894
MDN,5,200,NLL,-0.2444775402545929,0.923405647277832
MDN,5,201,NLL,-0.24494989216327667,0.923410177230835
MDN,5,202,NLL,-0.24506789445877075,0.9234228730201721
MDN,5,203,NLL,-0.2449236363172531,0.9234542846679688
MDN,5,204,NLL,-0.24488428235054016,0.9234406352043152
MDN,5,205,NLL,-0.2451174557209015,0.9234699010848999
MDN,5,206,NLL,-0.24546441435813904,0.9234590530395508
MDN,5,207,NLL,-0.24568647146224976,0.9234640002250671
MDN,5,208,NLL,-0.2457268387079239,0.9234758019447327
MDN,5,209,NLL,-0.24569012224674225,0.9234685301780701
MDN,5,210,NLL,-0.2457474321126938,0.923491895198822
MDN,5,211,NLL,-0.24592071771621704,0.923487663269043
MDN,5,212,NLL,-0.2461557239294052,0.9235072731971741
MDN,5,213,NLL,-0.246339812874794,0.9235166907310486
MDN,5,214,NLL,-0.246430441737175,0.9235224723815918
MDN,5,215,NLL,-0.24646636843681335,0.9235404133796692
MDN,5,216,NLL,-0.24650943279266357,0.923535943031311
MDN,5,217,NLL,-0.2466088831424713,0.9235546588897705
MDN,5,218,NLL,-0.24675260484218597,0.9235475063323975
MDN,5,219,NLL,-0.24691644310951233,0.9235572218894958
MDN,5,220,NLL,-0.24705953896045685,0.9235575199127197
MDN,5,221,NLL,-0.24716909229755402,0.9235605001449585
MDN,5,222,NLL,-0.2472459077835083,0.9235687255859375
MDN,5,223,NLL,-0.2473093867301941,0.9235656261444092
MDN,5,224,NLL,-0.2473776787519455,0.9235801100730896
MDN,5,225,NLL,-0.2474624663591385,0.9235814809799194
MDN,5,226,NLL,-0.24756760895252228,0.9236018657684326
MDN,5,227,NLL,-0.24768386781215668,0.9236071109771729
MDN,5,228,NLL,-0.24780358374118805,0.9236286282539368
MDN,5,229,NLL,-0.2479182928800583,0.9236389398574829
MDN,5,230,NLL,-0.24802358448505402,0.9236561059951782
MDN,5,231,NLL,-0.24811981618404388,0.9236645102500916
MDN,5,232,NLL,-0.2482072412967682,0.9236733913421631
MDN,5,233,NLL,-0.24828949570655823,0.9236840009689331
MDN,5,234,NLL,-0.24836866557598114,0.9236895442008972
MDN,5,235,NLL,-0.24844560027122498,0.9237003922462463
MDN,5,236,NLL,-0.2485230565071106,0.9237011075019836
MDN,5,237,NLL,-0.24860087037086487,0.9237145185470581
MDN,5,238,NLL,-0.24867704510688782,0.9237146973609924
MDN,5,239,NLL,-0.24875247478485107,0.9237297177314758
MDN,5,240,NLL,-0.24882382154464722,0.9237269163131714
MDN,5,241,NLL,-0.24889080226421356,0.923744797706604
MDN,5,242,NLL,-0.24894748628139496,0.9237411022186279
MDN,5,243,NLL,-0.24899515509605408,0.9237614274024963
MDN,5,244,NLL,-0.24902091920375824,0.9237523674964905
MDN,5,245,NLL,-0.24902449548244476,0.9237777590751648
MDN,5,246,NLL,-0.2489776611328125,0.9237657189369202
MDN,5,247,NLL,-0.24887876212596893,0.9238020777702332
MDN,5,248,NLL,-0.24865905940532684,0.9237843751907349
MDN,5,249,NLL,-0.24834823608398438,0.9238387942314148
MDN,5,250,NLL,-0.24779526889324188,0.9238165616989136
MDN,5,251,NLL,-0.24720731377601624,0.9239014983177185
MDN,5,252,NLL,-0.2463638037443161,0.9238799214363098
MDN,5,253,NLL,-0.24604667723178864,0.9239991307258606
MDN,5,254,NLL,-0.24599027633666992,0.9239923357963562
MDN,5,255,NLL,-0.2470509558916092,0.9241085648536682
MDN,5,256,NLL,-0.24833470582962036,0.9241199493408203
MDN,5,257,NLL,-0.24944937229156494,0.9241527915000916
MDN,5,258,NLL,-0.24976907670497894,0.9241533279418945
MDN,5,259,NLL,-0.24939024448394775,0.9240882396697998
MDN,5,260,NLL,-0.24885956943035126,0.9240719676017761
MDN,5,261,NLL,-0.24865572154521942,0.9239815473556519
MDN,5,262,NLL,-0.2491156905889511,0.9239848852157593
MDN,5,263,NLL,-0.2498708814382553,0.9239301681518555
MDN,5,264,NLL,-0.2505671977996826,0.923938512802124
MDN,5,265,NLL,-0.25084665417671204,0.923926591873169
MDN,5,266,NLL,-0.25071197748184204,0.9239141941070557
MDN,5,267,NLL,-0.25039708614349365,0.9239394068717957
MDN,5,268,NLL,-0.25015783309936523,0.923897922039032
MDN,5,269,NLL,-0.2502051293849945,0.9239540696144104
MDN,5,270,NLL,-0.250465989112854,0.923900306224823
MDN,5,271,NLL,-0.25084388256073,0.9239391684532166
MDN,5,272,NLL,-0.2511400878429413,0.9238898754119873
MDN,5,273,NLL,-0.25126001238822937,0.9238884449005127
MDN,5,274,NLL,-0.2512132227420807,0.9238616228103638
MDN,5,275,NLL,-0.2510721981525421,0.9238362908363342
MDN,5,276,NLL,-0.2509399950504303,0.9238368272781372
MDN,5,277,NLL,-0.25085777044296265,0.9238168597221375
MDN,5,278,NLL,-0.2508808970451355,0.923838198184967
MDN,5,279,NLL,-0.2509439289569855,0.9238428473472595
MDN,5,280,NLL,-0.25103405117988586,0.9238651394844055
MDN,5,281,NLL,-0.25105947256088257,0.9238928556442261
MDN,5,282,NLL,-0.25099027156829834,0.9238944053649902
MDN,5,283,NLL,-0.2508005201816559,0.9239328503608704
MDN,5,284,NLL,-0.2505081295967102,0.923901379108429
MDN,5,285,NLL,-0.2501600980758667,0.9239460825920105
MDN,5,286,NLL,-0.24985259771347046,0.9238885641098022
MDN,5,287,NLL,-0.24969695508480072,0.9239353537559509
MDN,5,288,NLL,-0.24981963634490967,0.9238684773445129
MDN,5,289,NLL,-0.25025612115859985,0.9239080548286438
MDN,5,290,NLL,-0.2509612441062927,0.9238480925559998
MDN,5,291,NLL,-0.2517434060573578,0.9238744974136353
MDN,5,292,NLL,-0.25237220525741577,0.9238442778587341
MDN,5,293,NLL,-0.25269725918769836,0.9238511323928833
MDN,5,294,NLL,-0.25270286202430725,0.9238601326942444
MDN,5,295,NLL,-0.2524885833263397,0.9238414168357849
MDN,5,296,NLL,-0.2522132992744446,0.9238747954368591
MDN,5,297,NLL,-0.25202488899230957,0.9238343238830566
MDN,5,298,NLL,-0.25201109051704407,0.9238757491111755
MDN,5,299,NLL,-0.2521899342536926,0.9238289594650269
MDN,5,300,NLL,-0.2524948716163635,0.923861563205719
MDN,5,301,NLL,-0.2528306543827057,0.9238228797912598
MDN,5,302,NLL,-0.25309523940086365,0.9238422513008118
MDN,5,303,NLL,-0.2532356083393097,0.9238244891166687
MDN,5,304,NLL,-0.25325146317481995,0.9238324761390686
MDN,5,305,NLL,-0.25318068265914917,0.9238336086273193
MDN,5,306,NLL,-0.25307905673980713,0.9238324165344238
MDN,5,307,NLL,-0.2529881000518799,0.9238411784172058
MDN,5,308,NLL,-0.2529327869415283,0.9238362908363342
MDN,5,309,NLL,-0.25291240215301514,0.9238422513008118
MDN,5,310,NLL,-0.25290238857269287,0.9238433241844177
MDN,5,311,NLL,-0.25285056233406067,0.9238396286964417
MDN,5,312,NLL,-0.25272583961486816,0.923858106136322
MDN,5,313,NLL,-0.2524169683456421,0.9238430261611938
MDN,5,314,NLL,-0.2519752085208893,0.9238958954811096
MDN,5,315,NLL,-0.25122591853141785,0.9238731265068054
MDN,5,316,NLL,-0.2505522668361664,0.9239740967750549
MDN,5,317,NLL,-0.24980363249778748,0.9239509701728821
MDN,5,318,NLL,-0.24995212256908417,0.924087405204773
MDN,5,319,NLL,-0.25062957406044006,0.9240694046020508
MDN,5,320,NLL,-0.252209335565567,0.9241659045219421
MDN,5,321,NLL,-0.2536168098449707,0.9241396188735962
MDN,5,322,NLL,-0.25429803133010864,0.9241219162940979
MDN,5,323,NLL,-0.25406116247177124,0.9240635633468628
MDN,5,324,NLL,-0.2533179223537445,0.9239761829376221
MDN,5,325,NLL,-0.252761572599411,0.923926591873169
MDN,5,326,NLL,-0.2526947855949402,0.9238558411598206
MDN,5,327,NLL,-0.25329044461250305,0.9238488674163818
MDN,5,328,NLL,-0.2540385127067566,0.923820972442627
MDN,5,329,NLL,-0.25457918643951416,0.9238268136978149
MDN,5,330,NLL,-0.2546713650226593,0.9238284826278687
MDN,5,331,NLL,-0.25441139936447144,0.923810601234436
MDN,5,332,NLL,-0.2540852129459381,0.9238390922546387
MDN,5,333,NLL,-0.25392040610313416,0.9237856268882751
MDN,5,334,NLL,-0.25407177209854126,0.923818826675415
MDN,5,335,NLL,-0.2543995678424835,0.9237531423568726
MDN,5,336,NLL,-0.25476890802383423,0.9237611889839172
MDN,5,337,NLL,-0.2550053298473358,0.9237131476402283
MDN,5,338,NLL,-0.25505539774894714,0.923690915107727
MDN,5,339,NLL,-0.2549625337123871,0.9236747026443481
MDN,5,340,NLL,-0.2548210918903351,0.9236413836479187
MDN,5,341,NLL,-0.2547331750392914,0.9236537218093872
MDN,5,342,NLL,-0.2547246515750885,0.9236317276954651
MDN,5,343,NLL,-0.2548210620880127,0.9236586689949036
MDN,5,344,NLL,-0.2549521028995514,0.9236570000648499
MDN,5,345,NLL,-0.25507649779319763,0.9236776828765869
MDN,5,346,NLL,-0.25511670112609863,0.9236892461776733
MDN,5,347,NLL,-0.25503167510032654,0.9236809015274048
MDN,5,348,NLL,-0.25478556752204895,0.9236964583396912
MDN,5,349,NLL,-0.2543417811393738,0.92365962266922
MDN,5,350,NLL,-0.25364813208580017,0.9236860871315002
MDN,5,351,NLL,-0.2526518702507019,0.9236321449279785
MDN,5,352,NLL,-0.2513121962547302,0.9236778020858765
MDN,5,353,NLL,-0.24980874359607697,0.923614501953125
MDN,5,354,NLL,-0.24860766530036926,0.9236750602722168
MDN,5,355,NLL,-0.2485889345407486,0.9236021637916565
MDN,5,356,NLL,-0.25026509165763855,0.9236373901367188
MDN,5,357,NLL,-0.25305119156837463,0.9235754609107971
MDN,5,358,NLL,-0.2552194893360138,0.9235743284225464
MDN,5,359,NLL,-0.2554977834224701,0.9235883951187134
MDN,5,360,NLL,-0.25422656536102295,0.9235566258430481
MDN,5,361,NLL,-0.2529294490814209,0.9236209988594055
MDN,5,362,NLL,-0.25294893980026245,0.9235509634017944
MDN,5,363,NLL,-0.2542971074581146,0.9235790371894836
MDN,5,364,NLL,-0.25575754046440125,0.9235190153121948
MDN,5,365,NLL,-0.2561383545398712,0.9235123991966248
MDN,5,366,NLL,-0.2554585039615631,0.923518717288971
MDN,5,367,NLL,-0.25472497940063477,0.9234899282455444
MDN,5,368,NLL,-0.2547806203365326,0.923516035079956
MDN,5,369,NLL,-0.25554025173187256,0.9234749674797058
MDN,5,370,NLL,-0.2562066912651062,0.9234856963157654
MDN,5,371,NLL,-0.25621894001960754,0.9234711527824402
MDN,5,372,NLL,-0.25576847791671753,0.9234657287597656
MDN,5,373,NLL,-0.2554547190666199,0.9234743714332581
MDN,5,374,NLL,-0.2556391656398773,0.923457682132721
MDN,5,375,NLL,-0.2561291754245758,0.9234574437141418
MDN,5,376,NLL,-0.25647661089897156,0.9234525561332703
MDN,5,377,NLL,-0.256450355052948,0.9234378337860107
MDN,5,378,NLL,-0.25621458888053894,0.9234532117843628
MDN,5,379,NLL,-0.2560916841030121,0.9234240651130676
MDN,5,380,NLL,-0.25623539090156555,0.9234355688095093
MDN,5,381,NLL,-0.2565268278121948,0.9234034419059753
MDN,5,382,NLL,-0.25673428177833557,0.9234052300453186
MDN,5,383,NLL,-0.2567422389984131,0.9233914017677307
MDN,5,384,NLL,-0.25662553310394287,0.9233851432800293
MDN,5,385,NLL,-0.2565462589263916,0.9233827590942383
MDN,5,386,NLL,-0.25659728050231934,0.9233708381652832
MDN,5,387,NLL,-0.2567407190799713,0.9233647584915161
MDN,5,388,NLL,-0.2568659484386444,0.9233599305152893
MDN,5,389,NLL,-0.2568897008895874,0.9233453273773193
MDN,5,390,NLL,-0.2568141222000122,0.9233540296554565
MDN,5,391,NLL,-0.2566860616207123,0.9233301281929016
MDN,5,392,NLL,-0.25656449794769287,0.923352062702179
MDN,5,393,NLL,-0.2564299702644348,0.9233238101005554
MDN,5,394,NLL,-0.256251722574234,0.9233543276786804
MDN,5,395,NLL,-0.2559050917625427,0.9233265519142151
MDN,5,396,NLL,-0.2553938031196594,0.9233677387237549
MDN,5,397,NLL,-0.2545689642429352,0.9233435392379761
MDN,5,398,NLL,-0.2536928355693817,0.9234076738357544
MDN,5,399,NLL,-0.25265589356422424,0.9233919978141785
MDN,5,400,NLL,-0.2522881329059601,0.923478901386261
MDN,5,401,NLL,-0.25244060158729553,0.923469603061676
MDN,5,402,NLL,-0.25384101271629333,0.9235389828681946
MDN,5,403,NLL,-0.25557124614715576,0.9235203266143799
MDN,5,404,NLL,-0.2570401728153229,0.9235062599182129
MDN,5,405,NLL,-0.25751742720603943,0.9234477877616882
MDN,5,406,NLL,-0.25703442096710205,0.9233740568161011
MDN,5,407,NLL,-0.2561662495136261,0.9233046770095825
MDN,5,408,NLL,-0.2555190920829773,0.9232480525970459
MDN,5,409,NLL,-0.2556120455265045,0.9232219457626343
MDN,5,410,NLL,-0.25622692704200745,0.9232000708580017
MDN,5,411,NLL,-0.2570748031139374,0.9232107400894165
MDN,5,412,NLL,-0.2576315402984619,0.9232134819030762
MDN,5,413,NLL,-0.2577044367790222,0.9232149720191956
MDN,5,414,NLL,-0.2574099600315094,0.9232252836227417
MDN,5,415,NLL,-0.2570344805717468,0.9231770634651184
MDN,5,416,NLL,-0.25686579942703247,0.9231798052787781
MDN,5,417,NLL,-0.25695931911468506,0.9231110215187073
MDN,5,418,NLL,-0.2572825849056244,0.9231055378913879
MDN,5,419,NLL,-0.25762879848480225,0.9230642914772034
MDN,5,420,NLL,-0.25786420702934265,0.9230520129203796
MDN,5,421,NLL,-0.25792592763900757,0.9230486154556274
MDN,5,422,NLL,-0.2578482925891876,0.9230316281318665
MDN,5,423,NLL,-0.25772884488105774,0.9230521321296692
MDN,5,424,NLL,-0.2576364278793335,0.9230374693870544
MDN,5,425,NLL,-0.25764092803001404,0.9230613112449646
MDN,5,426,NLL,-0.2577252686023712,0.9230492115020752
MDN,5,427,NLL,-0.2578667402267456,0.9230614304542542
MDN,5,428,NLL,-0.2580077052116394,0.923052191734314
MDN,5,429,NLL,-0.2581135928630829,0.9230472445487976
MDN,5,430,NLL,-0.2581665515899658,0.9230369925498962
MDN,5,431,NLL,-0.2581712603569031,0.923018217086792
MDN,5,432,NLL,-0.2581506073474884,0.9230096936225891
MDN,5,433,NLL,-0.2581286132335663,0.9229875206947327
MDN,5,434,NLL,-0.25812333822250366,0.9229851961135864
MDN,5,435,NLL,-0.25814056396484375,0.9229674935340881
MDN,5,436,NLL,-0.2581789791584015,0.922972559928894
MDN,5,437,NLL,-0.258229523897171,0.9229600429534912
MDN,5,438,NLL,-0.2582882344722748,0.9229646325111389
MDN,5,439,NLL,-0.25833988189697266,0.9229506850242615
MDN,5,440,NLL,-0.2583909332752228,0.9229463338851929
MDN,5,441,NLL,-0.2584318220615387,0.9229305386543274
MDN,5,442,NLL,-0.25846195220947266,0.9229187369346619
MDN,5,443,NLL,-0.25848501920700073,0.9229050278663635
MDN,5,444,NLL,-0.2585016191005707,0.9228917956352234
MDN,5,445,NLL,-0.25851359963417053,0.9228861331939697
MDN,5,446,NLL,-0.2585242986679077,0.9228772521018982
MDN,5,447,NLL,-0.2585340142250061,0.9228807091712952
MDN,5,448,NLL,-0.2585414946079254,0.9228740334510803
MDN,5,449,NLL,-0.2585463225841522,0.9228783845901489
MDN,5,450,NLL,-0.2585467994213104,0.9228681325912476
MDN,5,451,NLL,-0.25854334235191345,0.9228705763816833
MDN,5,452,NLL,-0.2585309147834778,0.9228549003601074
MDN,5,453,NLL,-0.25851041078567505,0.9228549003601074
MDN,5,454,NLL,-0.258478581905365,0.922835111618042
MDN,5,455,NLL,-0.25843021273612976,0.9228371381759644
MDN,5,456,NLL,-0.258356511592865,0.9228189587593079
MDN,5,457,NLL,-0.2582520544528961,0.9228293299674988
MDN,5,458,NLL,-0.2581116557121277,0.9228126406669617
MDN,5,459,NLL,-0.25791987776756287,0.9228304028511047
MDN,5,460,NLL,-0.2576623857021332,0.9228110909461975
MDN,5,461,NLL,-0.25733113288879395,0.9228370785713196
MDN,5,462,NLL,-0.25691545009613037,0.9228125214576721
MDN,5,463,NLL,-0.2564295828342438,0.9228455424308777
MDN,5,464,NLL,-0.2559123635292053,0.9228145480155945
MDN,5,465,NLL,-0.2554398775100708,0.9228557348251343
MDN,5,466,NLL,-0.2551102936267853,0.9228206872940063
MDN,5,467,NLL,-0.25506237149238586,0.9228646159172058
MDN,5,468,NLL,-0.255295991897583,0.9228248596191406
MDN,5,469,NLL,-0.2558692991733551,0.9228606820106506
MDN,5,470,NLL,-0.2564905881881714,0.9228200912475586
MDN,5,471,NLL,-0.2571042776107788,0.9228391647338867
MDN,5,472,NLL,-0.2573747932910919,0.9228039979934692
MDN,5,473,NLL,-0.25735682249069214,0.9228028059005737
MDN,5,474,NLL,-0.25703486800193787,0.9227745532989502
MDN,5,475,NLL,-0.2566341161727905,0.9227608442306519
MDN,5,476,NLL,-0.256403386592865,0.9227398633956909
MDN,5,477,NLL,-0.25654587149620056,0.9227198958396912
MDN,5,478,NLL,-0.2571186423301697,0.9227051734924316
MDN,5,479,NLL,-0.25795087218284607,0.9226853847503662
MDN,5,480,NLL,-0.2587352991104126,0.9226776957511902
MDN,5,481,NLL,-0.2592066526412964,0.9226703643798828
MDN,5,482,NLL,-0.2592795491218567,0.9226630926132202
MDN,5,483,NLL,-0.2590559422969818,0.9226694107055664
MDN,5,484,NLL,-0.25874003767967224,0.9226505160331726
MDN,5,485,NLL,-0.25852301716804504,0.9226577877998352
MDN,5,486,NLL,-0.258501797914505,0.9226288795471191
MDN,5,487,NLL,-0.25866207480430603,0.9226281642913818
MDN,5,488,NLL,-0.2588972747325897,0.9226112365722656
MDN,5,489,NLL,-0.25908634066581726,0.9226042032241821
MDN,5,490,NLL,-0.25914308428764343,0.9226107597351074
MDN,5,491,NLL,-0.25904372334480286,0.9225996136665344
MDN,5,492,NLL,-0.258842796087265,0.9226260781288147
MDN,5,493,NLL,-0.2585863769054413,0.9226112961769104
MDN,5,494,NLL,-0.25837424397468567,0.9226443767547607
MDN,5,495,NLL,-0.2581905424594879,0.9226263761520386
MDN,5,496,NLL,-0.258100301027298,0.9226528406143188
MDN,5,497,NLL,-0.2580057382583618,0.922631025314331
MDN,5,498,NLL,-0.25796791911125183,0.9226450324058533
MDN,5,499,NLL,-0.25786837935447693,0.9226210713386536
MDN,5,500,NLL,-0.2578018307685852,0.9226254224777222
MDN,5,501,NLL,-0.257673442363739,0.922601580619812
MDN,5,502,NLL,-0.25760746002197266,0.9226021766662598
MDN,5,503,NLL,-0.25756165385246277,0.9225796461105347
MDN,5,504,NLL,-0.2576207220554352,0.9225782155990601
MDN,5,505,NLL,-0.2577642798423767,0.9225553870201111
MDN,5,506,NLL,-0.25802117586135864,0.9225490093231201
MDN,5,507,NLL,-0.258364200592041,0.9225263595581055
MDN,5,508,NLL,-0.2587536573410034,0.9225144386291504
MDN,5,509,NLL,-0.2591363191604614,0.9224938750267029
MDN,5,510,NLL,-0.2594578266143799,0.9224779605865479
MDN,5,511,NLL,-0.2596879303455353,0.9224607348442078
MDN,5,512,NLL,-0.25981366634368896,0.9224464297294617
MDN,5,513,NLL,-0.2598416805267334,0.9224347472190857
MDN,5,514,NLL,-0.2598000168800354,0.922425389289856
MDN,5,515,NLL,-0.259708970785141,0.922418475151062
MDN,5,516,NLL,-0.2595970928668976,0.9224114418029785
MDN,5,517,NLL,-0.25948232412338257,0.922407329082489
MDN,5,518,NLL,-0.25937286019325256,0.9224000573158264
MDN,5,519,NLL,-0.25927212834358215,0.922401487827301
MDN,5,520,NLL,-0.25917109847068787,0.9223920702934265
MDN,5,521,NLL,-0.25906848907470703,0.9224002361297607
MDN,5,522,NLL,-0.2589421272277832,0.9223873615264893
MDN,5,523,NLL,-0.2587934732437134,0.922399640083313
MDN,5,524,NLL,-0.2585924565792084,0.922383189201355
MDN,5,525,NLL,-0.25837206840515137,0.9224004745483398
MDN,5,526,NLL,-0.2580834925174713,0.922385573387146
MDN,5,527,NLL,-0.2578391134738922,0.9224110245704651
MDN,5,528,NLL,-0.2575758099555969,0.9224007725715637
MDN,5,529,NLL,-0.2574877440929413,0.9224284887313843
MDN,5,530,NLL,-0.257490873336792,0.9224161505699158
MDN,5,531,NLL,-0.2577771544456482,0.9224324822425842
MDN,5,532,NLL,-0.2581927180290222,0.9224128723144531
MDN,5,533,NLL,-0.2587825059890747,0.9224070906639099
MDN,5,534,NLL,-0.2593406140804291,0.9223787188529968
MDN,5,535,NLL,-0.25979334115982056,0.9223570823669434
MDN,5,536,NLL,-0.26005420088768005,0.9223297238349915
MDN,5,537,NLL,-0.26011934876441956,0.9223082065582275
MDN,5,538,NLL,-0.26003313064575195,0.9222926497459412
MDN,5,539,NLL,-0.25985753536224365,0.9222742319107056
MDN,5,540,NLL,-0.259657084941864,0.9222774505615234
MDN,5,541,NLL,-0.25946909189224243,0.9222582578659058
MDN,5,542,NLL,-0.2593485713005066,0.9222795963287354
MDN,5,543,NLL,-0.2592880129814148,0.9222539067268372
MDN,5,544,NLL,-0.2593320310115814,0.9222825765609741
MDN,5,545,NLL,-0.2594175636768341,0.9222497344017029
MDN,5,546,NLL,-0.2595686614513397,0.9222667217254639
MDN,5,547,NLL,-0.2597317099571228,0.9222330451011658
MDN,5,548,NLL,-0.2599055767059326,0.9222375154495239
MDN,5,549,NLL,-0.26005643606185913,0.9222140312194824
MDN,5,550,NLL,-0.26017892360687256,0.9222139716148376
MDN,5,551,NLL,-0.26026061177253723,0.9222051501274109
MDN,5,552,NLL,-0.2603037655353546,0.9222058653831482
MDN,5,553,NLL,-0.2603124976158142,0.9222046732902527
MDN,5,554,NLL,-0.260287344455719,0.9222033619880676
MDN,5,555,NLL,-0.26022613048553467,0.9222031235694885
MDN,5,556,NLL,-0.2601240277290344,0.9221973419189453
MDN,5,557,NLL,-0.2599622309207916,0.9221973419189453
MDN,5,558,NLL,-0.259714275598526,0.9221875667572021
MDN,5,559,NLL,-0.25933361053466797,0.9221920371055603
MDN,5,560,NLL,-0.2587493658065796,0.9221819639205933
MDN,5,561,NLL,-0.25785186886787415,0.922198474407196
MDN,5,562,NLL,-0.2565544843673706,0.9221924543380737
MDN,5,563,NLL,-0.25474363565444946,0.9222242832183838
MDN,5,564,NLL,-0.2527035176753998,0.9222218990325928
MDN,5,565,NLL,-0.25093674659729004,0.9222521185874939
MDN,5,566,NLL,-0.25076860189437866,0.9222301840782166
MDN,5,567,NLL,-0.25285670161247253,0.9222158789634705
MDN,5,568,NLL,-0.2566829025745392,0.9221612215042114
MDN,5,569,NLL,-0.2598245143890381,0.9221280217170715
MDN,5,570,NLL,-0.26038849353790283,0.922119140625
MDN,5,571,NLL,-0.2586665153503418,0.9221231937408447
MDN,5,572,NLL,-0.25673025846481323,0.9221521019935608
MDN,5,573,NLL,-0.25654757022857666,0.9221396446228027
MDN,5,574,NLL,-0.2581588923931122,0.9221332669258118
MDN,5,575,NLL,-0.2598741352558136,0.9220988154411316
MDN,5,576,NLL,-0.2600792944431305,0.9221002459526062
MDN,5,577,NLL,-0.25892430543899536,0.922094464302063
MDN,5,578,NLL,-0.2578897774219513,0.9221041202545166
MDN,5,579,NLL,-0.25807055830955505,0.9220870137214661
MDN,5,580,NLL,-0.25906509160995483,0.9220868945121765
MDN,5,581,NLL,-0.25965091586112976,0.9220730662345886
MDN,5,582,NLL,-0.2592335641384125,0.9221063256263733
MDN,5,583,NLL,-0.2583177983760834,0.9221071600914001
MDN,5,584,NLL,-0.2579001188278198,0.922141969203949
MDN,5,585,NLL,-0.2581649422645569,0.922120213508606
MDN,5,586,NLL,-0.25868239998817444,0.9221320748329163
MDN,5,587,NLL,-0.2587251663208008,0.9221006631851196
MDN,5,588,NLL,-0.2583918571472168,0.9221088290214539
MDN,5,589,NLL,-0.2581161856651306,0.9220820665359497
MDN,5,590,NLL,-0.25837159156799316,0.922086775302887
MDN,5,591,NLL,-0.25903934240341187,0.9220618009567261
MDN,5,592,NLL,-0.2597261965274811,0.922062337398529
MDN,5,593,NLL,-0.2600727677345276,0.9220494031906128
MDN,5,594,NLL,-0.260150671005249,0.922045886516571
MDN,5,595,NLL,-0.26020243763923645,0.9220330119132996
MDN,5,596,NLL,-0.2603948414325714,0.9220209717750549
MDN,5,597,NLL,-0.26065364480018616,0.922004759311676
MDN,5,598,NLL,-0.26079198718070984,0.9219906330108643
MDN,5,599,NLL,-0.2607126533985138,0.9219859838485718
MDN,5,600,NLL,-0.26049187779426575,0.9219721555709839
MDN,5,601,NLL,-0.26028090715408325,0.9219850897789001
MDN,5,602,NLL,-0.2601682245731354,0.921962320804596
MDN,5,603,NLL,-0.2601540684700012,0.9219791293144226
MDN,5,604,NLL,-0.26012617349624634,0.9219512343406677
MDN,5,605,NLL,-0.2600330114364624,0.9219679832458496
MDN,5,606,NLL,-0.2598392367362976,0.9219447374343872
MDN,5,607,NLL,-0.2596287727355957,0.921962320804596
MDN,5,608,NLL,-0.2594369053840637,0.9219431281089783
MDN,5,609,NLL,-0.25933101773262024,0.9219632744789124
MDN,5,610,NLL,-0.25926288962364197,0.9219480752944946
MDN,5,611,NLL,-0.25926217436790466,0.9219697117805481
MDN,5,612,NLL,-0.259255975484848,0.9219586253166199
MDN,5,613,NLL,-0.25933465361595154,0.921974241733551
MDN,5,614,NLL,-0.25944310426712036,0.9219644665718079
MDN,5,615,NLL,-0.25968071818351746,0.9219659566879272
MDN,5,616,NLL,-0.25995907187461853,0.921951413154602
MDN,5,617,NLL,-0.2602849006652832,0.9219412803649902
MDN,5,618,NLL,-0.26056811213493347,0.9219232797622681
MDN,5,619,NLL,-0.2607876658439636,0.9219107031822205
MDN,5,620,NLL,-0.26092255115509033,0.921893298625946
MDN,5,621,NLL,-0.2609870135784149,0.9218835830688477
MDN,5,622,NLL,-0.26100173592567444,0.9218728542327881
MDN,5,623,NLL,-0.26098760962486267,0.9218628406524658
MDN,5,624,NLL,-0.2609565556049347,0.9218620657920837
MDN,5,625,NLL,-0.2609088718891144,0.921851396560669
MDN,5,626,NLL,-0.2608451247215271,0.9218592643737793
MDN,5,627,NLL,-0.26075810194015503,0.9218450784683228
MDN,5,628,NLL,-0.26065683364868164,0.9218563437461853
MDN,5,629,NLL,-0.26053303480148315,0.9218385815620422
MDN,5,630,NLL,-0.26039883494377136,0.9218524098396301
MDN,5,631,NLL,-0.2602371871471405,0.9218339920043945
MDN,5,632,NLL,-0.2600648105144501,0.921851396560669
MDN,5,633,NLL,-0.25984883308410645,0.9218352437019348
MDN,5,634,NLL,-0.2596229016780853,0.9218567609786987
MDN,5,635,NLL,-0.25934475660324097,0.9218446016311646
MDN,5,636,NLL,-0.2591070532798767,0.921866774559021
MDN,5,637,NLL,-0.25885382294654846,0.9218565225601196
MDN,5,638,NLL,-0.2587438225746155,0.9218751192092896
MDN,5,639,NLL,-0.2587009370326996,0.9218639731407166
MDN,5,640,NLL,-0.25888592004776,0.9218721389770508
MDN,5,641,NLL,-0.2591809034347534,0.9218567609786987
MDN,5,642,NLL,-0.2596482038497925,0.921852707862854
MDN,5,643,NLL,-0.26012396812438965,0.9218304753303528
MDN,5,644,NLL,-0.26057928800582886,0.9218202829360962
MDN,5,645,NLL,-0.26091665029525757,0.9217990040779114
MDN,5,646,NLL,-0.2611185908317566,0.9217876195907593
MDN,5,647,NLL,-0.26119136810302734,0.9217738509178162
MDN,5,648,NLL,-0.26116102933883667,0.9217637777328491
MDN,5,649,NLL,-0.26106345653533936,0.9217622876167297
MDN,5,650,NLL,-0.2609303295612335,0.9217501282691956
MDN,5,651,NLL,-0.2607921361923218,0.9217608571052551
MDN,5,652,NLL,-0.26065370440483093,0.9217431545257568
MDN,5,653,NLL,-0.260535329580307,0.9217600226402283
MDN,5,654,NLL,-0.26042652130126953,0.9217370748519897
MDN,5,655,NLL,-0.26034802198410034,0.9217528700828552
MDN,5,656,NLL,-0.260287880897522,0.9217292070388794
MDN,5,657,NLL,-0.2602597177028656,0.9217439889907837
MDN,5,658,NLL,-0.26024821400642395,0.9217256903648376
MDN,5,659,NLL,-0.26027172803878784,0.9217396378517151
MDN,5,660,NLL,-0.26031309366226196,0.9217283129692078
MDN,5,661,NLL,-0.2603825628757477,0.9217405319213867
MDN,5,662,NLL,-0.26046425104141235,0.9217306971549988
MDN,5,663,NLL,-0.2605631351470947,0.9217382669448853
MDN,5,664,NLL,-0.26066356897354126,0.9217267036437988
MDN,5,665,NLL,-0.260765939950943,0.9217280745506287
MDN,5,666,NLL,-0.260859876871109,0.9217138886451721
MDN,5,667,NLL,-0.2609473764896393,0.9217132925987244
MDN,5,668,NLL,-0.26101449131965637,0.921700119972229
MDN,5,669,NLL,-0.26107996702194214,0.9217031002044678
MDN,5,670,NLL,-0.26112908124923706,0.9216930866241455
MDN,5,671,NLL,-0.26116445660591125,0.9216959476470947
MDN,5,672,NLL,-0.2611897885799408,0.9216837882995605
MDN,5,673,NLL,-0.2612076997756958,0.9216848015785217
MDN,5,674,NLL,-0.2612130343914032,0.9216707348823547
MDN,5,675,NLL,-0.26121124625205994,0.9216713905334473
MDN,5,676,NLL,-0.26119640469551086,0.9216572642326355
MDN,5,677,NLL,-0.26116952300071716,0.9216614365577698
MDN,5,678,NLL,-0.26111865043640137,0.921650230884552
MDN,5,679,NLL,-0.26104113459587097,0.9216570854187012
MDN,5,680,NLL,-0.26092076301574707,0.9216446876525879
MDN,5,681,NLL,-0.2607475817203522,0.9216547608375549
MDN,5,682,NLL,-0.26048749685287476,0.92164146900177
MDN,5,683,NLL,-0.26013773679733276,0.921657383441925
MDN,5,684,NLL,-0.2596292495727539,0.9216445088386536
MDN,5,685,NLL,-0.2589837312698364,0.9216689467430115
MDN,5,686,NLL,-0.2581075429916382,0.9216551184654236
MDN,5,687,NLL,-0.25716039538383484,0.9216878414154053
MDN,5,688,NLL,-0.2560885548591614,0.9216678142547607
MDN,5,689,NLL,-0.25535592436790466,0.9217025637626648
MDN,5,690,NLL,-0.25499990582466125,0.9216740131378174
MDN,5,691,NLL,-0.25550132989883423,0.9216949343681335
MDN,5,692,NLL,-0.25663626194000244,0.9216610789299011
MDN,5,693,NLL,-0.2580151855945587,0.9216689467430115
MDN,5,694,NLL,-0.2590557038784027,0.9216365814208984
MDN,5,695,NLL,-0.2593739330768585,0.9216512441635132
MDN,5,696,NLL,-0.25903448462486267,0.9216250777244568
MDN,5,697,NLL,-0.2584303021430969,0.9216368198394775
MDN,5,698,NLL,-0.2580573558807373,0.9216298460960388
MDN,5,699,NLL,-0.25819239020347595,0.9216073155403137
MDN,5,700,NLL,-0.25900739431381226,0.9216164350509644
MDN,5,701,NLL,-0.2600838840007782,0.9215765595436096
MDN,5,702,NLL,-0.2610583007335663,0.9215895533561707
MDN,5,703,NLL,-0.26151663064956665,0.9215677976608276
MDN,5,704,NLL,-0.26139283180236816,0.9215561151504517
MDN,5,705,NLL,-0.2608817219734192,0.9215635061264038
MDN,5,706,NLL,-0.26030075550079346,0.9215331673622131
MDN,5,707,NLL,-0.2599475085735321,0.9215569496154785
MDN,5,708,NLL,-0.25992298126220703,0.921531081199646
MDN,5,709,NLL,-0.26024115085601807,0.9215510487556458
MDN,5,710,NLL,-0.26071614027023315,0.921543538570404
MDN,5,711,NLL,-0.2611831724643707,0.9215610027313232
MDN,5,712,NLL,-0.2614806890487671,0.9215680956840515
MDN,5,713,NLL,-0.261562705039978,0.921567440032959
MDN,5,714,NLL,-0.26146918535232544,0.9215646386146545
MDN,5,715,NLL,-0.26129379868507385,0.9215488433837891
MDN,5,716,NLL,-0.2611381411552429,0.921541690826416
MDN,5,717,NLL,-0.2610449492931366,0.9215344190597534
MDN,5,718,NLL,-0.26105496287345886,0.9215322136878967
MDN,5,719,NLL,-0.26113224029541016,0.9215356707572937
MDN,5,720,NLL,-0.26125621795654297,0.9215413331985474
MDN,5,721,NLL,-0.2613717019557953,0.9215468168258667
MDN,5,722,NLL,-0.2614555358886719,0.9215479493141174
MDN,5,723,NLL,-0.2614896595478058,0.921542763710022
MDN,5,724,NLL,-0.2614712417125702,0.9215268492698669
MDN,5,725,NLL,-0.2614104747772217,0.9215162992477417
MDN,5,726,NLL,-0.261321485042572,0.9214983582496643
MDN,5,727,NLL,-0.26121509075164795,0.9214983582496643
MDN,5,728,NLL,-0.2611072361469269,0.9214891791343689
MDN,5,729,NLL,-0.26099610328674316,0.921500563621521
MDN,5,730,NLL,-0.2608833312988281,0.9214956760406494
MDN,5,731,NLL,-0.2607594430446625,0.9215110540390015
MDN,5,732,NLL,-0.2606160342693329,0.9215011596679688
MDN,5,733,NLL,-0.2604408264160156,0.9215125441551208
MDN,5,734,NLL,-0.2602275311946869,0.9214955568313599
MDN,5,735,NLL,-0.2599700689315796,0.921502947807312
MDN,5,736,NLL,-0.25967440009117126,0.9214850068092346
MDN,5,737,NLL,-0.259355753660202,0.9214953780174255
MDN,5,738,NLL,-0.25906798243522644,0.9214805364608765
MDN,5,739,NLL,-0.25886252522468567,0.9214950203895569
MDN,5,740,NLL,-0.25882166624069214,0.9214816093444824
MDN,5,741,NLL,-0.25900930166244507,0.9214949607849121
MDN,5,742,NLL,-0.25944405794143677,0.9214792251586914
MDN,5,743,NLL,-0.2600698173046112,0.921481728553772
MDN,5,744,NLL,-0.26075926423072815,0.9214674830436707
MDN,5,745,NLL,-0.26134902238845825,0.9214635491371155
MDN,5,746,NLL,-0.2617114186286926,0.9214562177658081
MDN,5,747,NLL,-0.26180481910705566,0.9214510917663574
MDN,5,748,NLL,-0.2616739273071289,0.9214523434638977
MDN,5,749,NLL,-0.26141831278800964,0.9214489459991455
MDN,5,750,NLL,-0.2611439824104309,0.9214563369750977
MDN,5,751,NLL,-0.2609536051750183,0.921450674533844
MDN,5,752,NLL,-0.26088419556617737,0.92145836353302
MDN,5,753,NLL,-0.2609502375125885,0.921448290348053
MDN,5,754,NLL,-0.2611078917980194,0.9214543104171753
MDN,5,755,NLL,-0.261300653219223,0.921441912651062
MDN,5,756,NLL,-0.2614676356315613,0.9214469790458679
MDN,5,757,NLL,-0.26156097650527954,0.9214379191398621
MDN,5,758,NLL,-0.26155373454093933,0.9214444756507874
MDN,5,759,NLL,-0.2614421248435974,0.9214415550231934
MDN,5,760,NLL,-0.2612413465976715,0.921448290348053
MDN,5,761,NLL,-0.26094889640808105,0.9214491248130798
MDN,5,762,NLL,-0.26059192419052124,0.9214587211608887
MDN,5,763,NLL,-0.2601241171360016,0.9214614033699036
MDN,5,764,NLL,-0.25957757234573364,0.9214763641357422
MDN,5,765,NLL,-0.2588442862033844,0.9214776158332825
MDN,5,766,NLL,-0.2580691874027252,0.9215037822723389
MDN,5,767,NLL,-0.2570958137512207,0.9215011596679688
MDN,5,768,NLL,-0.25642919540405273,0.9215311408042908
MDN,5,769,NLL,-0.25589829683303833,0.92151939868927
MDN,5,770,NLL,-0.2563132345676422,0.9215283989906311
MDN,5,771,NLL,-0.25730764865875244,0.921503484249115
MDN,5,772,NLL,-0.25902020931243896,0.9214764833450317
MDN,5,773,NLL,-0.26060163974761963,0.9214481115341187
MDN,5,774,NLL,-0.26155591011047363,0.9214223027229309
MDN,5,775,NLL,-0.2616315186023712,0.9213981032371521
MDN,5,776,NLL,-0.2610168755054474,0.9214033484458923
MDN,5,777,NLL,-0.2601791024208069,0.9213941097259521
MDN,5,778,NLL,-0.2595506012439728,0.9213974475860596
MDN,5,779,NLL,-0.25949743390083313,0.9214034676551819
MDN,5,780,NLL,-0.2599327266216278,0.9213815331459045
MDN,5,781,NLL,-0.2607124447822571,0.9213988184928894
MDN,5,782,NLL,-0.2614299952983856,0.9213680624961853
MDN,5,783,NLL,-0.26184016466140747,0.9213634133338928
MDN,5,784,NLL,-0.2618634104728699,0.9213456511497498
MDN,5,785,NLL,-0.26159942150115967,0.9213224649429321
MDN,5,786,NLL,-0.2612426280975342,0.9213312864303589
MDN,5,787,NLL,-0.26096096634864807,0.9213145971298218
MDN,5,788,NLL,-0.26089340448379517,0.9213360548019409
MDN,5,789,NLL,-0.26100438833236694,0.9213320016860962
MDN,5,790,NLL,-0.2612868845462799,0.9213590025901794
MDN,5,791,NLL,-0.26160165667533875,0.9213639497756958
MDN,5,792,NLL,-0.2618650794029236,0.9213765859603882
MDN,5,793,NLL,-0.26200762391090393,0.9213708639144897
MDN,5,794,NLL,-0.2620222270488739,0.9213624596595764
MDN,5,795,NLL,-0.26193585991859436,0.9213510155677795
MDN,5,796,NLL,-0.2618003487586975,0.9213473796844482
MDN,5,797,NLL,-0.26167160272598267,0.921342134475708
MDN,5,798,NLL,-0.26157066226005554,0.9213476181030273
MDN,5,799,NLL,-0.26153287291526794,0.9213507175445557
MDN,5,800,NLL,-0.26154178380966187,0.921356737613678
MDN,5,801,NLL,-0.26160570979118347,0.9213624596595764
MDN,5,802,NLL,-0.2616948187351227,0.9213564991950989
MDN,5,803,NLL,-0.26179206371307373,0.9213505983352661
MDN,5,804,NLL,-0.26187095046043396,0.9213373064994812
MDN,5,805,NLL,-0.2619192898273468,0.9213266968727112
MDN,5,806,NLL,-0.26191917061805725,0.9213188290596008
MDN,5,807,NLL,-0.26187485456466675,0.9213115572929382
MDN,5,808,NLL,-0.2617623209953308,0.9213138818740845
MDN,5,809,NLL,-0.26156681776046753,0.9213082194328308
MDN,5,810,NLL,-0.26125434041023254,0.9213193655014038
MDN,5,811,NLL,-0.26076701283454895,0.9213119745254517
MDN,5,812,NLL,-0.2600211203098297,0.921329915523529
MDN,5,813,NLL,-0.2589155435562134,0.9213115572929382
MDN,5,814,NLL,-0.25731420516967773,0.9213351011276245
MDN,5,815,NLL,-0.25524720549583435,0.9213059544563293
MDN,5,816,NLL,-0.2528071999549866,0.9213394522666931
MDN,5,817,NLL,-0.25079166889190674,0.9212998747825623
MDN,5,818,NLL,-0.250154048204422,0.9213377237319946
MDN,5,819,NLL,-0.25211670994758606,0.9212849736213684
MDN,5,820,NLL,-0.2560100853443146,0.9213100075721741
MDN,5,821,NLL,-0.2598520517349243,0.9212828874588013
MDN,5,822,NLL,-0.2613328993320465,0.9213081002235413
MDN,5,823,NLL,-0.2602393925189972,0.9213247895240784
MDN,5,824,NLL,-0.25840693712234497,0.9213197231292725
MDN,5,825,NLL,-0.2579844892024994,0.9213235378265381
MDN,5,826,NLL,-0.2594245970249176,0.921273946762085
MDN,5,827,NLL,-0.26128438115119934,0.9212642908096313
MDN,5,828,NLL,-0.2617908716201782,0.921259880065918
MDN,5,829,NLL,-0.26075634360313416,0.9212839007377625
MDN,5,830,NLL,-0.25955313444137573,0.9213087558746338
MDN,5,831,NLL,-0.25949060916900635,0.9213169813156128
MDN,5,832,NLL,-0.2605772018432617,0.9213020205497742
MDN,5,833,NLL,-0.26165133714675903,0.9212876558303833
MDN,5,834,NLL,-0.261814147233963,0.9212638139724731
MDN,5,835,NLL,-0.26125645637512207,0.921268105506897
MDN,5,836,NLL,-0.2608236074447632,0.9212560057640076
MDN,5,837,NLL,-0.26105377078056335,0.9212656617164612
MDN,5,838,NLL,-0.26170432567596436,0.9212530851364136
MDN,5,839,NLL,-0.2621578872203827,0.9212573766708374
MDN,5,840,NLL,-0.262080579996109,0.9212625622749329
MDN,5,841,NLL,-0.26167458295822144,0.921259343624115
MDN,5,842,NLL,-0.2613771855831146,0.9212716221809387
MDN,5,843,NLL,-0.2614348232746124,0.9212548136711121
MDN,5,844,NLL,-0.2617325186729431,0.9212599396705627
MDN,5,845,NLL,-0.26199281215667725,0.9212475419044495
MDN,5,846,NLL,-0.26200979948043823,0.9212505221366882
MDN,5,847,NLL,-0.2618158161640167,0.9212542176246643
MDN,5,848,NLL,-0.2615930736064911,0.9212558269500732
MDN,5,849,NLL,-0.2614993751049042,0.9212605357170105
MDN,5,850,NLL,-0.26157018542289734,0.921256959438324
MDN,5,851,NLL,-0.2617059350013733,0.9212538003921509
MDN,5,852,NLL,-0.2618003785610199,0.9212502837181091
MDN,5,853,NLL,-0.26176708936691284,0.9212393760681152
MDN,5,854,NLL,-0.26162952184677124,0.921241283416748
MDN,5,855,NLL,-0.2614385187625885,0.9212270379066467
MDN,5,856,NLL,-0.26127174496650696,0.9212338328361511
MDN,5,857,NLL,-0.26115086674690247,0.9212198257446289
MDN,5,858,NLL,-0.2610710561275482,0.9212304353713989
MDN,5,859,NLL,-0.26096609234809875,0.9212203025817871
MDN,5,860,NLL,-0.26083147525787354,0.9212336540222168
MDN,5,861,NLL,-0.26060131192207336,0.9212286472320557
MDN,5,862,NLL,-0.260375052690506,0.9212445020675659
MDN,5,863,NLL,-0.26012542843818665,0.9212383031845093
MDN,5,864,NLL,-0.2600122392177582,0.9212474226951599
MDN,5,865,NLL,-0.2599753737449646,0.9212380647659302
MDN,5,866,NLL,-0.2601463198661804,0.9212385416030884
MDN,5,867,NLL,-0.2603873014450073,0.921225905418396
MDN,5,868,NLL,-0.26077425479888916,0.9212217330932617
MDN,5,869,NLL,-0.26116254925727844,0.9212059378623962
MDN,5,870,NLL,-0.26154786348342896,0.9211993217468262
MDN,5,871,NLL,-0.2618648111820221,0.9211844801902771
MDN,5,872,NLL,-0.262099951505661,0.9211804270744324
MDN,5,873,NLL,-0.2622455656528473,0.9211694002151489
MDN,5,874,NLL,-0.26231056451797485,0.92116779088974
MDN,5,875,NLL,-0.2623059153556824,0.921164333820343
MDN,5,876,NLL,-0.26225242018699646,0.921161413192749
MDN,5,877,NLL,-0.2621583342552185,0.9211652874946594
MDN,5,878,NLL,-0.2620420455932617,0.9211575388908386
MDN,5,879,NLL,-0.2619239091873169,0.9211668372154236
MDN,5,880,NLL,-0.2618125379085541,0.9211562871932983
MDN,5,881,NLL,-0.2617218792438507,0.9211696982383728
MDN,5,882,NLL,-0.2616463899612427,0.9211604595184326
MDN,5,883,NLL,-0.2615951895713806,0.921173632144928
MDN,5,884,NLL,-0.26155492663383484,0.9211649894714355
MDN,5,885,NLL,-0.2615383267402649,0.9211752414703369
MDN,5,886,NLL,-0.26152029633522034,0.921169638633728
MDN,5,887,NLL,-0.26151981949806213,0.9211744666099548
MDN,5,888,NLL,-0.26151329278945923,0.9211732745170593
MDN,5,889,NLL,-0.2615252733230591,0.9211763143539429
MDN,5,890,NLL,-0.2615284323692322,0.9211781620979309
MDN,5,891,NLL,-0.2615523040294647,0.9211785197257996
MDN,5,892,NLL,-0.26156508922576904,0.921176552772522
MDN,5,893,NLL,-0.2616017162799835,0.9211747050285339
MDN,5,894,NLL,-0.26163384318351746,0.9211674928665161
MDN,5,895,NLL,-0.2616836726665497,0.921163022518158
MDN,5,896,NLL,-0.2617228031158447,0.9211540818214417
MDN,5,897,NLL,-0.26177096366882324,0.9211525917053223
MDN,5,898,NLL,-0.2618004381656647,0.9211433529853821
MDN,5,899,NLL,-0.2618354260921478,0.9211447834968567
MDN,5,900,NLL,-0.26185089349746704,0.9211330413818359
MDN,5,901,NLL,-0.26186642050743103,0.9211363196372986
MDN,5,902,NLL,-0.26186609268188477,0.9211249947547913
MDN,5,903,NLL,-0.2618653178215027,0.9211313724517822
MDN,5,904,NLL,-0.26185259222984314,0.921122670173645
MDN,5,905,NLL,-0.2618377208709717,0.9211305975914001
MDN,5,906,NLL,-0.26179802417755127,0.9211219549179077
MDN,5,907,NLL,-0.2617594301700592,0.9211300015449524
MDN,5,908,NLL,-0.2616935074329376,0.9211193323135376
MDN,5,909,NLL,-0.26161906123161316,0.9211260080337524
MDN,5,910,NLL,-0.26152151823043823,0.9211158752441406
MDN,5,911,NLL,-0.2614162266254425,0.9211242198944092
MDN,5,912,NLL,-0.26127979159355164,0.9211192727088928
MDN,5,913,NLL,-0.2611469030380249,0.9211295247077942
MDN,5,914,NLL,-0.260988712310791,0.9211235046386719
MDN,5,915,NLL,-0.26084229350090027,0.9211320281028748
MDN,5,916,NLL,-0.2606752812862396,0.9211205244064331
MDN,5,917,NLL,-0.2605617642402649,0.9211263656616211
MDN,5,918,NLL,-0.2604665756225586,0.9211151003837585
MDN,5,919,NLL,-0.26047614216804504,0.9211196899414062
MDN,5,920,NLL,-0.2605404853820801,0.9211110472679138
MDN,5,921,NLL,-0.2607281506061554,0.9211176633834839
MDN,5,922,NLL,-0.26095250248908997,0.9211064577102661
MDN,5,923,NLL,-0.2612532675266266,0.921108603477478
MDN,5,924,NLL,-0.26155030727386475,0.9210917949676514
MDN,5,925,NLL,-0.26184430718421936,0.9210883975028992
MDN,5,926,NLL,-0.2620931565761566,0.9210745692253113
MDN,5,927,NLL,-0.2622825801372528,0.9210735559463501
MDN,5,928,NLL,-0.2624046504497528,0.9210646748542786
MDN,5,929,NLL,-0.2624630630016327,0.9210677146911621
MDN,5,930,NLL,-0.26246699690818787,0.9210643172264099
MDN,5,931,NLL,-0.26242130994796753,0.9210669994354248
MDN,5,932,NLL,-0.2623459994792938,0.9210649132728577
MDN,5,933,NLL,-0.26223301887512207,0.9210644364356995
MDN,5,934,NLL,-0.2620921730995178,0.92106693983078
MDN,5,935,NLL,-0.26191630959510803,0.9210681915283203
MDN,5,936,NLL,-0.26170822978019714,0.9210748076438904
MDN,5,937,NLL,-0.2614482641220093,0.9210835695266724
MDN,5,938,NLL,-0.2611353099346161,0.9210922122001648
MDN,5,939,NLL,-0.26074448227882385,0.921105146408081
MDN,5,940,NLL,-0.26027679443359375,0.9211053252220154
MDN,5,941,NLL,-0.25971776247024536,0.9211257696151733
MDN,5,942,NLL,-0.2591056525707245,0.9211172461509705
MDN,5,943,NLL,-0.2584872841835022,0.9211493134498596
MDN,5,944,NLL,-0.2579697370529175,0.9211302995681763
MDN,5,945,NLL,-0.25770634412765503,0.9211685061454773
MDN,5,946,NLL,-0.25784504413604736,0.9211331605911255
MDN,5,947,NLL,-0.2584795653820038,0.9211504459381104
MDN,5,948,NLL,-0.25952786207199097,0.9210993647575378
MDN,5,949,NLL,-0.26076850295066833,0.9210922122001648
MDN,5,950,NLL,-0.2618608772754669,0.9210503101348877
MDN,5,951,NLL,-0.26252466440200806,0.9210399985313416
MDN,5,952,NLL,-0.26265352964401245,0.9210327863693237
MDN,5,953,NLL,-0.26234787702560425,0.9210320115089417
MDN,5,954,NLL,-0.261834055185318,0.9210471510887146
MDN,5,955,NLL,-0.2613707482814789,0.9210475087165833
MDN,5,956,NLL,-0.26114621758461,0.9210567474365234
MDN,5,957,NLL,-0.26122820377349854,0.9210494756698608
MDN,5,958,NLL,-0.2615613043308258,0.9210455417633057
MDN,5,959,NLL,-0.26198241114616394,0.9210337400436401
MDN,5,960,NLL,-0.2623312473297119,0.9210261106491089
MDN,5,961,NLL,-0.2625029385089874,0.9210239052772522
MDN,5,962,NLL,-0.26246967911720276,0.9210176467895508
MDN,5,963,NLL,-0.26227858662605286,0.921023428440094
MDN,5,964,NLL,-0.26200076937675476,0.9210131764411926
MDN,5,965,NLL,-0.2617041766643524,0.9210264086723328
MDN,5,966,NLL,-0.26142871379852295,0.9210113286972046
MDN,5,967,NLL,-0.26116710901260376,0.9210282564163208
MDN,5,968,NLL,-0.2609006464481354,0.9210098385810852
MDN,5,969,NLL,-0.2605478763580322,0.9210292100906372
MDN,5,970,NLL,-0.26003631949424744,0.9210126996040344
MDN,5,971,NLL,-0.2592858374118805,0.9210346937179565
MDN,5,972,NLL,-0.2582318186759949,0.9210222959518433
MDN,5,973,NLL,-0.2569943368434906,0.9210551977157593
MDN,5,974,NLL,-0.255665123462677,0.9210495352745056
MDN,5,975,NLL,-0.25490984320640564,0.9210867285728455
MDN,5,976,NLL,-0.25494858622550964,0.921075165271759
MDN,5,977,NLL,-0.2564121186733246,0.9210858345031738
MDN,5,978,NLL,-0.2586939036846161,0.9210576415061951
MDN,5,979,NLL,-0.261008620262146,0.9210302233695984
MDN,5,980,NLL,-0.262408047914505,0.9210017919540405
MDN,5,981,NLL,-0.2625451982021332,0.9209951758384705
MDN,5,982,NLL,-0.2617533802986145,0.9209790229797363
MDN,5,983,NLL,-0.2607192397117615,0.920992374420166
MDN,5,984,NLL,-0.26015251874923706,0.9209814667701721
MDN,5,985,NLL,-0.2602953016757965,0.9209704995155334
MDN,5,986,NLL,-0.26108959317207336,0.920979380607605
MDN,5,987,NLL,-0.2619687616825104,0.920955240726471
MDN,5,988,NLL,-0.26249682903289795,0.9209590554237366
MDN,5,989,NLL,-0.2624965310096741,0.9209475517272949
MDN,5,990,NLL,-0.2621115446090698,0.9209373593330383
MDN,5,991,NLL,-0.2616611123085022,0.9209491014480591
MDN,5,992,NLL,-0.2614225745201111,0.9209428429603577
MDN,5,993,NLL,-0.26153674721717834,0.920953631401062
MDN,5,994,NLL,-0.2618909180164337,0.9209534525871277
MDN,5,995,NLL,-0.26236188411712646,0.9209673404693604
MDN,5,996,NLL,-0.2627143859863281,0.9209741353988647
MDN,5,997,NLL,-0.2628574073314667,0.9209750294685364
MDN,5,998,NLL,-0.26279333233833313,0.9209709167480469
MDN,5,999,NLL,-0.2626049518585205,0.9209692478179932
MDN,5,1000,NLL,-0.26240888237953186,0.9209612607955933
