model,k,epoch,loss_name,train_loss,train_rmse
Deterministic,,1,MSE,0.8618009090423584,0.9283323287963867
Deterministic,,2,MSE,0.8503734469413757,0.9221569299697876
Deterministic,,3,MSE,0.8534233570098877,0.9238091707229614
Deterministic,,4,MSE,0.8503738045692444,0.9221571683883667
Deterministic,,5,MSE,0.8527038097381592,0.9234196543693542
Deterministic,,6,MSE,0.8546258807182312,0.9244597554206848
Deterministic,,7,MSE,0.8514123558998108,0.9227200746536255
Deterministic,,8,MSE,0.8698921799659729,0.9326801300048828
Deterministic,,9,MSE,0.8550187945365906,0.9246722459793091
Deterministic,,10,MSE,0.8539316654205322,0.9240842461585999
Deterministic,,11,MSE,0.8491764664649963,0.921507716178894
Deterministic,,12,MSE,0.8553513288497925,0.9248520731925964
Deterministic,,13,MSE,0.8575329184532166,0.9260307550430298
Deterministic,,14,MSE,0.8499004244804382,0.9219004511833191
Deterministic,,15,MSE,0.8518347144126892,0.9229488968849182
Deterministic,,16,MSE,0.8569886684417725,0.9257368445396423
Deterministic,,17,MSE,0.8497065901756287,0.9217953085899353
Deterministic,,18,MSE,0.8519372344017029,0.9230044484138489
Deterministic,,19,MSE,0.8533788919448853,0.9237850904464722
Deterministic,,20,MSE,0.8497278690338135,0.9218068718910217
Deterministic,,21,MSE,0.8526138663291931,0.923370897769928
Deterministic,,22,MSE,0.8520685434341431,0.9230756163597107
Deterministic,,23,MSE,0.8496040105819702,0.9217396378517151
Deterministic,,24,MSE,0.8488747477531433,0.921343982219696
Deterministic,,25,MSE,0.8513789176940918,0.9227019548416138
Deterministic,,26,MSE,0.8511776924133301,0.9225929379463196
Deterministic,,27,MSE,0.8545518517494202,0.9244197607040405
Deterministic,,28,MSE,0.8590975403785706,0.9268751740455627
Deterministic,,29,MSE,0.8503373861312866,0.9221373796463013
Deterministic,,30,MSE,0.8499115109443665,0.9219064712524414
Deterministic,,31,MSE,0.852841317653656,0.9234941005706787
Deterministic,,32,MSE,0.8492711186408997,0.9215590953826904
Deterministic,,33,MSE,0.8506191372871399,0.9222901463508606
Deterministic,,34,MSE,0.8552815318107605,0.9248143434524536
Deterministic,,35,MSE,0.8628250956535339,0.9288837909698486
Deterministic,,36,MSE,0.8504989147186279,0.9222249984741211
Deterministic,,37,MSE,0.8535215854644775,0.9238623380661011
Deterministic,,38,MSE,0.854026734828949,0.924135684967041
Deterministic,,39,MSE,0.8514624238014221,0.9227471947669983
Deterministic,,40,MSE,0.8503514528274536,0.9221450090408325
Deterministic,,41,MSE,0.8517104387283325,0.9228816032409668
Deterministic,,42,MSE,0.8488137722015381,0.9213109016418457
Deterministic,,43,MSE,0.8488259315490723,0.9213175177574158
Deterministic,,44,MSE,0.851060688495636,0.9225295186042786
Deterministic,,45,MSE,0.8523405194282532,0.9232228994369507
Deterministic,,46,MSE,0.8535389304161072,0.9238716959953308
Deterministic,,47,MSE,0.8514610528945923,0.922746479511261
Deterministic,,48,MSE,0.8495137691497803,0.9216907024383545
Deterministic,,49,MSE,0.8544828295707703,0.9243823885917664
Deterministic,,50,MSE,0.8487516641616821,0.9212771654129028
Deterministic,,51,MSE,0.8509143590927124,0.9224501848220825
Deterministic,,52,MSE,0.8545362949371338,0.9244112968444824
Deterministic,,53,MSE,0.8491843938827515,0.9215120077133179
Deterministic,,54,MSE,0.8499511480331421,0.9219279289245605
Deterministic,,55,MSE,0.8495073318481445,0.9216872453689575
Deterministic,,56,MSE,0.848456859588623,0.9211171865463257
Deterministic,,57,MSE,0.8552854061126709,0.9248164296150208
Deterministic,,58,MSE,0.8518460988998413,0.9229550957679749
Deterministic,,59,MSE,0.8493830561637878,0.9216197729110718
Deterministic,,60,MSE,0.8525947332382202,0.9233605861663818
Deterministic,,61,MSE,0.852107048034668,0.9230964183807373
Deterministic,,62,MSE,0.8493611812591553,0.9216079115867615
Deterministic,,63,MSE,0.8483806252479553,0.9210758209228516
Deterministic,,64,MSE,0.8536957502365112,0.923956573009491
Deterministic,,65,MSE,0.8486579656600952,0.9212263226509094
Deterministic,,66,MSE,0.8487104773521423,0.9212548136711121
Deterministic,,67,MSE,0.8497771620750427,0.9218335747718811
Deterministic,,68,MSE,0.8490836024284363,0.9214573502540588
Deterministic,,69,MSE,0.849281370639801,0.9215646386146545
Deterministic,,70,MSE,0.8496191501617432,0.9217478632926941
Deterministic,,71,MSE,0.8574088215827942,0.9259636998176575
Deterministic,,72,MSE,0.8527235984802246,0.923430323600769
Deterministic,,73,MSE,0.8490006923675537,0.9214123487472534
Deterministic,,74,MSE,0.8493313789367676,0.9215917587280273
Deterministic,,75,MSE,0.8518509268760681,0.922957718372345
Deterministic,,76,MSE,0.8492429256439209,0.9215437769889832
Deterministic,,77,MSE,0.8487849235534668,0.9212952256202698
Deterministic,,78,MSE,0.8497387766838074,0.9218127727508545
Deterministic,,79,MSE,0.8485869765281677,0.9211878180503845
Deterministic,,80,MSE,0.8483837246894836,0.9210774898529053
Deterministic,,81,MSE,0.8485102653503418,0.9211461544036865
Deterministic,,82,MSE,0.8555834889411926,0.9249775409698486
Deterministic,,83,MSE,0.848481297492981,0.9211304187774658
Deterministic,,84,MSE,0.8513439893722534,0.92268306016922
Deterministic,,85,MSE,0.8486113548278809,0.9212010502815247
Deterministic,,86,MSE,0.8528766632080078,0.9235132336616516
Deterministic,,87,MSE,0.848380982875824,0.9210759997367859
Deterministic,,88,MSE,0.852782130241394,0.9234620332717896
Deterministic,,89,MSE,0.8499797582626343,0.9219434857368469
Deterministic,,90,MSE,0.8516420125961304,0.9228445291519165
Deterministic,,91,MSE,0.8484592437744141,0.9211184978485107
Deterministic,,92,MSE,0.8482547402381897,0.9210074543952942
Deterministic,,93,MSE,0.8481914401054382,0.9209731221199036
Deterministic,,94,MSE,0.8535173535346985,0.9238600134849548
Deterministic,,95,MSE,0.847892165184021,0.9208105802536011
Deterministic,,96,MSE,0.8486059308052063,0.9211980700492859
Deterministic,,97,MSE,0.8504616618156433,0.9222047924995422
Deterministic,,98,MSE,0.8492720723152161,0.9215595722198486
Deterministic,,99,MSE,0.847980260848999,0.9208584427833557
Deterministic,,100,MSE,0.8486663103103638,0.9212308526039124
Deterministic,,101,MSE,0.8486717343330383,0.9212338328361511
Deterministic,,102,MSE,0.8495725393295288,0.9217225909233093
Deterministic,,103,MSE,0.8486136794090271,0.9212023019790649
Deterministic,,104,MSE,0.8505684733390808,0.9222626686096191
Deterministic,,105,MSE,0.8486524820327759,0.9212233424186707
Deterministic,,106,MSE,0.8493866920471191,0.9216217994689941
Deterministic,,107,MSE,0.8476914167404175,0.9207015633583069
Deterministic,,108,MSE,0.8517158627510071,0.9228845238685608
Deterministic,,109,MSE,0.8495991230010986,0.921737015247345
Deterministic,,110,MSE,0.847628116607666,0.9206672310829163
Deterministic,,111,MSE,0.8500827550888062,0.9219993352890015
Deterministic,,112,MSE,0.8505012392997742,0.9222262501716614
Deterministic,,113,MSE,0.8478049635887146,0.9207632541656494
Deterministic,,114,MSE,0.8483030796051025,0.9210336804389954
Deterministic,,115,MSE,0.8502771258354187,0.9221047163009644
Deterministic,,116,MSE,0.8479204773902893,0.9208259582519531
Deterministic,,117,MSE,0.8488466739654541,0.9213287830352783
Deterministic,,118,MSE,0.8484892845153809,0.9211347699165344
Deterministic,,119,MSE,0.8488672971725464,0.9213399291038513
Deterministic,,120,MSE,0.8481268882751465,0.9209380745887756
Deterministic,,121,MSE,0.8491804003715515,0.921509861946106
Deterministic,,122,MSE,0.8482310175895691,0.9209945797920227
Deterministic,,123,MSE,0.8495146632194519,0.9216911792755127
Deterministic,,124,MSE,0.8474782705307007,0.9205858111381531
Deterministic,,125,MSE,0.8483361601829529,0.9210516810417175
Deterministic,,126,MSE,0.8485609292984009,0.9211736917495728
Deterministic,,127,MSE,0.8536156415939331,0.9239132404327393
Deterministic,,128,MSE,0.8489521741867065,0.9213860034942627
Deterministic,,129,MSE,0.8475489616394043,0.9206241965293884
Deterministic,,130,MSE,0.8503490090370178,0.9221436977386475
Deterministic,,131,MSE,0.851722240447998,0.9228879809379578
Deterministic,,132,MSE,0.847451388835907,0.9205712080001831
Deterministic,,133,MSE,0.8485016226768494,0.921141505241394
Deterministic,,134,MSE,0.8475543260574341,0.9206271171569824
Deterministic,,135,MSE,0.8496642112731934,0.921772301197052
Deterministic,,136,MSE,0.8482244610786438,0.9209910035133362
Deterministic,,137,MSE,0.8485282063484192,0.9211559295654297
Deterministic,,138,MSE,0.8484621047973633,0.9211200475692749
Deterministic,,139,MSE,0.8470520973205566,0.9203543066978455
Deterministic,,140,MSE,0.8499050140380859,0.9219029545783997
Deterministic,,141,MSE,0.8480488061904907,0.9208956360816956
Deterministic,,142,MSE,0.8471168279647827,0.9203894734382629
Deterministic,,143,MSE,0.846948504447937,0.9202980399131775
Deterministic,,144,MSE,0.8473309278488159,0.9205058217048645
Deterministic,,145,MSE,0.8476641178131104,0.9206867814064026
Deterministic,,146,MSE,0.8474669456481934,0.9205796718597412
Deterministic,,147,MSE,0.8511338829994202,0.9225691556930542
Deterministic,,148,MSE,0.8469793796539307,0.9203148484230042
Deterministic,,149,MSE,0.8481288552284241,0.9209390878677368
Deterministic,,150,MSE,0.8479728102684021,0.920854389667511
Deterministic,,151,MSE,0.8472467064857483,0.920460045337677
Deterministic,,152,MSE,0.8477447628974915,0.9207305312156677
Deterministic,,153,MSE,0.8478856682777405,0.9208070635795593
Deterministic,,154,MSE,0.8466335535049438,0.9201269149780273
Deterministic,,155,MSE,0.8469514846801758,0.9202996492385864
Deterministic,,156,MSE,0.8466984033584595,0.9201621413230896
Deterministic,,157,MSE,0.8470560312271118,0.9203564524650574
Deterministic,,158,MSE,0.8476717472076416,0.9206908941268921
Deterministic,,159,MSE,0.8470216989517212,0.9203377962112427
Deterministic,,160,MSE,0.8505139350891113,0.9222331047058105
Deterministic,,161,MSE,0.8476138114929199,0.9206594228744507
Deterministic,,162,MSE,0.8502386808395386,0.922083854675293
Deterministic,,163,MSE,0.8485344052314758,0.9211592674255371
Deterministic,,164,MSE,0.8464913368225098,0.9200496673583984
Deterministic,,165,MSE,0.8500742316246033,0.921994686126709
Deterministic,,166,MSE,0.8470461964607239,0.9203511476516724
Deterministic,,167,MSE,0.8469464182853699,0.9202969074249268
Deterministic,,168,MSE,0.8465810418128967,0.9200983643531799
Deterministic,,169,MSE,0.8463284969329834,0.919961154460907
Deterministic,,170,MSE,0.8487387895584106,0.9212701916694641
Deterministic,,171,MSE,0.8471273183822632,0.9203951954841614
Deterministic,,172,MSE,0.8458791375160217,0.9197168946266174
Deterministic,,173,MSE,0.846176028251648,0.9198782444000244
Deterministic,,174,MSE,0.846266508102417,0.9199274182319641
Deterministic,,175,MSE,0.8474313020706177,0.9205603003501892
Deterministic,,176,MSE,0.8461446166038513,0.9198611974716187
Deterministic,,177,MSE,0.8458139896392822,0.9196814894676208
Deterministic,,178,MSE,0.8474872708320618,0.9205906987190247
Deterministic,,179,MSE,0.8454141616821289,0.9194640517234802
Deterministic,,180,MSE,0.8454169631004333,0.9194656014442444
Deterministic,,181,MSE,0.848419189453125,0.9210967421531677
Deterministic,,182,MSE,0.8454955220222473,0.9195082783699036
Deterministic,,183,MSE,0.8460423350334167,0.9198055863380432
Deterministic,,184,MSE,0.8452759385108948,0.9193888902664185
Deterministic,,185,MSE,0.8473865985870361,0.9205360412597656
Deterministic,,186,MSE,0.8469802141189575,0.9203152656555176
Deterministic,,187,MSE,0.845474123954773,0.9194966554641724
Deterministic,,188,MSE,0.8464334607124329,0.920018196105957
Deterministic,,189,MSE,0.8463065028190613,0.9199491739273071
Deterministic,,190,MSE,0.8455102443695068,0.9195163249969482
Deterministic,,191,MSE,0.8447431921958923,0.9190990924835205
Deterministic,,192,MSE,0.8457435369491577,0.9196431636810303
Deterministic,,193,MSE,0.8461356163024902,0.9198563098907471
Deterministic,,194,MSE,0.8465103507041931,0.9200599789619446
Deterministic,,195,MSE,0.8450205326080322,0.9192500114440918
Deterministic,,196,MSE,0.8452757000923157,0.9193887710571289
Deterministic,,197,MSE,0.8450348973274231,0.9192578196525574
Deterministic,,198,MSE,0.8473016619682312,0.9204899072647095
Deterministic,,199,MSE,0.8448860049247742,0.9191768169403076
Deterministic,,200,MSE,0.8448100686073303,0.9191355109214783
Deterministic,,201,MSE,0.8449522256851196,0.919212818145752
Deterministic,,202,MSE,0.8456526398658752,0.9195937514305115
Deterministic,,203,MSE,0.8443658351898193,0.9188938140869141
Deterministic,,204,MSE,0.8446471095085144,0.9190468192100525
Deterministic,,205,MSE,0.8453174829483032,0.9194114804267883
Deterministic,,206,MSE,0.8450685739517212,0.9192761182785034
Deterministic,,207,MSE,0.8447294235229492,0.9190916419029236
Deterministic,,208,MSE,0.8467124104499817,0.9201697707176208
Deterministic,,209,MSE,0.8454574942588806,0.9194876551628113
Deterministic,,210,MSE,0.8439623117446899,0.9186742305755615
Deterministic,,211,MSE,0.844499945640564,0.9189667701721191
Deterministic,,212,MSE,0.8443185091018677,0.9188680648803711
Deterministic,,213,MSE,0.8450079560279846,0.9192431569099426
Deterministic,,214,MSE,0.8445248007774353,0.9189803004264832
Deterministic,,215,MSE,0.8455746173858643,0.9195513129234314
Deterministic,,216,MSE,0.8451363444328308,0.9193129539489746
Deterministic,,217,MSE,0.8442583084106445,0.9188352823257446
Deterministic,,218,MSE,0.8449676632881165,0.9192212224006653
Deterministic,,219,MSE,0.8458641171455383,0.9197087287902832
Deterministic,,220,MSE,0.8452842831611633,0.9193934202194214
Deterministic,,221,MSE,0.8444489240646362,0.9189389944076538
Deterministic,,222,MSE,0.8442850112915039,0.9188498258590698
Deterministic,,223,MSE,0.8443441390991211,0.9188820123672485
Deterministic,,224,MSE,0.8446041345596313,0.9190234541893005
Deterministic,,225,MSE,0.8445682525634766,0.919003963470459
Deterministic,,226,MSE,0.8447739481925964,0.9191158413887024
Deterministic,,227,MSE,0.8499679565429688,0.9219370484352112
Deterministic,,228,MSE,0.8450239300727844,0.9192518591880798
Deterministic,,229,MSE,0.8447062373161316,0.9190790057182312
Deterministic,,230,MSE,0.8474506735801697,0.9205708503723145
Deterministic,,231,MSE,0.8458492159843445,0.9197006225585938
Deterministic,,232,MSE,0.8438377976417542,0.9186064600944519
Deterministic,,233,MSE,0.8439618349075317,0.9186739325523376
Deterministic,,234,MSE,0.8444939851760864,0.9189635515213013
Deterministic,,235,MSE,0.8435309529304504,0.9184393882751465
Deterministic,,236,MSE,0.8437110185623169,0.918537437915802
Deterministic,,237,MSE,0.8458975553512573,0.9197269082069397
Deterministic,,238,MSE,0.8466696739196777,0.9201465249061584
Deterministic,,239,MSE,0.8477270603179932,0.9207209348678589
Deterministic,,240,MSE,0.8443740010261536,0.9188982248306274
Deterministic,,241,MSE,0.8450555205345154,0.9192690253257751
Deterministic,,242,MSE,0.8431446552276611,0.9182291030883789
Deterministic,,243,MSE,0.8447266817092896,0.9190901517868042
Deterministic,,244,MSE,0.8456845879554749,0.9196110963821411
Deterministic,,245,MSE,0.8436108231544495,0.9184828996658325
Deterministic,,246,MSE,0.8439875841140747,0.9186879396438599
Deterministic,,247,MSE,0.843284010887146,0.918304979801178
Deterministic,,248,MSE,0.8451796770095825,0.9193365573883057
Deterministic,,249,MSE,0.8438061475753784,0.9185892343521118
Deterministic,,250,MSE,0.8455714583396912,0.9195495843887329
Deterministic,,251,MSE,0.8437557220458984,0.9185617566108704
Deterministic,,252,MSE,0.8448351621627808,0.9191491603851318
Deterministic,,253,MSE,0.8430846929550171,0.918196439743042
Deterministic,,254,MSE,0.8452647924423218,0.9193828105926514
Deterministic,,255,MSE,0.8440827131271362,0.9187397360801697
Deterministic,,256,MSE,0.844473659992218,0.918952465057373
Deterministic,,257,MSE,0.843506932258606,0.9184263348579407
Deterministic,,258,MSE,0.8450663089752197,0.9192748665809631
Deterministic,,259,MSE,0.843052089214325,0.9181786775588989
Deterministic,,260,MSE,0.8430538177490234,0.9181796312332153
Deterministic,,261,MSE,0.84319669008255,0.9182574152946472
Deterministic,,262,MSE,0.8428086042404175,0.9180460572242737
Deterministic,,263,MSE,0.8425500392913818,0.9179052710533142
Deterministic,,264,MSE,0.8426345586776733,0.9179512858390808
Deterministic,,265,MSE,0.842948317527771,0.9181221723556519
Deterministic,,266,MSE,0.8430532217025757,0.9181792736053467
Deterministic,,267,MSE,0.8437367081642151,0.9185514450073242
Deterministic,,268,MSE,0.8431515693664551,0.9182328581809998
Deterministic,,269,MSE,0.844649076461792,0.9190478920936584
Deterministic,,270,MSE,0.843659520149231,0.9185094237327576
Deterministic,,271,MSE,0.8426346778869629,0.9179513454437256
Deterministic,,272,MSE,0.8434706330299377,0.9184065461158752
Deterministic,,273,MSE,0.845090925693512,0.9192882776260376
Deterministic,,274,MSE,0.8431244492530823,0.9182180762290955
Deterministic,,275,MSE,0.8448000550270081,0.9191300272941589
Deterministic,,276,MSE,0.8424663543701172,0.917859673500061
Deterministic,,277,MSE,0.8423653841018677,0.9178046584129333
Deterministic,,278,MSE,0.846667468547821,0.9201453328132629
Deterministic,,279,MSE,0.8429173231124878,0.9181053042411804
Deterministic,,280,MSE,0.8427050709724426,0.9179896712303162
Deterministic,,281,MSE,0.8431218266487122,0.9182166457176208
Deterministic,,282,MSE,0.8440271019935608,0.9187094569206238
Deterministic,,283,MSE,0.8426002264022827,0.9179325699806213
Deterministic,,284,MSE,0.8424369096755981,0.9178436398506165
Deterministic,,285,MSE,0.8425469994544983,0.9179036021232605
Deterministic,,286,MSE,0.8422515392303467,0.9177426099777222
Deterministic,,287,MSE,0.8426328897476196,0.9179503917694092
Deterministic,,288,MSE,0.8429940342903137,0.918147087097168
Deterministic,,289,MSE,0.8421775102615356,0.917702317237854
Deterministic,,290,MSE,0.8424921035766602,0.9178736805915833
Deterministic,,291,MSE,0.8435865044593811,0.9184696674346924
Deterministic,,292,MSE,0.8441351652145386,0.9187682867050171
Deterministic,,293,MSE,0.8438404202461243,0.9186078906059265
Deterministic,,294,MSE,0.8423677682876587,0.9178059697151184
Deterministic,,295,MSE,0.8433339595794678,0.9183321595191956
Deterministic,,296,MSE,0.842388927936554,0.9178174734115601
Deterministic,,297,MSE,0.842140257358551,0.9176819920539856
Deterministic,,298,MSE,0.8444351553916931,0.9189315438270569
Deterministic,,299,MSE,0.8424693942070007,0.9178613424301147
Deterministic,,300,MSE,0.8432003855705261,0.9182594418525696
Single Gaussian,1,1,NLL,1.1050395965576172,0.9228239059448242
Single Gaussian,1,2,NLL,1.0388820171356201,0.9244851469993591
Single Gaussian,1,3,NLL,0.9854832887649536,0.9281551837921143
Single Gaussian,1,4,NLL,0.9415712952613831,0.9248977899551392
Single Gaussian,1,5,NLL,0.9280744194984436,0.9264709949493408
Single Gaussian,1,6,NLL,0.911166250705719,0.927131175994873
Single Gaussian,1,7,NLL,0.8925976157188416,0.9230797290802002
Single Gaussian,1,8,NLL,0.8818008303642273,0.9235787391662598
Single Gaussian,1,9,NLL,0.8816054463386536,0.9263681173324585
Single Gaussian,1,10,NLL,0.8698430061340332,0.9226326942443848
Single Gaussian,1,11,NLL,0.8727874755859375,0.9233781695365906
Single Gaussian,1,12,NLL,0.8638340830802917,0.9230462908744812
Single Gaussian,1,13,NLL,0.8726169466972351,0.9257428050041199
Single Gaussian,1,14,NLL,0.8605038523674011,0.9229018688201904
Single Gaussian,1,15,NLL,0.8607848286628723,0.9238084554672241
Single Gaussian,1,16,NLL,0.8537783622741699,0.9226741790771484
Single Gaussian,1,17,NLL,0.854915201663971,0.9236360192298889
Single Gaussian,1,18,NLL,0.8651235103607178,0.9268674254417419
Single Gaussian,1,19,NLL,0.8503818511962891,0.9218516945838928
Single Gaussian,1,20,NLL,0.8520351648330688,0.9224748015403748
Single Gaussian,1,21,NLL,0.8517038822174072,0.9226003289222717
Single Gaussian,1,22,NLL,0.8687927722930908,0.9273146390914917
Single Gaussian,1,23,NLL,0.8565784692764282,0.92414391040802
Single Gaussian,1,24,NLL,0.8451332449913025,0.9220511317253113
Single Gaussian,1,25,NLL,0.8564214110374451,0.9262791275978088
Single Gaussian,1,26,NLL,0.8433511257171631,0.9230467677116394
Single Gaussian,1,27,NLL,0.8481072187423706,0.9256973266601562
Single Gaussian,1,28,NLL,0.8677143454551697,0.9224900007247925
Single Gaussian,1,29,NLL,0.8686559200286865,0.9230427742004395
Single Gaussian,1,30,NLL,0.8409322500228882,0.9218623638153076
Single Gaussian,1,31,NLL,0.8477648496627808,0.923674464225769
Single Gaussian,1,32,NLL,0.853200376033783,0.9249833822250366
Single Gaussian,1,33,NLL,0.8402426838874817,0.9223802089691162
Single Gaussian,1,34,NLL,0.8452125787734985,0.9219985604286194
Single Gaussian,1,35,NLL,0.8542697429656982,0.9228964447975159
Single Gaussian,1,36,NLL,0.8624526262283325,0.9237964749336243
Single Gaussian,1,37,NLL,0.8477264642715454,0.9230285882949829
Single Gaussian,1,38,NLL,0.8466822504997253,0.9273558259010315
Single Gaussian,1,39,NLL,0.866983950138092,0.927141010761261
Single Gaussian,1,40,NLL,0.8480267524719238,0.9253031611442566
Single Gaussian,1,41,NLL,0.845702052116394,0.9247872829437256
Single Gaussian,1,42,NLL,0.8372579216957092,0.92294842004776
Single Gaussian,1,43,NLL,0.8388844132423401,0.9231048822402954
Single Gaussian,1,44,NLL,0.8476464748382568,0.9242676496505737
Single Gaussian,1,45,NLL,0.843130350112915,0.9231918454170227
Single Gaussian,1,46,NLL,0.83673095703125,0.9217525720596313
Single Gaussian,1,47,NLL,0.8400250673294067,0.9221231341362
Single Gaussian,1,48,NLL,0.8341274261474609,0.9219191670417786
Single Gaussian,1,49,NLL,0.8435993790626526,0.9225497841835022
Single Gaussian,1,50,NLL,0.8973366618156433,0.9249057173728943
Single Gaussian,1,51,NLL,0.8664662837982178,0.9255444407463074
Single Gaussian,1,52,NLL,0.8404843807220459,0.9222299456596375
Single Gaussian,1,53,NLL,0.8361703753471375,0.9222245216369629
Single Gaussian,1,54,NLL,0.8494006991386414,0.9231959581375122
Single Gaussian,1,55,NLL,0.8537659049034119,0.9223484992980957
Single Gaussian,1,56,NLL,0.8370344638824463,0.9217348098754883
Single Gaussian,1,57,NLL,0.8416828513145447,0.9219890832901001
Single Gaussian,1,58,NLL,0.8333110809326172,0.9219980239868164
Single Gaussian,1,59,NLL,0.8406450152397156,0.9223246574401855
Single Gaussian,1,60,NLL,0.8463767170906067,0.9226986169815063
Single Gaussian,1,61,NLL,0.8370415568351746,0.9225245714187622
Single Gaussian,1,62,NLL,0.8402408957481384,0.9231048822402954
Single Gaussian,1,63,NLL,0.8330705761909485,0.9216588139533997
Single Gaussian,1,64,NLL,0.835085391998291,0.9217070937156677
Single Gaussian,1,65,NLL,0.8326799869537354,0.9220239520072937
Single Gaussian,1,66,NLL,0.8365796804428101,0.922619104385376
Single Gaussian,1,67,NLL,0.839867115020752,0.9253284335136414
Single Gaussian,1,68,NLL,0.84437096118927,0.9221343994140625
Single Gaussian,1,69,NLL,0.8323630690574646,0.9218544363975525
Single Gaussian,1,70,NLL,0.8415816426277161,0.922713041305542
Single Gaussian,1,71,NLL,0.8392648100852966,0.922662079334259
Single Gaussian,1,72,NLL,0.8356357216835022,0.9240697026252747
Single Gaussian,1,73,NLL,0.8335496783256531,0.9217380881309509
Single Gaussian,1,74,NLL,0.8395153284072876,0.9241309762001038
Single Gaussian,1,75,NLL,0.8483656644821167,0.9221223592758179
Single Gaussian,1,76,NLL,0.8396952152252197,0.9222507476806641
Single Gaussian,1,77,NLL,0.8428927063941956,0.922638475894928
Single Gaussian,1,78,NLL,0.833426296710968,0.9221668839454651
Single Gaussian,1,79,NLL,0.8398251533508301,0.9223164319992065
Single Gaussian,1,80,NLL,0.8469783067703247,0.9230586290359497
Single Gaussian,1,81,NLL,0.8630068898200989,0.925774872303009
Single Gaussian,1,82,NLL,0.8334481120109558,0.9219486117362976
Single Gaussian,1,83,NLL,0.8337048292160034,0.9220232367515564
Single Gaussian,1,84,NLL,0.8368163704872131,0.9219126105308533
Single Gaussian,1,85,NLL,0.8463113307952881,0.9220933318138123
Single Gaussian,1,86,NLL,0.8404573202133179,0.922707200050354
Single Gaussian,1,87,NLL,0.8401266932487488,0.9222776889801025
Single Gaussian,1,88,NLL,0.8394311666488647,0.9219626784324646
Single Gaussian,1,89,NLL,0.842836320400238,0.9220930337905884
Single Gaussian,1,90,NLL,0.8367899656295776,0.9223002791404724
Single Gaussian,1,91,NLL,0.846388041973114,0.9224998950958252
Single Gaussian,1,92,NLL,0.834325909614563,0.9223853349685669
Single Gaussian,1,93,NLL,0.8344298601150513,0.9216159582138062
Single Gaussian,1,94,NLL,0.8393167853355408,0.922238826751709
Single Gaussian,1,95,NLL,0.8347472548484802,0.9221862554550171
Single Gaussian,1,96,NLL,0.843360960483551,0.9225223064422607
Single Gaussian,1,97,NLL,0.8354847431182861,0.9219577312469482
Single Gaussian,1,98,NLL,0.8402071595191956,0.922407865524292
Single Gaussian,1,99,NLL,0.862686276435852,0.9235019683837891
Single Gaussian,1,100,NLL,0.8349323868751526,0.9215620160102844
Single Gaussian,1,101,NLL,0.8386109471321106,0.9222123622894287
Single Gaussian,1,102,NLL,0.8326146006584167,0.9218703508377075
Single Gaussian,1,103,NLL,0.8407433032989502,0.9220092296600342
Single Gaussian,1,104,NLL,0.8342563509941101,0.9221585392951965
Single Gaussian,1,105,NLL,0.8374630212783813,0.9246751070022583
Single Gaussian,1,106,NLL,0.8363720774650574,0.9216508269309998
Single Gaussian,1,107,NLL,0.8329573273658752,0.9219636917114258
Single Gaussian,1,108,NLL,0.8363513350486755,0.921775221824646
Single Gaussian,1,109,NLL,0.8329094052314758,0.921761691570282
Single Gaussian,1,110,NLL,0.8320901989936829,0.9216577410697937
Single Gaussian,1,111,NLL,0.8316247463226318,0.921848475933075
Single Gaussian,1,112,NLL,0.8377404808998108,0.922229528427124
Single Gaussian,1,113,NLL,0.8318970799446106,0.9221109747886658
Single Gaussian,1,114,NLL,0.8313418030738831,0.9218588471412659
Single Gaussian,1,115,NLL,0.832713782787323,0.9225631952285767
Single Gaussian,1,116,NLL,0.8338398933410645,0.9221296310424805
Single Gaussian,1,117,NLL,0.8478290438652039,0.923151433467865
Single Gaussian,1,118,NLL,0.8418195843696594,0.9225903749465942
Single Gaussian,1,119,NLL,0.8354702591896057,0.9218161702156067
Single Gaussian,1,120,NLL,0.8313757181167603,0.9221543073654175
Single Gaussian,1,121,NLL,0.8319059014320374,0.9215612411499023
Single Gaussian,1,122,NLL,0.8325579166412354,0.9219606518745422
Single Gaussian,1,123,NLL,0.8438267111778259,0.9221663475036621
Single Gaussian,1,124,NLL,0.8364236354827881,0.922793447971344
Single Gaussian,1,125,NLL,0.8319115042686462,0.9220220446586609
Single Gaussian,1,126,NLL,0.8312389254570007,0.9217260479927063
Single Gaussian,1,127,NLL,0.8328454494476318,0.9218733310699463
Single Gaussian,1,128,NLL,0.8313983678817749,0.9222807288169861
Single Gaussian,1,129,NLL,0.8334798216819763,0.9215399026870728
Single Gaussian,1,130,NLL,0.8320237994194031,0.9218147993087769
Single Gaussian,1,131,NLL,0.8334246873855591,0.9228221774101257
Single Gaussian,1,132,NLL,0.8344334959983826,0.9217665195465088
Single Gaussian,1,133,NLL,0.8372633457183838,0.9219531416893005
Single Gaussian,1,134,NLL,0.8307786583900452,0.9215568900108337
Single Gaussian,1,135,NLL,0.8356150388717651,0.9216597080230713
Single Gaussian,1,136,NLL,0.8345213532447815,0.9215322136878967
Single Gaussian,1,137,NLL,0.8343709111213684,0.9226052761077881
Single Gaussian,1,138,NLL,0.8342309594154358,0.9222325086593628
Single Gaussian,1,139,NLL,0.8356918692588806,0.9225018620491028
Single Gaussian,1,140,NLL,0.8395774364471436,0.9217547178268433
Single Gaussian,1,141,NLL,0.8328157663345337,0.92158442735672
Single Gaussian,1,142,NLL,0.831498920917511,0.921546995639801
Single Gaussian,1,143,NLL,0.8419115543365479,0.9216872453689575
Single Gaussian,1,144,NLL,0.8366164565086365,0.9233385920524597
Single Gaussian,1,145,NLL,0.839616596698761,0.9224726557731628
Single Gaussian,1,146,NLL,0.838149905204773,0.9218283295631409
Single Gaussian,1,147,NLL,0.8355203866958618,0.9217854142189026
Single Gaussian,1,148,NLL,0.8353103995323181,0.9216759204864502
Single Gaussian,1,149,NLL,0.835151195526123,0.922504723072052
Single Gaussian,1,150,NLL,0.8354561924934387,0.922088623046875
Single Gaussian,1,151,NLL,0.8389672040939331,0.9216105341911316
Single Gaussian,1,152,NLL,0.8333566188812256,0.9219226241111755
Single Gaussian,1,153,NLL,0.8337180614471436,0.9215601086616516
Single Gaussian,1,154,NLL,0.8326747417449951,0.9215542078018188
Single Gaussian,1,155,NLL,0.8420863151550293,0.9215117692947388
Single Gaussian,1,156,NLL,0.8424836993217468,0.9218634963035583
Single Gaussian,1,157,NLL,0.831468939781189,0.9215384721755981
Single Gaussian,1,158,NLL,0.8341490030288696,0.9215138554573059
Single Gaussian,1,159,NLL,0.8308983445167542,0.9216092824935913
Single Gaussian,1,160,NLL,0.8423187136650085,0.9217284321784973
Single Gaussian,1,161,NLL,0.8326975703239441,0.9221353530883789
Single Gaussian,1,162,NLL,0.8348748087882996,0.9225841760635376
Single Gaussian,1,163,NLL,0.8342949151992798,0.9217143654823303
Single Gaussian,1,164,NLL,0.8324084281921387,0.9225949645042419
Single Gaussian,1,165,NLL,0.8330236673355103,0.9224035143852234
Single Gaussian,1,166,NLL,0.833993673324585,0.9217166304588318
Single Gaussian,1,167,NLL,0.8372743129730225,0.9224098324775696
Single Gaussian,1,168,NLL,0.8362926244735718,0.9221789836883545
Single Gaussian,1,169,NLL,0.8332207202911377,0.9221488237380981
Single Gaussian,1,170,NLL,0.8328111171722412,0.922075092792511
Single Gaussian,1,171,NLL,0.8318566679954529,0.9214611649513245
Single Gaussian,1,172,NLL,0.8317288160324097,0.9216246604919434
Single Gaussian,1,173,NLL,0.8329859972000122,0.921481728553772
Single Gaussian,1,174,NLL,0.8315034508705139,0.9216090440750122
Single Gaussian,1,175,NLL,0.8323510885238647,0.9226516485214233
Single Gaussian,1,176,NLL,0.831187903881073,0.9216170907020569
Single Gaussian,1,177,NLL,0.8302929401397705,0.92154860496521
Single Gaussian,1,178,NLL,0.8337387442588806,0.9216655492782593
Single Gaussian,1,179,NLL,0.8311579823493958,0.9217217564582825
Single Gaussian,1,180,NLL,0.8367080688476562,0.9217932224273682
Single Gaussian,1,181,NLL,0.8333368897438049,0.9224141836166382
Single Gaussian,1,182,NLL,0.831935465335846,0.9217076897621155
Single Gaussian,1,183,NLL,0.830845832824707,0.9217527508735657
Single Gaussian,1,184,NLL,0.8336313366889954,0.9218389391899109
Single Gaussian,1,185,NLL,0.8377695679664612,0.9219102263450623
Single Gaussian,1,186,NLL,0.8310988545417786,0.9214403629302979
Single Gaussian,1,187,NLL,0.8311873078346252,0.9217153787612915
Single Gaussian,1,188,NLL,0.8358840942382812,0.9219838380813599
Single Gaussian,1,189,NLL,0.8325446844100952,0.9216564893722534
Single Gaussian,1,190,NLL,0.8372761011123657,0.9225388169288635
Single Gaussian,1,191,NLL,0.830323338508606,0.9215834736824036
Single Gaussian,1,192,NLL,0.8340882658958435,0.9220839142799377
Single Gaussian,1,193,NLL,0.8342128396034241,0.922484815120697
Single Gaussian,1,194,NLL,0.831555187702179,0.9216650724411011
Single Gaussian,1,195,NLL,0.8314972519874573,0.9216188788414001
Single Gaussian,1,196,NLL,0.8309788703918457,0.921562671661377
Single Gaussian,1,197,NLL,0.8352984189987183,0.9216152429580688
Single Gaussian,1,198,NLL,0.8368491530418396,0.9250544309616089
Single Gaussian,1,199,NLL,0.8306605219841003,0.9216967225074768
Single Gaussian,1,200,NLL,0.8328644037246704,0.921458899974823
Single Gaussian,1,201,NLL,0.8330441117286682,0.922355592250824
Single Gaussian,1,202,NLL,0.8333829641342163,0.9223372340202332
Single Gaussian,1,203,NLL,0.8325381875038147,0.9217003583908081
Single Gaussian,1,204,NLL,0.8345181941986084,0.9224482178688049
Single Gaussian,1,205,NLL,0.8322662711143494,0.9214919209480286
Single Gaussian,1,206,NLL,0.8323001861572266,0.9218972325325012
Single Gaussian,1,207,NLL,0.8309012651443481,0.9219157099723816
Single Gaussian,1,208,NLL,0.8307570815086365,0.9217594265937805
Single Gaussian,1,209,NLL,0.832826554775238,0.9228943586349487
Single Gaussian,1,210,NLL,0.8390605449676514,0.922375500202179
Single Gaussian,1,211,NLL,0.8328571915626526,0.9216265082359314
Single Gaussian,1,212,NLL,0.8314672708511353,0.9216549396514893
Single Gaussian,1,213,NLL,0.8307485580444336,0.9213564991950989
Single Gaussian,1,214,NLL,0.8308204412460327,0.921920895576477
Single Gaussian,1,215,NLL,0.8316987752914429,0.9215432405471802
Single Gaussian,1,216,NLL,0.8341128826141357,0.9216610193252563
Single Gaussian,1,217,NLL,0.8314153552055359,0.9219830632209778
Single Gaussian,1,218,NLL,0.8327505588531494,0.9214966893196106
Single Gaussian,1,219,NLL,0.8318867683410645,0.9217820763587952
Single Gaussian,1,220,NLL,0.8321613669395447,0.9218279719352722
Single Gaussian,1,221,NLL,0.8327916860580444,0.921972930431366
Single Gaussian,1,222,NLL,0.833787202835083,0.9214579463005066
Single Gaussian,1,223,NLL,0.8328216075897217,0.9224041700363159
Single Gaussian,1,224,NLL,0.8321707248687744,0.9214524626731873
Single Gaussian,1,225,NLL,0.8336372971534729,0.923096776008606
Single Gaussian,1,226,NLL,0.8299514055252075,0.9213981032371521
Single Gaussian,1,227,NLL,0.8305801153182983,0.9217352271080017
Single Gaussian,1,228,NLL,0.8325555920600891,0.9218031764030457
Single Gaussian,1,229,NLL,0.8317309617996216,0.9216569662094116
Single Gaussian,1,230,NLL,0.8343191146850586,0.9216398596763611
Single Gaussian,1,231,NLL,0.8346019983291626,0.9220404028892517
Single Gaussian,1,232,NLL,0.8327327966690063,0.9217042326927185
Single Gaussian,1,233,NLL,0.834536075592041,0.9215443730354309
Single Gaussian,1,234,NLL,0.8338629007339478,0.9219831824302673
Single Gaussian,1,235,NLL,0.8325300216674805,0.9221422076225281
Single Gaussian,1,236,NLL,0.8329635262489319,0.9215762615203857
Single Gaussian,1,237,NLL,0.8322051167488098,0.922141432762146
Single Gaussian,1,238,NLL,0.8304715752601624,0.9213546514511108
Single Gaussian,1,239,NLL,0.8324832916259766,0.9218419790267944
Single Gaussian,1,240,NLL,0.8327785730361938,0.9213997721672058
Single Gaussian,1,241,NLL,0.830544114112854,0.9220340251922607
Single Gaussian,1,242,NLL,0.8306492567062378,0.9216331839561462
Single Gaussian,1,243,NLL,0.8314693570137024,0.9220069050788879
Single Gaussian,1,244,NLL,0.8316630721092224,0.9213554859161377
Single Gaussian,1,245,NLL,0.8340964317321777,0.9222751259803772
Single Gaussian,1,246,NLL,0.8318131566047668,0.9217889308929443
Single Gaussian,1,247,NLL,0.8299127817153931,0.9216068983078003
Single Gaussian,1,248,NLL,0.8339031934738159,0.9216007590293884
Single Gaussian,1,249,NLL,0.8311731219291687,0.9214634299278259
Single Gaussian,1,250,NLL,0.830890417098999,0.9225238561630249
Single Gaussian,1,251,NLL,0.8321716785430908,0.9219791293144226
Single Gaussian,1,252,NLL,0.8304395079612732,0.9217525124549866
Single Gaussian,1,253,NLL,0.8311464786529541,0.9216553568840027
Single Gaussian,1,254,NLL,0.8355886340141296,0.9214891195297241
Single Gaussian,1,255,NLL,0.8304411172866821,0.9214916229248047
Single Gaussian,1,256,NLL,0.8324224948883057,0.9213694334030151
Single Gaussian,1,257,NLL,0.8335838913917542,0.9228399991989136
Single Gaussian,1,258,NLL,0.8316118121147156,0.921902060508728
Single Gaussian,1,259,NLL,0.836986780166626,0.9230515956878662
Single Gaussian,1,260,NLL,0.8310831189155579,0.9215104579925537
Single Gaussian,1,261,NLL,0.8309231996536255,0.9220675826072693
Single Gaussian,1,262,NLL,0.8305728435516357,0.9215549230575562
Single Gaussian,1,263,NLL,0.8340573906898499,0.9214892983436584
Single Gaussian,1,264,NLL,0.8387873768806458,0.9233528971672058
Single Gaussian,1,265,NLL,0.8307721614837646,0.9219152331352234
Single Gaussian,1,266,NLL,0.833923876285553,0.9217513203620911
Single Gaussian,1,267,NLL,0.8338959813117981,0.9225509166717529
Single Gaussian,1,268,NLL,0.837372899055481,0.9215993881225586
Single Gaussian,1,269,NLL,0.8313101530075073,0.9213196039199829
Single Gaussian,1,270,NLL,0.8307765126228333,0.921843945980072
Single Gaussian,1,271,NLL,0.8308733701705933,0.9213306903839111
Single Gaussian,1,272,NLL,0.8312012553215027,0.9215968251228333
Single Gaussian,1,273,NLL,0.831456184387207,0.9213855862617493
Single Gaussian,1,274,NLL,0.8333551287651062,0.922604501247406
Single Gaussian,1,275,NLL,0.8347983956336975,0.9219237565994263
Single Gaussian,1,276,NLL,0.8298518061637878,0.9213323593139648
Single Gaussian,1,277,NLL,0.8376652598381042,0.9220156073570251
Single Gaussian,1,278,NLL,0.8304339647293091,0.9213796854019165
Single Gaussian,1,279,NLL,0.83001309633255,0.9214021563529968
Single Gaussian,1,280,NLL,0.8304122090339661,0.9216137528419495
Single Gaussian,1,281,NLL,0.8329802751541138,0.9220345616340637
Single Gaussian,1,282,NLL,0.8313876986503601,0.9216655492782593
Single Gaussian,1,283,NLL,0.833351731300354,0.9215243458747864
Single Gaussian,1,284,NLL,0.8341233134269714,0.9215812683105469
Single Gaussian,1,285,NLL,0.8304344415664673,0.9217448234558105
Single Gaussian,1,286,NLL,0.831079363822937,0.9216790795326233
Single Gaussian,1,287,NLL,0.8311440348625183,0.9214755892753601
Single Gaussian,1,288,NLL,0.8321117162704468,0.9214460849761963
Single Gaussian,1,289,NLL,0.8357617855072021,0.921750545501709
Single Gaussian,1,290,NLL,0.831494927406311,0.9212763905525208
Single Gaussian,1,291,NLL,0.8300571441650391,0.9213377237319946
Single Gaussian,1,292,NLL,0.8316696882247925,0.9213896989822388
Single Gaussian,1,293,NLL,0.8297076225280762,0.9214839935302734
Single Gaussian,1,294,NLL,0.8346970081329346,0.9215312004089355
Single Gaussian,1,295,NLL,0.8372259736061096,0.9224666357040405
Single Gaussian,1,296,NLL,0.8337276577949524,0.9224064350128174
Single Gaussian,1,297,NLL,0.831098735332489,0.9213047623634338
Single Gaussian,1,298,NLL,0.8304426074028015,0.9215417504310608
Single Gaussian,1,299,NLL,0.8303231000900269,0.9220905303955078
Single Gaussian,1,300,NLL,0.8336808681488037,0.922317385673523
MDN,2,1,NLL,0.8631932139396667,0.9511047005653381
MDN,2,2,NLL,0.22827255725860596,0.9348621964454651
MDN,2,3,NLL,0.19029152393341064,0.9304959177970886
MDN,2,4,NLL,0.16734911501407623,0.9265000820159912
MDN,2,5,NLL,-0.0038967544678598642,0.9304570555686951
MDN,2,6,NLL,-0.021780963987112045,0.9253228306770325
MDN,2,7,NLL,0.05705642327666283,0.941249668598175
MDN,2,8,NLL,-0.07336076349020004,0.9228833913803101
MDN,2,9,NLL,-0.07778239250183105,0.925233781337738
MDN,2,10,NLL,-0.10462404042482376,0.9261329174041748
MDN,2,11,NLL,-0.16801105439662933,0.9234384298324585
MDN,2,12,NLL,-0.1814161241054535,0.9265232086181641
MDN,2,13,NLL,-0.17839138209819794,0.9234800934791565
MDN,2,14,NLL,-0.1344522088766098,0.9357036352157593
MDN,2,15,NLL,-0.16989916563034058,0.9365194439888
MDN,2,16,NLL,-0.15645863115787506,0.9355130195617676
MDN,2,17,NLL,-0.18180465698242188,0.9229736328125
MDN,2,18,NLL,-0.16366274654865265,0.9254500865936279
MDN,2,19,NLL,-0.10887542366981506,0.9236895442008972
MDN,2,20,NLL,-0.19891822338104248,0.9239698052406311
MDN,2,21,NLL,-0.18297065794467926,0.9254506826400757
MDN,2,22,NLL,-0.1651519536972046,0.9248480200767517
MDN,2,23,NLL,-0.1641855537891388,0.9253074526786804
MDN,2,24,NLL,-0.21991397440433502,0.9228775501251221
MDN,2,25,NLL,-0.18271993100643158,0.9271053671836853
MDN,2,26,NLL,-0.19399769604206085,0.9276810884475708
MDN,2,27,NLL,-0.20389509201049805,0.9263057112693787
MDN,2,28,NLL,-0.18479984998703003,0.9213159680366516
MDN,2,29,NLL,-0.16434043645858765,0.9218180179595947
MDN,2,30,NLL,-0.17395319044589996,0.9226025938987732
MDN,2,31,NLL,-0.23031657934188843,0.9233270883560181
MDN,2,32,NLL,-0.21976648271083832,0.9223936200141907
MDN,2,33,NLL,-0.11682920902967453,0.9266021847724915
MDN,2,34,NLL,-0.1783924251794815,0.9214997291564941
MDN,2,35,NLL,-0.21205031871795654,0.9261322617530823
MDN,2,36,NLL,-0.22184866666793823,0.9229039549827576
MDN,2,37,NLL,-0.17664223909378052,0.9223066568374634
MDN,2,38,NLL,-0.2149748057126999,0.9230301976203918
MDN,2,39,NLL,-0.22250598669052124,0.9219788908958435
MDN,2,40,NLL,-0.16115209460258484,0.923026978969574
MDN,2,41,NLL,-0.23447921872138977,0.9243378043174744
MDN,2,42,NLL,-0.22292877733707428,0.9231827855110168
MDN,2,43,NLL,-0.20015186071395874,0.9215595126152039
MDN,2,44,NLL,-0.21189799904823303,0.9226661920547485
MDN,2,45,NLL,-0.22041413187980652,0.9237419366836548
MDN,2,46,NLL,-0.1970268189907074,0.9284761548042297
MDN,2,47,NLL,-0.20409159362316132,0.9225602746009827
MDN,2,48,NLL,-0.22981499135494232,0.9252979159355164
MDN,2,49,NLL,-0.2311324030160904,0.9234157204627991
MDN,2,50,NLL,-0.21076947450637817,0.922351062297821
MDN,2,51,NLL,-0.2281426191329956,0.9271615147590637
MDN,2,52,NLL,-0.22761555016040802,0.9285653829574585
MDN,2,53,NLL,-0.21363647282123566,0.9310690760612488
MDN,2,54,NLL,-0.15534809231758118,0.9274582266807556
MDN,2,55,NLL,-0.21680447459220886,0.9216355681419373
MDN,2,56,NLL,-0.2330254763364792,0.9258456230163574
MDN,2,57,NLL,-0.1930982619524002,0.9222120046615601
MDN,2,58,NLL,-0.24049612879753113,0.9277101159095764
MDN,2,59,NLL,-0.23211662471294403,0.922682523727417
MDN,2,60,NLL,-0.166951984167099,0.9231942296028137
MDN,2,61,NLL,-0.21669428050518036,0.9218705296516418
MDN,2,62,NLL,-0.23175407946109772,0.9228848814964294
MDN,2,63,NLL,-0.16803015768527985,0.9227191209793091
MDN,2,64,NLL,-0.19055958092212677,0.925514280796051
MDN,2,65,NLL,-0.2419089674949646,0.924929141998291
MDN,2,66,NLL,-0.2347659021615982,0.9232538342475891
MDN,2,67,NLL,-0.24403096735477448,0.9235810041427612
MDN,2,68,NLL,-0.21515637636184692,0.9283413887023926
MDN,2,69,NLL,-0.24114111065864563,0.9233774542808533
MDN,2,70,NLL,-0.2377813160419464,0.9263890981674194
MDN,2,71,NLL,-0.21141235530376434,0.9262639880180359
MDN,2,72,NLL,-0.2408844232559204,0.9236195087432861
MDN,2,73,NLL,-0.21232464909553528,0.925458550453186
MDN,2,74,NLL,-0.2130606472492218,0.9235680103302002
MDN,2,75,NLL,-0.17527104914188385,0.9222398996353149
MDN,2,76,NLL,-0.23641742765903473,0.9243517518043518
MDN,2,77,NLL,-0.20530691742897034,0.9220096468925476
MDN,2,78,NLL,-0.22958777844905853,0.9217174649238586
MDN,2,79,NLL,-0.20925994217395782,0.9216183423995972
MDN,2,80,NLL,-0.21648147702217102,0.9231852293014526
MDN,2,81,NLL,-0.21970631182193756,0.9240509271621704
MDN,2,82,NLL,-0.2120964527130127,0.9215232133865356
MDN,2,83,NLL,-0.2322261780500412,0.9217960834503174
MDN,2,84,NLL,-0.21623489260673523,0.9225839972496033
MDN,2,85,NLL,-0.19623097777366638,0.9226438999176025
MDN,2,86,NLL,-0.20218302309513092,0.922873318195343
MDN,2,87,NLL,-0.2403058111667633,0.9222961664199829
MDN,2,88,NLL,-0.21591180562973022,0.9264984726905823
MDN,2,89,NLL,-0.2309858649969101,0.9228540658950806
MDN,2,90,NLL,-0.22047267854213715,0.9219943284988403
MDN,2,91,NLL,-0.22491790354251862,0.9223102331161499
MDN,2,92,NLL,-0.2412520796060562,0.9262472987174988
MDN,2,93,NLL,-0.23785173892974854,0.9236236214637756
MDN,2,94,NLL,-0.2190934419631958,0.9241856336593628
MDN,2,95,NLL,-0.23205134272575378,0.9240640997886658
MDN,2,96,NLL,-0.20455007255077362,0.9363074898719788
MDN,2,97,NLL,-0.21836090087890625,0.9251006841659546
MDN,2,98,NLL,-0.2311285138130188,0.9238293170928955
MDN,2,99,NLL,-0.23866437375545502,0.9227441549301147
MDN,2,100,NLL,-0.1978447586297989,0.9225882291793823
MDN,2,101,NLL,-0.23272675275802612,0.9283109903335571
MDN,2,102,NLL,-0.239574134349823,0.9249768257141113
MDN,2,103,NLL,-0.2377672791481018,0.9217274785041809
MDN,2,104,NLL,-0.23833228647708893,0.9240853190422058
MDN,2,105,NLL,-0.2443789392709732,0.9232820868492126
MDN,2,106,NLL,-0.22562101483345032,0.9227520823478699
MDN,2,107,NLL,-0.2428276389837265,0.9231348633766174
MDN,2,108,NLL,-0.22055496275424957,0.929099440574646
MDN,2,109,NLL,-0.2311144769191742,0.9307368993759155
MDN,2,110,NLL,-0.2165411114692688,0.9223658442497253
MDN,2,111,NLL,-0.2186042070388794,0.9277268052101135
MDN,2,112,NLL,-0.200230672955513,0.9286924600601196
MDN,2,113,NLL,-0.21111564338207245,0.9232491254806519
MDN,2,114,NLL,-0.19267769157886505,0.9231563210487366
MDN,2,115,NLL,-0.2234685868024826,0.9224684238433838
MDN,2,116,NLL,-0.22865739464759827,0.9227782487869263
MDN,2,117,NLL,-0.21266701817512512,0.9248608946800232
MDN,2,118,NLL,-0.2435857504606247,0.9239588975906372
MDN,2,119,NLL,-0.2423696219921112,0.9241937398910522
MDN,2,120,NLL,-0.23032772541046143,0.9310749173164368
MDN,2,121,NLL,-0.23829399049282074,0.921514093875885
MDN,2,122,NLL,-0.24639832973480225,0.9218358993530273
MDN,2,123,NLL,-0.2519471347332001,0.9216691851615906
MDN,2,124,NLL,-0.19618523120880127,0.9243517518043518
MDN,2,125,NLL,-0.24312104284763336,0.9230096340179443
MDN,2,126,NLL,-0.21381235122680664,0.9240787029266357
MDN,2,127,NLL,-0.2154657542705536,0.9240106344223022
MDN,2,128,NLL,-0.22121085226535797,0.9230309128761292
MDN,2,129,NLL,-0.2484605461359024,0.9223618507385254
MDN,2,130,NLL,-0.22679661214351654,0.921852171421051
MDN,2,131,NLL,-0.24136605858802795,0.9272099137306213
MDN,2,132,NLL,-0.2125616818666458,0.93045973777771
MDN,2,133,NLL,-0.1895270049571991,0.9262194633483887
MDN,2,134,NLL,-0.21450498700141907,0.9230852723121643
MDN,2,135,NLL,-0.22992441058158875,0.9215518832206726
MDN,2,136,NLL,-0.23681360483169556,0.9241925477981567
MDN,2,137,NLL,-0.2363477498292923,0.9241132140159607
MDN,2,138,NLL,-0.2286151498556137,0.9237495064735413
MDN,2,139,NLL,-0.23946543037891388,0.9242843985557556
MDN,2,140,NLL,-0.17924736440181732,0.9268043041229248
MDN,2,141,NLL,-0.21969442069530487,0.9216769933700562
MDN,2,142,NLL,-0.2164289355278015,0.9235643148422241
MDN,2,143,NLL,-0.24070051312446594,0.9216465950012207
MDN,2,144,NLL,-0.24931170046329498,0.9222764372825623
MDN,2,145,NLL,-0.2006441205739975,0.922453761100769
MDN,2,146,NLL,-0.2408219873905182,0.9229270815849304
MDN,2,147,NLL,-0.20624572038650513,0.9214699268341064
MDN,2,148,NLL,-0.2224554419517517,0.9242376089096069
MDN,2,149,NLL,-0.23914170265197754,0.9230033755302429
MDN,2,150,NLL,-0.23149408400058746,0.9225000143051147
MDN,2,151,NLL,-0.2446572184562683,0.9223491549491882
MDN,2,152,NLL,-0.23288646340370178,0.9220296144485474
MDN,2,153,NLL,-0.20952999591827393,0.925260603427887
MDN,2,154,NLL,-0.24079564213752747,0.9225879907608032
MDN,2,155,NLL,-0.2192535251379013,0.9230011105537415
MDN,2,156,NLL,-0.2439674586057663,0.9216158390045166
MDN,2,157,NLL,-0.23322086036205292,0.9225710034370422
MDN,2,158,NLL,-0.23488305509090424,0.9251158237457275
MDN,2,159,NLL,-0.23315158486366272,0.9279443025588989
MDN,2,160,NLL,-0.2501024007797241,0.9231693148612976
MDN,2,161,NLL,-0.2222224473953247,0.9257596135139465
MDN,2,162,NLL,-0.24234668910503387,0.9217573404312134
MDN,2,163,NLL,-0.2376682013273239,0.9252209067344666
MDN,2,164,NLL,-0.22864751517772675,0.9230724573135376
MDN,2,165,NLL,-0.23175430297851562,0.9237406849861145
MDN,2,166,NLL,-0.23842905461788177,0.9240198135375977
MDN,2,167,NLL,-0.21049275994300842,0.9239982962608337
MDN,2,168,NLL,-0.19395007193088531,0.921944797039032
MDN,2,169,NLL,-0.2114814966917038,0.9221261143684387
MDN,2,170,NLL,-0.2371901422739029,0.922687292098999
MDN,2,171,NLL,-0.23919515311717987,0.9221314787864685
MDN,2,172,NLL,-0.226220965385437,0.9228150844573975
MDN,2,173,NLL,-0.22841796278953552,0.9219988584518433
MDN,2,174,NLL,-0.25293710827827454,0.9249294400215149
MDN,2,175,NLL,-0.2418176531791687,0.9219958782196045
MDN,2,176,NLL,-0.2539363205432892,0.9217076897621155
MDN,2,177,NLL,-0.2419210523366928,0.9257450103759766
MDN,2,178,NLL,-0.24339598417282104,0.9273872971534729
MDN,2,179,NLL,-0.23821622133255005,0.9222395420074463
MDN,2,180,NLL,-0.24114657938480377,0.9214100241661072
MDN,2,181,NLL,-0.23569226264953613,0.9243409633636475
MDN,2,182,NLL,-0.25445255637168884,0.9226928949356079
MDN,2,183,NLL,-0.24676845967769623,0.9224464893341064
MDN,2,184,NLL,-0.23766224086284637,0.9216419458389282
MDN,2,185,NLL,-0.2394648790359497,0.9223166108131409
MDN,2,186,NLL,-0.22619961202144623,0.9229877591133118
MDN,2,187,NLL,-0.23184339702129364,0.9228305816650391
MDN,2,188,NLL,-0.24141712486743927,0.9220181107521057
MDN,2,189,NLL,-0.23681709170341492,0.9245758652687073
MDN,2,190,NLL,-0.10972540825605392,0.9225957989692688
MDN,2,191,NLL,-0.24572719633579254,0.9226242303848267
MDN,2,192,NLL,-0.24942217767238617,0.9228312969207764
MDN,2,193,NLL,-0.24929462373256683,0.9217761754989624
MDN,2,194,NLL,-0.21974550187587738,0.9226940274238586
MDN,2,195,NLL,-0.2334107607603073,0.9218462109565735
MDN,2,196,NLL,-0.19389185309410095,0.9230311512947083
MDN,2,197,NLL,-0.22482222318649292,0.9253708720207214
MDN,2,198,NLL,-0.23922313749790192,0.9224843978881836
MDN,2,199,NLL,-0.21588560938835144,0.9218052625656128
MDN,2,200,NLL,-0.24801039695739746,0.9218470454216003
MDN,2,201,NLL,-0.24377752840518951,0.9216375946998596
MDN,2,202,NLL,-0.2161201387643814,0.9224875569343567
MDN,2,203,NLL,-0.24688073992729187,0.921761155128479
MDN,2,204,NLL,-0.2445821315050125,0.930216908454895
MDN,2,205,NLL,-0.2383132427930832,0.922129213809967
MDN,2,206,NLL,-0.2185448706150055,0.9247503876686096
MDN,2,207,NLL,-0.22939187288284302,0.9218212962150574
MDN,2,208,NLL,-0.2338227778673172,0.9219759106636047
MDN,2,209,NLL,-0.23559720814228058,0.9248343706130981
MDN,2,210,NLL,-0.24721568822860718,0.922633707523346
MDN,2,211,NLL,-0.2132202386856079,0.9220718145370483
MDN,2,212,NLL,-0.24323080480098724,0.9295628666877747
MDN,2,213,NLL,-0.23806944489479065,0.9230400919914246
MDN,2,214,NLL,-0.23575647175312042,0.9217972755432129
MDN,2,215,NLL,-0.20866313576698303,0.92500901222229
MDN,2,216,NLL,-0.2508893609046936,0.922041654586792
MDN,2,217,NLL,-0.25404277443885803,0.9218007326126099
MDN,2,218,NLL,-0.23649674654006958,0.9230241775512695
MDN,2,219,NLL,-0.23697100579738617,0.9239886403083801
MDN,2,220,NLL,-0.2469387650489807,0.9217795133590698
MDN,2,221,NLL,-0.2393839955329895,0.9245099425315857
MDN,2,222,NLL,-0.24617750942707062,0.9262038469314575
MDN,2,223,NLL,-0.23468750715255737,0.9224386215209961
MDN,2,224,NLL,-0.2238769382238388,0.9220948815345764
MDN,2,225,NLL,-0.2473130226135254,0.9232159852981567
MDN,2,226,NLL,-0.2491082102060318,0.9252461194992065
MDN,2,227,NLL,-0.22656741738319397,0.9226760864257812
MDN,2,228,NLL,-0.2464754283428192,0.9262477159500122
MDN,2,229,NLL,-0.2506372928619385,0.9219606518745422
MDN,2,230,NLL,-0.2239712029695511,0.9238887429237366
MDN,2,231,NLL,-0.24083703756332397,0.9228254556655884
MDN,2,232,NLL,-0.2429007887840271,0.9231399893760681
MDN,2,233,NLL,-0.24005578458309174,0.9258366227149963
MDN,2,234,NLL,-0.24336393177509308,0.9230067133903503
MDN,2,235,NLL,-0.24671387672424316,0.9222059845924377
MDN,2,236,NLL,-0.2524120807647705,0.9222291707992554
MDN,2,237,NLL,-0.24896490573883057,0.9227371215820312
MDN,2,238,NLL,-0.24133524298667908,0.9227728843688965
MDN,2,239,NLL,-0.23921766877174377,0.9225152134895325
MDN,2,240,NLL,-0.22977130115032196,0.9229344129562378
MDN,2,241,NLL,-0.2209363728761673,0.9225237369537354
MDN,2,242,NLL,-0.23366257548332214,0.9216800332069397
MDN,2,243,NLL,-0.23957222700119019,0.9219617247581482
MDN,2,244,NLL,-0.2488192766904831,0.9220486879348755
MDN,2,245,NLL,-0.2359662652015686,0.927071213722229
MDN,2,246,NLL,-0.2505725920200348,0.9214738607406616
MDN,2,247,NLL,-0.21563251316547394,0.9226167798042297
MDN,2,248,NLL,-0.2528778314590454,0.9219570159912109
MDN,2,249,NLL,-0.2157985270023346,0.9232895970344543
MDN,2,250,NLL,-0.24906031787395477,0.9217855334281921
MDN,2,251,NLL,-0.24796348810195923,0.9221618175506592
MDN,2,252,NLL,-0.24775277078151703,0.9218496084213257
MDN,2,253,NLL,-0.21924692392349243,0.9260144233703613
MDN,2,254,NLL,-0.24670012295246124,0.9218025207519531
MDN,2,255,NLL,-0.25291916728019714,0.9220842123031616
MDN,2,256,NLL,-0.24517516791820526,0.9226061701774597
MDN,2,257,NLL,-0.24437329173088074,0.9219986200332642
MDN,2,258,NLL,-0.24921263754367828,0.9226177334785461
MDN,2,259,NLL,-0.250514417886734,0.9227354526519775
MDN,2,260,NLL,-0.21548667550086975,0.9261561036109924
MDN,2,261,NLL,-0.23025766015052795,0.9247420430183411
MDN,2,262,NLL,-0.23296615481376648,0.9228243231773376
MDN,2,263,NLL,-0.23721528053283691,0.9236559867858887
MDN,2,264,NLL,-0.2277074009180069,0.922005832195282
MDN,2,265,NLL,-0.22421859204769135,0.9243686199188232
MDN,2,266,NLL,-0.22018954157829285,0.9221059679985046
MDN,2,267,NLL,-0.2492506355047226,0.9214773178100586
MDN,2,268,NLL,-0.243057981133461,0.9250895977020264
MDN,2,269,NLL,-0.24634723365306854,0.9219422340393066
MDN,2,270,NLL,-0.19993549585342407,0.9235235452651978
MDN,2,271,NLL,-0.24402645230293274,0.9224880337715149
MDN,2,272,NLL,-0.24837595224380493,0.9234018325805664
MDN,2,273,NLL,-0.23852278292179108,0.9221519827842712
MDN,2,274,NLL,-0.24432064592838287,0.9232409596443176
MDN,2,275,NLL,-0.2291790097951889,0.9218773245811462
MDN,2,276,NLL,-0.23397155106067657,0.9231458306312561
MDN,2,277,NLL,-0.2399936467409134,0.9220748543739319
MDN,2,278,NLL,-0.23783650994300842,0.9219658374786377
MDN,2,279,NLL,-0.2510048747062683,0.9234214425086975
MDN,2,280,NLL,-0.23595832288265228,0.9218584895133972
MDN,2,281,NLL,-0.24862493574619293,0.927578330039978
MDN,2,282,NLL,-0.2549396753311157,0.9222124218940735
MDN,2,283,NLL,-0.17248834669589996,0.9225989580154419
MDN,2,284,NLL,-0.24764779210090637,0.9230356216430664
MDN,2,285,NLL,-0.24833780527114868,0.9229065179824829
MDN,2,286,NLL,-0.2449827939271927,0.9226851463317871
MDN,2,287,NLL,-0.24723167717456818,0.9222209453582764
MDN,2,288,NLL,-0.24155393242835999,0.9222635626792908
MDN,2,289,NLL,-0.25258809328079224,0.9217710494995117
MDN,2,290,NLL,-0.2463257759809494,0.9221945405006409
MDN,2,291,NLL,-0.25099074840545654,0.9217952489852905
MDN,2,292,NLL,-0.24187509715557098,0.9220432639122009
MDN,2,293,NLL,-0.2040935605764389,0.9247655272483826
MDN,2,294,NLL,-0.2544262111186981,0.9222382307052612
MDN,2,295,NLL,-0.2462674379348755,0.9218333959579468
MDN,2,296,NLL,-0.2472948282957077,0.9250463843345642
MDN,2,297,NLL,-0.24705883860588074,0.9223869442939758
MDN,2,298,NLL,-0.23274268209934235,0.9221966862678528
MDN,2,299,NLL,-0.24888622760772705,0.9237486720085144
MDN,2,300,NLL,-0.21371622383594513,0.9215545654296875
MDN,3,1,NLL,0.3343645930290222,0.938011109828949
MDN,3,2,NLL,-0.034651510417461395,0.9235423803329468
MDN,3,3,NLL,-0.12420748919248581,0.9225677251815796
MDN,3,4,NLL,-0.16239747405052185,0.9237573742866516
MDN,3,5,NLL,-0.1955152302980423,0.9264360666275024
MDN,3,6,NLL,-0.04557120054960251,0.9288665056228638
MDN,3,7,NLL,-0.21926523745059967,0.9231723546981812
MDN,3,8,NLL,-0.17861057817935944,0.925223171710968
MDN,3,9,NLL,-0.16081435978412628,0.9280179142951965
MDN,3,10,NLL,-0.22612550854682922,0.9249775409698486
MDN,3,11,NLL,-0.18972554802894592,0.9232562184333801
MDN,3,12,NLL,-0.16477081179618835,0.9231230020523071
MDN,3,13,NLL,-0.13998988270759583,0.927455484867096
MDN,3,14,NLL,-0.15919914841651917,0.9232853055000305
MDN,3,15,NLL,-0.21806253492832184,0.9296170473098755
MDN,3,16,NLL,-0.2117830514907837,0.9254282116889954
MDN,3,17,NLL,-0.1660735011100769,0.925701916217804
MDN,3,18,NLL,-0.22164544463157654,0.9243288636207581
MDN,3,19,NLL,-0.1938047856092453,0.9321373701095581
MDN,3,20,NLL,-0.20467261970043182,0.92436683177948
MDN,3,21,NLL,-0.18892785906791687,0.9231642484664917
MDN,3,22,NLL,-0.22190943360328674,0.9229748845100403
MDN,3,23,NLL,-0.21559815108776093,0.9223077893257141
MDN,3,24,NLL,-0.23870712518692017,0.9232823848724365
MDN,3,25,NLL,-0.2268732637166977,0.9244063496589661
MDN,3,26,NLL,-0.22393761575222015,0.9218324422836304
MDN,3,27,NLL,-0.18338647484779358,0.9309492707252502
MDN,3,28,NLL,-0.17395150661468506,0.922842800617218
MDN,3,29,NLL,-0.2436569631099701,0.9230964183807373
MDN,3,30,NLL,-0.17954330146312714,0.9233808517456055
MDN,3,31,NLL,-0.20755134522914886,0.9228485822677612
MDN,3,32,NLL,-0.2285279780626297,0.9250127673149109
MDN,3,33,NLL,-0.24123094975948334,0.9235398769378662
MDN,3,34,NLL,-0.12309955805540085,0.9224576950073242
MDN,3,35,NLL,-0.20593252778053284,0.9277276992797852
MDN,3,36,NLL,-0.16539958119392395,0.9222818613052368
MDN,3,37,NLL,-0.22050286829471588,0.9220468997955322
MDN,3,38,NLL,-0.21683433651924133,0.9223458766937256
MDN,3,39,NLL,-0.2335101217031479,0.9222149848937988
MDN,3,40,NLL,-0.20467710494995117,0.9221472144126892
MDN,3,41,NLL,-0.20988091826438904,0.9218352437019348
MDN,3,42,NLL,-0.22930489480495453,0.9216793775558472
MDN,3,43,NLL,-0.2248646765947342,0.9217280149459839
MDN,3,44,NLL,-0.18645666539669037,0.9221247434616089
MDN,3,45,NLL,-0.1966523975133896,0.9218995571136475
MDN,3,46,NLL,-0.18785589933395386,0.9217628836631775
MDN,3,47,NLL,-0.21246039867401123,0.9257278442382812
MDN,3,48,NLL,-0.233664408326149,0.9219595193862915
MDN,3,49,NLL,-0.20318180322647095,0.9226545691490173
MDN,3,50,NLL,-0.22711911797523499,0.9236958026885986
MDN,3,51,NLL,-0.22379691898822784,0.9273073673248291
MDN,3,52,NLL,-0.2418060004711151,0.9239728450775146
MDN,3,53,NLL,-0.23145990073680878,0.9230182766914368
MDN,3,54,NLL,-0.2456224113702774,0.9232590794563293
MDN,3,55,NLL,-0.22464428842067719,0.9246689081192017
MDN,3,56,NLL,-0.234323650598526,0.9219813346862793
MDN,3,57,NLL,-0.22395063936710358,0.9319642782211304
MDN,3,58,NLL,-0.17949096858501434,0.9228805303573608
MDN,3,59,NLL,-0.21927151083946228,0.9241175055503845
MDN,3,60,NLL,-0.1993401199579239,0.9317764043807983
MDN,3,61,NLL,-0.21355648338794708,0.9225748181343079
MDN,3,62,NLL,-0.20969025790691376,0.9215263724327087
MDN,3,63,NLL,-0.21536831557750702,0.9225252270698547
MDN,3,64,NLL,-0.21806208789348602,0.9237156510353088
MDN,3,65,NLL,-0.23666167259216309,0.9251396656036377
MDN,3,66,NLL,-0.2336127758026123,0.9217033982276917
MDN,3,67,NLL,-0.2149202823638916,0.9232378602027893
MDN,3,68,NLL,-0.23222747445106506,0.9273679256439209
MDN,3,69,NLL,-0.21805743873119354,0.921760082244873
MDN,3,70,NLL,-0.21821044385433197,0.9281556010246277
MDN,3,71,NLL,-0.24454592168331146,0.9258704781532288
MDN,3,72,NLL,-0.23909176886081696,0.9228441119194031
MDN,3,73,NLL,-0.23206724226474762,0.9216548800468445
MDN,3,74,NLL,-0.23837637901306152,0.9223753213882446
MDN,3,75,NLL,-0.19965915381908417,0.9277539849281311
MDN,3,76,NLL,-0.23126313090324402,0.922061026096344
MDN,3,77,NLL,-0.21858297288417816,0.9241546392440796
MDN,3,78,NLL,-0.23769426345825195,0.922518789768219
MDN,3,79,NLL,-0.19891735911369324,0.929222822189331
MDN,3,80,NLL,-0.24436703324317932,0.9219765663146973
MDN,3,81,NLL,-0.2177121639251709,0.925138533115387
MDN,3,82,NLL,-0.24453309178352356,0.9217678308486938
MDN,3,83,NLL,-0.2182983011007309,0.924136221408844
MDN,3,84,NLL,-0.22684428095817566,0.9219592809677124
MDN,3,85,NLL,-0.24580103158950806,0.9223060607910156
MDN,3,86,NLL,-0.20347906649112701,0.9308714866638184
MDN,3,87,NLL,-0.18685290217399597,0.9288026094436646
MDN,3,88,NLL,-0.234681636095047,0.9212719202041626
MDN,3,89,NLL,-0.23809359967708588,0.9222131371498108
MDN,3,90,NLL,-0.21230413019657135,0.9217621088027954
MDN,3,91,NLL,-0.23138366639614105,0.9270842671394348
MDN,3,92,NLL,-0.22122685611248016,0.9237649440765381
MDN,3,93,NLL,-0.2351599484682083,0.9230993390083313
MDN,3,94,NLL,-0.20835332572460175,0.9219172596931458
MDN,3,95,NLL,-0.2452932596206665,0.9218251705169678
MDN,3,96,NLL,-0.2158876657485962,0.9215348362922668
MDN,3,97,NLL,-0.23884250223636627,0.9218339920043945
MDN,3,98,NLL,-0.22137288749217987,0.9218142032623291
MDN,3,99,NLL,-0.20316456258296967,0.9219028949737549
MDN,3,100,NLL,-0.24480432271957397,0.922001302242279
MDN,3,101,NLL,-0.23753850162029266,0.9221964478492737
MDN,3,102,NLL,-0.2275366485118866,0.9217354655265808
MDN,3,103,NLL,-0.23586606979370117,0.9241889119148254
MDN,3,104,NLL,-0.22231526672840118,0.9228439927101135
MDN,3,105,NLL,-0.21085608005523682,0.9237436056137085
MDN,3,106,NLL,-0.23952578008174896,0.9255468845367432
MDN,3,107,NLL,-0.24585115909576416,0.9218085408210754
MDN,3,108,NLL,-0.22755096852779388,0.9230396747589111
MDN,3,109,NLL,-0.2160208374261856,0.9233027696609497
MDN,3,110,NLL,-0.23570260405540466,0.923032820224762
MDN,3,111,NLL,-0.25172993540763855,0.9231008291244507
MDN,3,112,NLL,-0.23769338428974152,0.9233412742614746
MDN,3,113,NLL,-0.23836065828800201,0.925125241279602
MDN,3,114,NLL,-0.2300923764705658,0.9232720136642456
MDN,3,115,NLL,-0.21228037774562836,0.9234960079193115
MDN,3,116,NLL,-0.22436264157295227,0.9229406118392944
MDN,3,117,NLL,-0.2552323341369629,0.9222405552864075
MDN,3,118,NLL,-0.18556447327136993,0.9242067337036133
MDN,3,119,NLL,-0.237840935587883,0.9232416152954102
MDN,3,120,NLL,-0.22851791977882385,0.9228696823120117
MDN,3,121,NLL,-0.20936426520347595,0.9217986464500427
MDN,3,122,NLL,-0.22190579771995544,0.9225755929946899
MDN,3,123,NLL,-0.2481645792722702,0.9218607544898987
MDN,3,124,NLL,-0.2472127377986908,0.9237423539161682
MDN,3,125,NLL,-0.2320176362991333,0.9227450489997864
MDN,3,126,NLL,-0.23702654242515564,0.9232653379440308
MDN,3,127,NLL,-0.2337118536233902,0.9245056509971619
MDN,3,128,NLL,-0.23262381553649902,0.9228076934814453
MDN,3,129,NLL,-0.2415454387664795,0.9240293502807617
MDN,3,130,NLL,-0.2544699013233185,0.921902060508728
MDN,3,131,NLL,-0.22780434787273407,0.9215954542160034
MDN,3,132,NLL,-0.2009802758693695,0.9231998324394226
MDN,3,133,NLL,-0.2527405619621277,0.9224148392677307
MDN,3,134,NLL,-0.23597437143325806,0.9222613573074341
MDN,3,135,NLL,-0.24481545388698578,0.9219968914985657
MDN,3,136,NLL,-0.23455865681171417,0.9267669916152954
MDN,3,137,NLL,-0.24163223803043365,0.9273712038993835
MDN,3,138,NLL,-0.24824783205986023,0.9216030836105347
MDN,3,139,NLL,-0.24615348875522614,0.9223679900169373
MDN,3,140,NLL,-0.24866630136966705,0.9218003153800964
MDN,3,141,NLL,-0.23793134093284607,0.9218109846115112
MDN,3,142,NLL,-0.23793503642082214,0.9221198558807373
MDN,3,143,NLL,-0.20675550401210785,0.9233800768852234
MDN,3,144,NLL,-0.19466868042945862,0.9225319027900696
MDN,3,145,NLL,-0.24899810552597046,0.9220760464668274
MDN,3,146,NLL,-0.23536416888237,0.9232480525970459
MDN,3,147,NLL,-0.23953492939472198,0.9223116636276245
MDN,3,148,NLL,-0.24287404119968414,0.9219260811805725
MDN,3,149,NLL,-0.2440270632505417,0.9214839339256287
MDN,3,150,NLL,-0.19780679047107697,0.9232242703437805
MDN,3,151,NLL,-0.21870577335357666,0.9245202541351318
MDN,3,152,NLL,-0.2340710461139679,0.9216665029525757
MDN,3,153,NLL,-0.1694871038198471,0.9222687482833862
MDN,3,154,NLL,-0.14717088639736176,0.9216922521591187
MDN,3,155,NLL,-0.23862029612064362,0.9227929711341858
MDN,3,156,NLL,-0.22902975976467133,0.9269708395004272
MDN,3,157,NLL,-0.24447649717330933,0.9220134615898132
MDN,3,158,NLL,-0.25350332260131836,0.9215843677520752
MDN,3,159,NLL,-0.24972432851791382,0.9215579628944397
MDN,3,160,NLL,-0.23975802958011627,0.9229295253753662
MDN,3,161,NLL,-0.22905637323856354,0.9239642024040222
MDN,3,162,NLL,-0.1808640956878662,0.9225925803184509
MDN,3,163,NLL,-0.20342209935188293,0.9256907105445862
MDN,3,164,NLL,-0.22316960990428925,0.9220424294471741
MDN,3,165,NLL,-0.25040555000305176,0.9236481785774231
MDN,3,166,NLL,-0.24201497435569763,0.9228545427322388
MDN,3,167,NLL,-0.24105891585350037,0.9219646453857422
MDN,3,168,NLL,-0.2268291860818863,0.9230682849884033
MDN,3,169,NLL,-0.24276277422904968,0.9216161966323853
MDN,3,170,NLL,-0.23042140901088715,0.9269616603851318
MDN,3,171,NLL,-0.24916265904903412,0.9214450716972351
MDN,3,172,NLL,-0.24777904152870178,0.9230278730392456
MDN,3,173,NLL,-0.23815271258354187,0.9226360321044922
MDN,3,174,NLL,-0.1947961151599884,0.9218705892562866
MDN,3,175,NLL,-0.23424535989761353,0.9295054078102112
MDN,3,176,NLL,-0.22901831567287445,0.9244018197059631
MDN,3,177,NLL,-0.24861623346805573,0.9233755469322205
MDN,3,178,NLL,-0.24999645352363586,0.9231116771697998
MDN,3,179,NLL,-0.249098002910614,0.9215338826179504
MDN,3,180,NLL,-0.24031776189804077,0.9226444363594055
MDN,3,181,NLL,-0.2458128035068512,0.9225928783416748
MDN,3,182,NLL,-0.2135591357946396,0.9215160608291626
MDN,3,183,NLL,-0.23739492893218994,0.9217556118965149
MDN,3,184,NLL,-0.2516618072986603,0.9225218892097473
MDN,3,185,NLL,-0.24336321651935577,0.9219852089881897
MDN,3,186,NLL,-0.2428257018327713,0.9231705069541931
MDN,3,187,NLL,-0.2371155023574829,0.9228230714797974
MDN,3,188,NLL,-0.24253036081790924,0.9236726760864258
MDN,3,189,NLL,-0.2421993464231491,0.9222247004508972
MDN,3,190,NLL,-0.24640189111232758,0.9215829968452454
MDN,3,191,NLL,-0.2338961660861969,0.9219915866851807
MDN,3,192,NLL,-0.24228647351264954,0.9219540953636169
MDN,3,193,NLL,-0.21938611567020416,0.9221305251121521
MDN,3,194,NLL,-0.24933059513568878,0.9239255785942078
MDN,3,195,NLL,-0.24442049860954285,0.922296941280365
MDN,3,196,NLL,-0.25051262974739075,0.9247213006019592
MDN,3,197,NLL,-0.23764003813266754,0.9245691299438477
MDN,3,198,NLL,-0.2364991009235382,0.9214857816696167
MDN,3,199,NLL,-0.2515712082386017,0.9222254753112793
MDN,3,200,NLL,-0.24657434225082397,0.9217443466186523
MDN,3,201,NLL,-0.23101338744163513,0.9220309853553772
MDN,3,202,NLL,-0.24718505144119263,0.9244909286499023
MDN,3,203,NLL,-0.2540648579597473,0.9218043684959412
MDN,3,204,NLL,-0.24036219716072083,0.9223074913024902
MDN,3,205,NLL,-0.2252272665500641,0.9236227869987488
MDN,3,206,NLL,-0.24286946654319763,0.9217771887779236
MDN,3,207,NLL,-0.24193820357322693,0.92176753282547
MDN,3,208,NLL,-0.24886034429073334,0.9235885739326477
MDN,3,209,NLL,-0.2318122386932373,0.923511803150177
MDN,3,210,NLL,-0.23982110619544983,0.922085702419281
MDN,3,211,NLL,-0.2426561713218689,0.9228300452232361
MDN,3,212,NLL,-0.21687422692775726,0.9219463467597961
MDN,3,213,NLL,-0.2403683215379715,0.9213581681251526
MDN,3,214,NLL,-0.24638666212558746,0.9216701984405518
MDN,3,215,NLL,-0.22004686295986176,0.9224221706390381
MDN,3,216,NLL,-0.2509767413139343,0.9220138192176819
MDN,3,217,NLL,-0.24087856709957123,0.9226351976394653
MDN,3,218,NLL,-0.2405640184879303,0.9247901439666748
MDN,3,219,NLL,-0.24487470090389252,0.9216512441635132
MDN,3,220,NLL,-0.24921946227550507,0.9225369095802307
MDN,3,221,NLL,-0.22892306745052338,0.9220492839813232
MDN,3,222,NLL,-0.2541205883026123,0.9221580028533936
MDN,3,223,NLL,-0.247866690158844,0.9229957461357117
MDN,3,224,NLL,-0.252003014087677,0.9214516282081604
MDN,3,225,NLL,-0.243242084980011,0.9212749600410461
MDN,3,226,NLL,-0.25019899010658264,0.921384871006012
MDN,3,227,NLL,-0.23128314316272736,0.9224984049797058
MDN,3,228,NLL,-0.2388491928577423,0.9226875901222229
MDN,3,229,NLL,-0.24490810930728912,0.9215647578239441
MDN,3,230,NLL,-0.24155586957931519,0.9214850664138794
MDN,3,231,NLL,-0.23402483761310577,0.9227912425994873
MDN,3,232,NLL,-0.24952995777130127,0.9217662811279297
MDN,3,233,NLL,-0.2525997459888458,0.9210851192474365
MDN,3,234,NLL,-0.23710529506206512,0.921664297580719
MDN,3,235,NLL,-0.2569064199924469,0.9244987368583679
MDN,3,236,NLL,-0.25015851855278015,0.9210811257362366
MDN,3,237,NLL,-0.25285395979881287,0.9216775894165039
MDN,3,238,NLL,-0.25442278385162354,0.9210308790206909
MDN,3,239,NLL,-0.24479307234287262,0.9214416742324829
MDN,3,240,NLL,-0.24261711537837982,0.9210765361785889
MDN,3,241,NLL,-0.24971835315227509,0.9225229024887085
MDN,3,242,NLL,-0.24307744204998016,0.9215528964996338
MDN,3,243,NLL,-0.2435966581106186,0.9253791570663452
MDN,3,244,NLL,-0.25092220306396484,0.9238898754119873
MDN,3,245,NLL,-0.2512211203575134,0.9211926460266113
MDN,3,246,NLL,-0.22303956747055054,0.922335684299469
MDN,3,247,NLL,-0.25082749128341675,0.921141505241394
MDN,3,248,NLL,-0.25082895159721375,0.9239649772644043
MDN,3,249,NLL,-0.23342755436897278,0.9209716320037842
MDN,3,250,NLL,-0.21026089787483215,0.9216541051864624
MDN,3,251,NLL,-0.24752536416053772,0.921122133731842
MDN,3,252,NLL,-0.2481754869222641,0.9214048385620117
MDN,3,253,NLL,-0.24195197224617004,0.9211950302124023
MDN,3,254,NLL,-0.23645322024822235,0.9211986660957336
MDN,3,255,NLL,-0.25172683596611023,0.9217032194137573
MDN,3,256,NLL,-0.249583899974823,0.9217055439949036
MDN,3,257,NLL,-0.23278971016407013,0.9216169118881226
MDN,3,258,NLL,-0.2510470747947693,0.9213204383850098
MDN,3,259,NLL,-0.2483547329902649,0.9219352602958679
MDN,3,260,NLL,-0.20988836884498596,0.9259041547775269
MDN,3,261,NLL,-0.24601177871227264,0.9207774996757507
MDN,3,262,NLL,-0.2379566729068756,0.9229375123977661
MDN,3,263,NLL,-0.23982711136341095,0.9214829802513123
MDN,3,264,NLL,-0.24422287940979004,0.9211353659629822
MDN,3,265,NLL,-0.2514822483062744,0.9238218069076538
MDN,3,266,NLL,-0.241636261343956,0.9212857484817505
MDN,3,267,NLL,-0.24804739654064178,0.9218915700912476
MDN,3,268,NLL,-0.19993720948696136,0.920990526676178
MDN,3,269,NLL,-0.256517231464386,0.9213719964027405
MDN,3,270,NLL,-0.2437669336795807,0.9207772612571716
MDN,3,271,NLL,-0.2543075978755951,0.9218552708625793
MDN,3,272,NLL,-0.24528126418590546,0.9209976196289062
MDN,3,273,NLL,-0.21449771523475647,0.9227948784828186
MDN,3,274,NLL,-0.24955934286117554,0.9211831092834473
MDN,3,275,NLL,-0.24700751900672913,0.9221389293670654
MDN,3,276,NLL,-0.23798316717147827,0.9208919405937195
MDN,3,277,NLL,-0.2214123159646988,0.921321451663971
MDN,3,278,NLL,-0.254812628030777,0.9209799766540527
MDN,3,279,NLL,-0.2476338893175125,0.9215527772903442
MDN,3,280,NLL,-0.25141531229019165,0.9206071496009827
MDN,3,281,NLL,-0.240541011095047,0.9219898581504822
MDN,3,282,NLL,-0.24627307057380676,0.9245699048042297
MDN,3,283,NLL,-0.24645593762397766,0.9230659604072571
MDN,3,284,NLL,-0.2490336000919342,0.9217729568481445
MDN,3,285,NLL,-0.22638541460037231,0.9211678504943848
MDN,3,286,NLL,-0.24524378776550293,0.922886848449707
MDN,3,287,NLL,-0.2445526272058487,0.9207163453102112
MDN,3,288,NLL,-0.254754900932312,0.9212099313735962
MDN,3,289,NLL,-0.21455663442611694,0.9208073616027832
MDN,3,290,NLL,-0.25345855951309204,0.9215094447135925
MDN,3,291,NLL,-0.24551580846309662,0.9217702150344849
MDN,3,292,NLL,-0.2464546114206314,0.9211772680282593
MDN,3,293,NLL,-0.25908857583999634,0.9210343360900879
MDN,3,294,NLL,-0.2378469705581665,0.921936571598053
MDN,3,295,NLL,-0.25866955518722534,0.9204223155975342
MDN,3,296,NLL,-0.2490396350622177,0.9221510291099548
MDN,3,297,NLL,-0.24715082347393036,0.9223459362983704
MDN,3,298,NLL,-0.23882217705249786,0.9206886887550354
MDN,3,299,NLL,-0.25247108936309814,0.9215562343597412
MDN,3,300,NLL,-0.23818717896938324,0.920613169670105
MDN,4,1,NLL,0.15567034482955933,0.9529114961624146
MDN,4,2,NLL,-0.0045951176434755325,0.9297488331794739
MDN,4,3,NLL,-0.11546188592910767,0.9223337769508362
MDN,4,4,NLL,-0.0019055595621466637,0.9252721667289734
MDN,4,5,NLL,-0.15113531053066254,0.924892783164978
MDN,4,6,NLL,-0.018621031194925308,0.9397047758102417
MDN,4,7,NLL,-0.16023224592208862,0.9244570136070251
MDN,4,8,NLL,-0.21235936880111694,0.9261765480041504
MDN,4,9,NLL,-0.2270296961069107,0.9251758456230164
MDN,4,10,NLL,-0.2217232584953308,0.9242833852767944
MDN,4,11,NLL,-0.20779064297676086,0.9232364892959595
MDN,4,12,NLL,-0.2272578328847885,0.9227060079574585
MDN,4,13,NLL,-0.16081847250461578,0.9244667291641235
MDN,4,14,NLL,-0.2120135873556137,0.9267966151237488
MDN,4,15,NLL,-0.24294599890708923,0.9228408336639404
MDN,4,16,NLL,-0.15815715491771698,0.9231562614440918
MDN,4,17,NLL,-0.19057591259479523,0.9230452179908752
MDN,4,18,NLL,-0.10402296483516693,0.9271466732025146
MDN,4,19,NLL,-0.24039706587791443,0.9249153733253479
MDN,4,20,NLL,-0.1466166228055954,0.9263105392456055
MDN,4,21,NLL,-0.22639934718608856,0.923143208026886
MDN,4,22,NLL,-0.2088138908147812,0.9227539896965027
MDN,4,23,NLL,-0.20102335512638092,0.9254292845726013
MDN,4,24,NLL,-0.2296617180109024,0.9227473735809326
MDN,4,25,NLL,-0.23644399642944336,0.9224739670753479
MDN,4,26,NLL,-0.1133747398853302,0.922681987285614
MDN,4,27,NLL,-0.2187720537185669,0.9223350882530212
MDN,4,28,NLL,-0.18725818395614624,0.9300353527069092
MDN,4,29,NLL,-0.2110956758260727,0.9226019978523254
MDN,4,30,NLL,-0.2159195840358734,0.9265156388282776
MDN,4,31,NLL,-0.1987287551164627,0.9268844127655029
MDN,4,32,NLL,-0.23673556745052338,0.92706698179245
MDN,4,33,NLL,-0.18928949534893036,0.9250003099441528
MDN,4,34,NLL,-0.22933287918567657,0.9249668717384338
MDN,4,35,NLL,-0.19097758829593658,0.9278621673583984
MDN,4,36,NLL,-0.22273926436901093,0.9238065481185913
MDN,4,37,NLL,-0.234885111451149,0.9220335483551025
MDN,4,38,NLL,-0.2019967883825302,0.9221893548965454
MDN,4,39,NLL,-0.01092417910695076,0.9229201674461365
MDN,4,40,NLL,-0.24101194739341736,0.9241238832473755
MDN,4,41,NLL,-0.2237783670425415,0.9237807989120483
MDN,4,42,NLL,-0.22731298208236694,0.9236623048782349
MDN,4,43,NLL,-0.1639532744884491,0.9229941964149475
MDN,4,44,NLL,-0.1900225281715393,0.9236620664596558
MDN,4,45,NLL,-0.15874291956424713,0.9225044846534729
MDN,4,46,NLL,-0.21250784397125244,0.9221621155738831
MDN,4,47,NLL,-0.22412168979644775,0.9236400723457336
MDN,4,48,NLL,-0.2187163084745407,0.9247459173202515
MDN,4,49,NLL,-0.14633138477802277,0.9259524345397949
MDN,4,50,NLL,-0.2195691615343094,0.9238066077232361
MDN,4,51,NLL,-0.24218134582042694,0.9260546565055847
MDN,4,52,NLL,-0.2246856838464737,0.9221749901771545
MDN,4,53,NLL,-0.2346334010362625,0.9243598580360413
MDN,4,54,NLL,-0.21351765096187592,0.9254265427589417
MDN,4,55,NLL,-0.23884430527687073,0.9223411679267883
MDN,4,56,NLL,-0.24083930253982544,0.9227500557899475
MDN,4,57,NLL,-0.21750123798847198,0.9249250292778015
MDN,4,58,NLL,-0.20767545700073242,0.9259675741195679
MDN,4,59,NLL,-0.21065448224544525,0.9261325597763062
MDN,4,60,NLL,-0.21074849367141724,0.927488386631012
MDN,4,61,NLL,-0.23769421875476837,0.9225493669509888
MDN,4,62,NLL,-0.1269899308681488,0.9236775636672974
MDN,4,63,NLL,-0.13784772157669067,0.9231300354003906
MDN,4,64,NLL,-0.24971579015254974,0.9230659604072571
MDN,4,65,NLL,-0.19684474170207977,0.9264846444129944
MDN,4,66,NLL,-0.21514971554279327,0.9304807186126709
MDN,4,67,NLL,-0.20998187363147736,0.9235866665840149
MDN,4,68,NLL,-0.20036746561527252,0.9228530526161194
MDN,4,69,NLL,-0.22290563583374023,0.9291629791259766
MDN,4,70,NLL,-0.1912766695022583,0.9233753681182861
MDN,4,71,NLL,-0.21264401078224182,0.9256764650344849
MDN,4,72,NLL,-0.2390976995229721,0.9223808646202087
MDN,4,73,NLL,-0.23152615129947662,0.9226327538490295
MDN,4,74,NLL,-0.23278982937335968,0.9252384305000305
MDN,4,75,NLL,-0.22045385837554932,0.9261648058891296
MDN,4,76,NLL,-0.23650476336479187,0.9245205521583557
MDN,4,77,NLL,-0.24072524905204773,0.9280375242233276
MDN,4,78,NLL,-0.24113710224628448,0.922868013381958
MDN,4,79,NLL,-0.23606544733047485,0.92281574010849
MDN,4,80,NLL,-0.22350133955478668,0.9232367277145386
MDN,4,81,NLL,-0.17280313372612,0.9224860668182373
MDN,4,82,NLL,-0.22805649042129517,0.9259562492370605
MDN,4,83,NLL,-0.21246512234210968,0.921899676322937
MDN,4,84,NLL,-0.21685969829559326,0.922091007232666
MDN,4,85,NLL,-0.24676118791103363,0.9244312644004822
MDN,4,86,NLL,-0.23872727155685425,0.9230821132659912
MDN,4,87,NLL,-0.23564139008522034,0.9225272536277771
MDN,4,88,NLL,-0.24596025049686432,0.9224961400032043
MDN,4,89,NLL,-0.18090517818927765,0.9251136183738708
MDN,4,90,NLL,-0.21474102139472961,0.9226923584938049
MDN,4,91,NLL,-0.24124892055988312,0.9242159128189087
MDN,4,92,NLL,-0.24554258584976196,0.9245877861976624
MDN,4,93,NLL,-0.2401275485754013,0.923774242401123
MDN,4,94,NLL,-0.21122965216636658,0.9220075011253357
MDN,4,95,NLL,-0.21778258681297302,0.9216888546943665
MDN,4,96,NLL,-0.24181829392910004,0.9238674640655518
MDN,4,97,NLL,-0.22709903120994568,0.9230765104293823
MDN,4,98,NLL,-0.19873324036598206,0.9238342642784119
MDN,4,99,NLL,-0.24069064855575562,0.9256603717803955
MDN,4,100,NLL,-0.21802040934562683,0.9218765497207642
MDN,4,101,NLL,-0.24423308670520782,0.9214550852775574
MDN,4,102,NLL,-0.22831793129444122,0.9226080775260925
MDN,4,103,NLL,-0.18695169687271118,0.9233587980270386
MDN,4,104,NLL,-0.2139868438243866,0.9225046634674072
MDN,4,105,NLL,-0.2129984349012375,0.9227212071418762
MDN,4,106,NLL,-0.23579689860343933,0.9214529991149902
MDN,4,107,NLL,-0.2292957305908203,0.9217453002929688
MDN,4,108,NLL,-0.2350180745124817,0.9220815300941467
MDN,4,109,NLL,-0.2565763294696808,0.9214364290237427
MDN,4,110,NLL,-0.19536103308200836,0.9219149351119995
MDN,4,111,NLL,-0.23537558317184448,0.9276617169380188
MDN,4,112,NLL,-0.24385231733322144,0.9229773283004761
MDN,4,113,NLL,-0.2104409635066986,0.9237205982208252
MDN,4,114,NLL,-0.23900966346263885,0.9226535558700562
MDN,4,115,NLL,-0.22209686040878296,0.9228020310401917
MDN,4,116,NLL,-0.24333663284778595,0.9219379425048828
MDN,4,117,NLL,-0.24071894586086273,0.925686240196228
MDN,4,118,NLL,-0.21979613602161407,0.9220762848854065
MDN,4,119,NLL,-0.2349884957075119,0.925726592540741
MDN,4,120,NLL,-0.2179526537656784,0.9222636818885803
MDN,4,121,NLL,-0.23304176330566406,0.9240661859512329
MDN,4,122,NLL,-0.2266022264957428,0.9243844151496887
MDN,4,123,NLL,-0.23446594178676605,0.9238834977149963
MDN,4,124,NLL,-0.20180879533290863,0.9220564961433411
MDN,4,125,NLL,-0.25079071521759033,0.9224345684051514
MDN,4,126,NLL,-0.23104269802570343,0.9217315316200256
MDN,4,127,NLL,-0.2013874650001526,0.9223561882972717
MDN,4,128,NLL,-0.23942281305789948,0.9227012395858765
MDN,4,129,NLL,-0.23368939757347107,0.9240848422050476
MDN,4,130,NLL,-0.2481633722782135,0.9217396378517151
MDN,4,131,NLL,-0.24547231197357178,0.924362063407898
MDN,4,132,NLL,-0.19912219047546387,0.923595130443573
MDN,4,133,NLL,-0.21855011582374573,0.9217700958251953
MDN,4,134,NLL,-0.24491271376609802,0.9241011738777161
MDN,4,135,NLL,-0.21053966879844666,0.9222972989082336
MDN,4,136,NLL,-0.22387418150901794,0.9236407279968262
MDN,4,137,NLL,-0.24803778529167175,0.9219093918800354
MDN,4,138,NLL,-0.19676099717617035,0.9227186441421509
MDN,4,139,NLL,-0.23485521972179413,0.9222632646560669
MDN,4,140,NLL,-0.22281143069267273,0.9217660427093506
MDN,4,141,NLL,-0.21738575398921967,0.924324095249176
MDN,4,142,NLL,-0.25117626786231995,0.9215201139450073
MDN,4,143,NLL,-0.21756717562675476,0.9220491647720337
MDN,4,144,NLL,-0.24340344965457916,0.9223480820655823
MDN,4,145,NLL,-0.2326377034187317,0.9221064448356628
MDN,4,146,NLL,-0.2538432478904724,0.9235606789588928
MDN,4,147,NLL,-0.2300451248884201,0.9222848415374756
MDN,4,148,NLL,-0.24655893445014954,0.9229952692985535
MDN,4,149,NLL,-0.24323683977127075,0.9216101765632629
MDN,4,150,NLL,-0.2488846629858017,0.923507571220398
MDN,4,151,NLL,-0.2067442089319229,0.9231264591217041
MDN,4,152,NLL,-0.24005089700222015,0.9252653121948242
MDN,4,153,NLL,-0.23732253909111023,0.9226191639900208
MDN,4,154,NLL,-0.2497490644454956,0.921436607837677
MDN,4,155,NLL,-0.2275804579257965,0.9256495833396912
MDN,4,156,NLL,-0.25127074122428894,0.9242180585861206
MDN,4,157,NLL,-0.2169771045446396,0.921834409236908
MDN,4,158,NLL,-0.22880658507347107,0.9225572347640991
MDN,4,159,NLL,-0.23306874930858612,0.9248853325843811
MDN,4,160,NLL,-0.2316857874393463,0.9223057627677917
MDN,4,161,NLL,-0.24500472843647003,0.9216398000717163
MDN,4,162,NLL,-0.18924792110919952,0.92188560962677
MDN,4,163,NLL,-0.24665045738220215,0.922166109085083
MDN,4,164,NLL,-0.2380412220954895,0.924305260181427
MDN,4,165,NLL,-0.23019970953464508,0.9220734238624573
MDN,4,166,NLL,-0.23949119448661804,0.9234418272972107
MDN,4,167,NLL,-0.24605199694633484,0.9235677719116211
MDN,4,168,NLL,-0.22428758442401886,0.9230086803436279
MDN,4,169,NLL,-0.2527715563774109,0.9217546582221985
MDN,4,170,NLL,-0.23966099321842194,0.9216666221618652
MDN,4,171,NLL,-0.2439873218536377,0.9292402863502502
MDN,4,172,NLL,-0.24099692702293396,0.9217223525047302
MDN,4,173,NLL,-0.22959591448307037,0.9247063994407654
MDN,4,174,NLL,-0.21524009108543396,0.9240305423736572
MDN,4,175,NLL,-0.2498711496591568,0.9233600497245789
MDN,4,176,NLL,-0.25124412775039673,0.9219777584075928
MDN,4,177,NLL,-0.23179233074188232,0.9216132164001465
MDN,4,178,NLL,-0.2508315443992615,0.9219807982444763
MDN,4,179,NLL,-0.2481938749551773,0.9236670136451721
MDN,4,180,NLL,-0.24014465510845184,0.9221115708351135
MDN,4,181,NLL,-0.2300231158733368,0.92149418592453
MDN,4,182,NLL,-0.2342253476381302,0.9222856163978577
MDN,4,183,NLL,-0.2535790503025055,0.9219575524330139
MDN,4,184,NLL,-0.2524247169494629,0.9227048754692078
MDN,4,185,NLL,-0.22564683854579926,0.9234270453453064
MDN,4,186,NLL,-0.23691792786121368,0.9214627742767334
MDN,4,187,NLL,-0.245784729719162,0.9242386221885681
MDN,4,188,NLL,-0.25253602862358093,0.9234901070594788
MDN,4,189,NLL,-0.24360217154026031,0.9225545525550842
MDN,4,190,NLL,-0.21290156245231628,0.9235751032829285
MDN,4,191,NLL,-0.23238332569599152,0.9228051900863647
MDN,4,192,NLL,-0.1970801055431366,0.9236041307449341
MDN,4,193,NLL,-0.2529545724391937,0.9216355085372925
MDN,4,194,NLL,-0.2371414452791214,0.9218661189079285
MDN,4,195,NLL,-0.2531501352787018,0.9230009317398071
MDN,4,196,NLL,-0.21898071467876434,0.9240519404411316
MDN,4,197,NLL,-0.2087744027376175,0.9219862818717957
MDN,4,198,NLL,-0.22861424088478088,0.9253542423248291
MDN,4,199,NLL,-0.19983047246932983,0.9222146272659302
MDN,4,200,NLL,-0.22340385615825653,0.9231973886489868
MDN,4,201,NLL,-0.24372918903827667,0.9222688674926758
MDN,4,202,NLL,-0.24408166110515594,0.9220780730247498
MDN,4,203,NLL,-0.23292678594589233,0.9215787053108215
MDN,4,204,NLL,-0.24087049067020416,0.9221174120903015
MDN,4,205,NLL,-0.22272439301013947,0.9222084879875183
MDN,4,206,NLL,-0.2409048229455948,0.9221203923225403
MDN,4,207,NLL,-0.23070788383483887,0.9215404391288757
MDN,4,208,NLL,-0.23580250144004822,0.9231811165809631
MDN,4,209,NLL,-0.2547558844089508,0.921349823474884
MDN,4,210,NLL,-0.25277674198150635,0.92156583070755
MDN,4,211,NLL,-0.2408563792705536,0.9213814735412598
MDN,4,212,NLL,-0.2271590679883957,0.9249889850616455
MDN,4,213,NLL,-0.2458697259426117,0.9213305115699768
MDN,4,214,NLL,-0.2353350818157196,0.9217288494110107
MDN,4,215,NLL,-0.22656457126140594,0.9213497042655945
MDN,4,216,NLL,-0.24522444605827332,0.9219934344291687
MDN,4,217,NLL,-0.24182716012001038,0.9214272499084473
MDN,4,218,NLL,-0.2565189301967621,0.9214599132537842
MDN,4,219,NLL,-0.24427343904972076,0.9220253229141235
MDN,4,220,NLL,-0.2544300854206085,0.9221754670143127
MDN,4,221,NLL,-0.23134225606918335,0.9225218892097473
MDN,4,222,NLL,-0.25445806980133057,0.9221482872962952
MDN,4,223,NLL,-0.2454855591058731,0.9221563339233398
MDN,4,224,NLL,-0.2475752979516983,0.9217438101768494
MDN,4,225,NLL,-0.24440805613994598,0.9212884306907654
MDN,4,226,NLL,-0.23266847431659698,0.9245327115058899
MDN,4,227,NLL,-0.22141294181346893,0.9273656606674194
MDN,4,228,NLL,-0.2376372069120407,0.9225940108299255
MDN,4,229,NLL,-0.2441946119070053,0.923240602016449
MDN,4,230,NLL,-0.245027095079422,0.9242269396781921
MDN,4,231,NLL,-0.22753185033798218,0.923728883266449
MDN,4,232,NLL,-0.23657849431037903,0.9217755198478699
MDN,4,233,NLL,-0.24642039835453033,0.922798216342926
MDN,4,234,NLL,-0.237289696931839,0.9273449182510376
MDN,4,235,NLL,-0.23370379209518433,0.922452449798584
MDN,4,236,NLL,-0.23616035282611847,0.9230034947395325
MDN,4,237,NLL,-0.23239672183990479,0.9222932457923889
MDN,4,238,NLL,-0.23912328481674194,0.9222217202186584
MDN,4,239,NLL,-0.246279776096344,0.9216179847717285
MDN,4,240,NLL,-0.2304403930902481,0.924990713596344
MDN,4,241,NLL,-0.23958614468574524,0.9243336319923401
MDN,4,242,NLL,-0.24043335020542145,0.9216185212135315
MDN,4,243,NLL,-0.23907288908958435,0.9216485619544983
MDN,4,244,NLL,-0.25541311502456665,0.9211083650588989
MDN,4,245,NLL,-0.24549344182014465,0.9234945178031921
MDN,4,246,NLL,-0.23107269406318665,0.9215391278266907
MDN,4,247,NLL,-0.22859154641628265,0.9215813875198364
MDN,4,248,NLL,-0.24324600398540497,0.9234352111816406
MDN,4,249,NLL,-0.24616271257400513,0.9223431348800659
MDN,4,250,NLL,-0.24567535519599915,0.9216950535774231
MDN,4,251,NLL,-0.2549390494823456,0.9212008714675903
MDN,4,252,NLL,-0.2424405813217163,0.9261569976806641
MDN,4,253,NLL,-0.2410210520029068,0.9285094738006592
MDN,4,254,NLL,-0.23765829205513,0.9218404293060303
MDN,4,255,NLL,-0.24720965325832367,0.9217687249183655
MDN,4,256,NLL,-0.2465852051973343,0.9215800166130066
MDN,4,257,NLL,-0.24678438901901245,0.9258713722229004
MDN,4,258,NLL,-0.25093790888786316,0.9226998090744019
MDN,4,259,NLL,-0.2357998788356781,0.9221810102462769
MDN,4,260,NLL,-0.2418326884508133,0.9208890795707703
MDN,4,261,NLL,-0.25326311588287354,0.9211434721946716
MDN,4,262,NLL,-0.22562098503112793,0.9243795871734619
MDN,4,263,NLL,-0.20254281163215637,0.9238056540489197
MDN,4,264,NLL,-0.2354091852903366,0.9224584102630615
MDN,4,265,NLL,-0.21077954769134521,0.921550452709198
MDN,4,266,NLL,-0.23901455104351044,0.9237712621688843
MDN,4,267,NLL,-0.2392376810312271,0.9228411912918091
MDN,4,268,NLL,-0.2517023980617523,0.9227050542831421
MDN,4,269,NLL,-0.20342472195625305,0.9221187829971313
MDN,4,270,NLL,-0.23728430271148682,0.921417772769928
MDN,4,271,NLL,-0.24033397436141968,0.922293484210968
MDN,4,272,NLL,-0.2094556987285614,0.9211795926094055
MDN,4,273,NLL,-0.24158193171024323,0.9221070408821106
MDN,4,274,NLL,-0.244889497756958,0.9215688705444336
MDN,4,275,NLL,-0.24703389406204224,0.9231292605400085
MDN,4,276,NLL,-0.23589372634887695,0.9228910207748413
MDN,4,277,NLL,-0.22904431819915771,0.9251879453659058
MDN,4,278,NLL,-0.2403392344713211,0.9235328435897827
MDN,4,279,NLL,-0.2365051805973053,0.9223459959030151
MDN,4,280,NLL,-0.23338620364665985,0.9217316508293152
MDN,4,281,NLL,-0.2420879751443863,0.9212582111358643
MDN,4,282,NLL,-0.2433769702911377,0.9216797947883606
MDN,4,283,NLL,-0.2532748878002167,0.9216094017028809
MDN,4,284,NLL,-0.2442243993282318,0.9221035838127136
MDN,4,285,NLL,-0.2547861337661743,0.9213508367538452
MDN,4,286,NLL,-0.24458329379558563,0.9213995933532715
MDN,4,287,NLL,-0.23222674429416656,0.9209141135215759
MDN,4,288,NLL,-0.23578210175037384,0.9213037490844727
MDN,4,289,NLL,-0.24560189247131348,0.923367440700531
MDN,4,290,NLL,-0.25467056035995483,0.9237493276596069
MDN,4,291,NLL,-0.24049849808216095,0.9215511679649353
MDN,4,292,NLL,-0.25374191999435425,0.9209008812904358
MDN,4,293,NLL,-0.2511713206768036,0.921331524848938
MDN,4,294,NLL,-0.2484482377767563,0.9212018251419067
MDN,4,295,NLL,-0.2538350522518158,0.9210570454597473
MDN,4,296,NLL,-0.23783130943775177,0.9213926792144775
MDN,4,297,NLL,-0.2583903670310974,0.9207990765571594
MDN,4,298,NLL,-0.24827057123184204,0.9218857288360596
MDN,4,299,NLL,-0.2539674937725067,0.9216322302818298
MDN,4,300,NLL,-0.23995354771614075,0.9209898114204407
MDN,5,1,NLL,0.3700779676437378,0.9539451003074646
MDN,5,2,NLL,-0.012608552351593971,0.9232131242752075
MDN,5,3,NLL,-0.06617707014083862,0.935270369052887
MDN,5,4,NLL,-0.15374110639095306,0.926646888256073
MDN,5,5,NLL,-0.1468064785003662,0.9309417605400085
MDN,5,6,NLL,-0.12621457874774933,0.9282158613204956
MDN,5,7,NLL,-0.13991042971611023,0.9278386235237122
MDN,5,8,NLL,-0.20871858298778534,0.936920702457428
MDN,5,9,NLL,-0.11187250912189484,0.9358403086662292
MDN,5,10,NLL,-0.17892679572105408,0.9254465699195862
MDN,5,11,NLL,-0.21395641565322876,0.9252039790153503
MDN,5,12,NLL,-0.16101479530334473,0.9272242784500122
MDN,5,13,NLL,-0.22369472682476044,0.9241677522659302
MDN,5,14,NLL,-0.1594410538673401,0.925956666469574
MDN,5,15,NLL,-0.20206716656684875,0.9237378835678101
MDN,5,16,NLL,-0.13637609779834747,0.9275183081626892
MDN,5,17,NLL,-0.2368767410516739,0.9241037368774414
MDN,5,18,NLL,-0.1673423796892166,0.9271479249000549
MDN,5,19,NLL,-0.2373916059732437,0.9241865277290344
MDN,5,20,NLL,-0.16908127069473267,0.9358476996421814
MDN,5,21,NLL,-0.23438936471939087,0.9260146617889404
MDN,5,22,NLL,-0.18542852997779846,0.9284575581550598
MDN,5,23,NLL,-0.11717315018177032,0.9287797212600708
MDN,5,24,NLL,-0.22530999779701233,0.9274633526802063
MDN,5,25,NLL,-0.18879027664661407,0.924862802028656
MDN,5,26,NLL,-0.2321239858865738,0.9277402758598328
MDN,5,27,NLL,-0.21780340373516083,0.9274324178695679
MDN,5,28,NLL,-0.23969167470932007,0.927458643913269
MDN,5,29,NLL,-0.2205718457698822,0.924380362033844
MDN,5,30,NLL,-0.1890851855278015,0.9273312091827393
MDN,5,31,NLL,-0.2293868362903595,0.9247506856918335
MDN,5,32,NLL,-0.24039849638938904,0.9244882464408875
MDN,5,33,NLL,-0.17506790161132812,0.9246174693107605
MDN,5,34,NLL,-0.2010311335325241,0.922841489315033
MDN,5,35,NLL,-0.19514603912830353,0.9237475991249084
MDN,5,36,NLL,-0.21399669349193573,0.9347391724586487
MDN,5,37,NLL,-0.16798456013202667,0.9237111210823059
MDN,5,38,NLL,-0.21048709750175476,0.9233091473579407
MDN,5,39,NLL,-0.22812597453594208,0.9224772453308105
MDN,5,40,NLL,-0.19529645144939423,0.9233937859535217
MDN,5,41,NLL,-0.18548010289669037,0.9229201674461365
MDN,5,42,NLL,-0.21675236523151398,0.9229726791381836
MDN,5,43,NLL,-0.2146913856267929,0.9230866432189941
MDN,5,44,NLL,-0.20356272161006927,0.9226669073104858
MDN,5,45,NLL,-0.24689479172229767,0.9221643805503845
MDN,5,46,NLL,-0.2177855670452118,0.9226164221763611
MDN,5,47,NLL,-0.20842128992080688,0.9285826683044434
MDN,5,48,NLL,-0.24738772213459015,0.9249727129936218
MDN,5,49,NLL,-0.18480142951011658,0.9240778684616089
MDN,5,50,NLL,-0.18254950642585754,0.9230932593345642
MDN,5,51,NLL,-0.216779425740242,0.9225725531578064
MDN,5,52,NLL,-0.22786669433116913,0.9274269342422485
MDN,5,53,NLL,-0.23689819872379303,0.922755241394043
MDN,5,54,NLL,-0.2083406001329422,0.9236961007118225
MDN,5,55,NLL,-0.1780703365802765,0.9237440824508667
MDN,5,56,NLL,-0.22494922578334808,0.9236410856246948
MDN,5,57,NLL,-0.20956173539161682,0.923988401889801
MDN,5,58,NLL,-0.18253687024116516,0.9240137934684753
MDN,5,59,NLL,-0.1728159338235855,0.9219534397125244
MDN,5,60,NLL,-0.1928892880678177,0.922959566116333
MDN,5,61,NLL,-0.1270992010831833,0.9232934713363647
MDN,5,62,NLL,-0.2364814132452011,0.9235876202583313
MDN,5,63,NLL,-0.24879702925682068,0.9230996370315552
MDN,5,64,NLL,-0.21213892102241516,0.9275205731391907
MDN,5,65,NLL,-0.231231227517128,0.9230121970176697
MDN,5,66,NLL,-0.23831185698509216,0.9252533316612244
MDN,5,67,NLL,-0.21974873542785645,0.9240333437919617
MDN,5,68,NLL,-0.21107108891010284,0.9234047532081604
MDN,5,69,NLL,-0.23461955785751343,0.9223200678825378
MDN,5,70,NLL,-0.24709485471248627,0.9234037399291992
MDN,5,71,NLL,-0.24382977187633514,0.9216138124465942
MDN,5,72,NLL,-0.19680099189281464,0.9229941964149475
MDN,5,73,NLL,-0.19151665270328522,0.9228395819664001
MDN,5,74,NLL,-0.20073874294757843,0.9235119819641113
MDN,5,75,NLL,-0.1912478655576706,0.9266449213027954
MDN,5,76,NLL,-0.21058443188667297,0.9222981929779053
MDN,5,77,NLL,-0.24876022338867188,0.92613685131073
MDN,5,78,NLL,-0.18574677407741547,0.9218271970748901
MDN,5,79,NLL,-0.22883634269237518,0.9227961301803589
MDN,5,80,NLL,-0.24511772394180298,0.9228625297546387
MDN,5,81,NLL,-0.2231721580028534,0.9282329082489014
MDN,5,82,NLL,-0.23546941578388214,0.9231382012367249
MDN,5,83,NLL,-0.24607937037944794,0.9243351221084595
MDN,5,84,NLL,-0.2466636449098587,0.922664225101471
MDN,5,85,NLL,-0.18786779046058655,0.9281776547431946
MDN,5,86,NLL,-0.21888408064842224,0.922055184841156
MDN,5,87,NLL,-0.2442219853401184,0.9220333695411682
MDN,5,88,NLL,-0.2335556000471115,0.9226396679878235
MDN,5,89,NLL,-0.23258017003536224,0.9221524000167847
MDN,5,90,NLL,-0.21324239671230316,0.9258366823196411
MDN,5,91,NLL,-0.23057065904140472,0.9254623651504517
MDN,5,92,NLL,-0.22255577147006989,0.9216763377189636
MDN,5,93,NLL,-0.2035166472196579,0.9258927702903748
MDN,5,94,NLL,-0.1959383487701416,0.9223455190658569
MDN,5,95,NLL,-0.24463525414466858,0.9242056012153625
MDN,5,96,NLL,-0.24780412018299103,0.921578586101532
MDN,5,97,NLL,-0.21799759566783905,0.9234349727630615
MDN,5,98,NLL,-0.24700434505939484,0.9232199788093567
MDN,5,99,NLL,-0.2259736955165863,0.9215413928031921
MDN,5,100,NLL,-0.19976122677326202,0.9228686690330505
MDN,5,101,NLL,-0.23183393478393555,0.9228962063789368
MDN,5,102,NLL,-0.2349575310945511,0.9228121042251587
MDN,5,103,NLL,-0.23503552377223969,0.9214510321617126
MDN,5,104,NLL,-0.22468899190425873,0.9232089519500732
MDN,5,105,NLL,-0.20341800153255463,0.9229732155799866
MDN,5,106,NLL,-0.24066698551177979,0.9231962561607361
MDN,5,107,NLL,-0.2331325113773346,0.921305775642395
MDN,5,108,NLL,-0.2499057948589325,0.9215241074562073
MDN,5,109,NLL,-0.24479040503501892,0.9230309128761292
MDN,5,110,NLL,-0.21497958898544312,0.9222204089164734
MDN,5,111,NLL,-0.22798973321914673,0.9284055233001709
MDN,5,112,NLL,-0.23114679753780365,0.922488808631897
MDN,5,113,NLL,-0.24921098351478577,0.9248263239860535
MDN,5,114,NLL,-0.22976401448249817,0.9224348664283752
MDN,5,115,NLL,-0.25244566798210144,0.9213111996650696
MDN,5,116,NLL,-0.20940832793712616,0.9235961437225342
MDN,5,117,NLL,-0.2529008090496063,0.9216481447219849
MDN,5,118,NLL,-0.238261878490448,0.9250290989875793
MDN,5,119,NLL,-0.23070010542869568,0.9217753410339355
MDN,5,120,NLL,-0.2239106297492981,0.9227156639099121
MDN,5,121,NLL,-0.22158053517341614,0.9228150844573975
MDN,5,122,NLL,-0.2044050097465515,0.9227589964866638
MDN,5,123,NLL,-0.24852311611175537,0.9221776127815247
MDN,5,124,NLL,-0.22601206600666046,0.9230576753616333
MDN,5,125,NLL,-0.24005331099033356,0.9216057658195496
MDN,5,126,NLL,-0.23740586638450623,0.9235955476760864
MDN,5,127,NLL,-0.23257482051849365,0.9214457869529724
MDN,5,128,NLL,-0.22535178065299988,0.9222533702850342
MDN,5,129,NLL,-0.24952901899814606,0.9211655259132385
MDN,5,130,NLL,-0.19519679248332977,0.9217066168785095
MDN,5,131,NLL,-0.24591608345508575,0.9221081733703613
MDN,5,132,NLL,-0.22601257264614105,0.9229679703712463
MDN,5,133,NLL,-0.1471734344959259,0.9235619902610779
MDN,5,134,NLL,-0.25122612714767456,0.9216561913490295
MDN,5,135,NLL,-0.22562243044376373,0.9213084578514099
MDN,5,136,NLL,-0.23424144089221954,0.9241396188735962
MDN,5,137,NLL,-0.24100361764431,0.9229938983917236
MDN,5,138,NLL,-0.21502840518951416,0.9233238697052002
MDN,5,139,NLL,-0.1604512333869934,0.9222395420074463
MDN,5,140,NLL,-0.18961256742477417,0.9218323826789856
MDN,5,141,NLL,-0.2205916941165924,0.9220504760742188
MDN,5,142,NLL,-0.2511828541755676,0.9224664568901062
MDN,5,143,NLL,-0.23509344458580017,0.9235873222351074
MDN,5,144,NLL,-0.2477753907442093,0.9233711957931519
MDN,5,145,NLL,-0.2535543441772461,0.9239788055419922
MDN,5,146,NLL,-0.24554096162319183,0.9216108918190002
MDN,5,147,NLL,-0.24343237280845642,0.9216325283050537
MDN,5,148,NLL,-0.246686190366745,0.9222253561019897
MDN,5,149,NLL,-0.22702725231647491,0.9229292869567871
MDN,5,150,NLL,-0.22874411940574646,0.9224655628204346
MDN,5,151,NLL,-0.22916939854621887,0.9218987822532654
MDN,5,152,NLL,-0.23829123377799988,0.9232396483421326
MDN,5,153,NLL,-0.25568777322769165,0.9222499132156372
MDN,5,154,NLL,-0.2106281816959381,0.9267317056655884
MDN,5,155,NLL,-0.24312682449817657,0.9247134327888489
MDN,5,156,NLL,-0.2439369261264801,0.923827588558197
MDN,5,157,NLL,-0.24296627938747406,0.9231411814689636
MDN,5,158,NLL,-0.24583293497562408,0.9214814305305481
MDN,5,159,NLL,-0.2554851472377777,0.9215413331985474
MDN,5,160,NLL,-0.1954936683177948,0.9223065376281738
MDN,5,161,NLL,-0.23024652898311615,0.921598494052887
MDN,5,162,NLL,-0.16261589527130127,0.9226165413856506
MDN,5,163,NLL,-0.2331128567457199,0.9225334525108337
MDN,5,164,NLL,-0.2302776426076889,0.9220823645591736
MDN,5,165,NLL,-0.24143992364406586,0.9223970174789429
MDN,5,166,NLL,-0.24233059585094452,0.9230003356933594
MDN,5,167,NLL,-0.24809002876281738,0.9234576225280762
MDN,5,168,NLL,-0.23882032930850983,0.9249123334884644
MDN,5,169,NLL,-0.2017560452222824,0.9229004383087158
MDN,5,170,NLL,-0.20926544070243835,0.9224717617034912
MDN,5,171,NLL,-0.2345433384180069,0.9236347079277039
MDN,5,172,NLL,-0.24134661257266998,0.9222899079322815
MDN,5,173,NLL,-0.22617191076278687,0.9224053621292114
MDN,5,174,NLL,-0.2268393188714981,0.9220191836357117
MDN,5,175,NLL,-0.22583098709583282,0.9225670695304871
MDN,5,176,NLL,-0.24831272661685944,0.9210789799690247
MDN,5,177,NLL,-0.24946583807468414,0.9213836193084717
MDN,5,178,NLL,-0.21302208304405212,0.9230421185493469
MDN,5,179,NLL,-0.2534654438495636,0.9232375025749207
MDN,5,180,NLL,-0.22835974395275116,0.9219204783439636
MDN,5,181,NLL,-0.168571338057518,0.9221011996269226
MDN,5,182,NLL,-0.24128194153308868,0.9217786192893982
MDN,5,183,NLL,-0.2376990169286728,0.9227758049964905
MDN,5,184,NLL,-0.23167358338832855,0.9217361807823181
MDN,5,185,NLL,-0.25138771533966064,0.9218209981918335
MDN,5,186,NLL,-0.24295634031295776,0.9216628670692444
MDN,5,187,NLL,-0.2373405396938324,0.92351233959198
MDN,5,188,NLL,-0.21863868832588196,0.9219439625740051
MDN,5,189,NLL,-0.24645689129829407,0.9214049577713013
MDN,5,190,NLL,-0.2466285675764084,0.9232590198516846
MDN,5,191,NLL,-0.24351941049098969,0.9229728579521179
MDN,5,192,NLL,-0.24748314917087555,0.9215615391731262
MDN,5,193,NLL,-0.24358519911766052,0.9214372634887695
MDN,5,194,NLL,-0.24539700150489807,0.9219832420349121
MDN,5,195,NLL,-0.2385071963071823,0.9231592416763306
MDN,5,196,NLL,-0.23970061540603638,0.9221410155296326
MDN,5,197,NLL,-0.2530566453933716,0.9231420159339905
MDN,5,198,NLL,-0.24652890861034393,0.9232009053230286
MDN,5,199,NLL,-0.24726001918315887,0.9256128668785095
MDN,5,200,NLL,-0.24013002216815948,0.9236048460006714
MDN,5,201,NLL,-0.24891291558742523,0.9218732714653015
MDN,5,202,NLL,-0.23042435944080353,0.9236251711845398
MDN,5,203,NLL,-0.25515085458755493,0.9212160110473633
MDN,5,204,NLL,-0.21571312844753265,0.9208750128746033
MDN,5,205,NLL,-0.23961441218852997,0.9214873313903809
MDN,5,206,NLL,-0.24009442329406738,0.9238218665122986
MDN,5,207,NLL,-0.24031998217105865,0.9213380217552185
MDN,5,208,NLL,-0.24783548712730408,0.9221968054771423
MDN,5,209,NLL,-0.25387462973594666,0.9206792712211609
MDN,5,210,NLL,-0.25549882650375366,0.9211124181747437
MDN,5,211,NLL,-0.24582843482494354,0.9227685332298279
MDN,5,212,NLL,-0.24386179447174072,0.9226565361022949
MDN,5,213,NLL,-0.2454904168844223,0.9218498468399048
MDN,5,214,NLL,-0.2520033121109009,0.9220360517501831
MDN,5,215,NLL,-0.22280994057655334,0.9208783507347107
MDN,5,216,NLL,-0.25213608145713806,0.9209611415863037
MDN,5,217,NLL,-0.22189389169216156,0.9222915768623352
MDN,5,218,NLL,-0.22057712078094482,0.9211616516113281
MDN,5,219,NLL,-0.23386304080486298,0.9236498475074768
MDN,5,220,NLL,-0.2052762806415558,0.9220049977302551
MDN,5,221,NLL,-0.24890953302383423,0.9215371608734131
MDN,5,222,NLL,-0.22559881210327148,0.922033429145813
MDN,5,223,NLL,-0.24945397675037384,0.9210484027862549
MDN,5,224,NLL,-0.2474360466003418,0.9238848090171814
MDN,5,225,NLL,-0.24896851181983948,0.9210615754127502
MDN,5,226,NLL,-0.23812851309776306,0.9211432337760925
MDN,5,227,NLL,-0.25351470708847046,0.9208894371986389
MDN,5,228,NLL,-0.24971246719360352,0.9231153726577759
MDN,5,229,NLL,-0.2429528534412384,0.9222584366798401
MDN,5,230,NLL,-0.2468489110469818,0.9206883907318115
MDN,5,231,NLL,-0.23823583126068115,0.9223428964614868
MDN,5,232,NLL,-0.23613540828227997,0.9228625893592834
MDN,5,233,NLL,-0.241228386759758,0.9213511943817139
MDN,5,234,NLL,-0.24524196982383728,0.921087920665741
MDN,5,235,NLL,-0.23824168741703033,0.9215545058250427
MDN,5,236,NLL,-0.22066591680049896,0.9222869873046875
MDN,5,237,NLL,-0.2541435658931732,0.9201619625091553
MDN,5,238,NLL,-0.2389599233865738,0.9212939143180847
MDN,5,239,NLL,-0.25142931938171387,0.9210721850395203
MDN,5,240,NLL,-0.2452196627855301,0.9201931357383728
MDN,5,241,NLL,-0.25014978647232056,0.9208545684814453
MDN,5,242,NLL,-0.22945860028266907,0.9218305945396423
MDN,5,243,NLL,-0.22050829231739044,0.9219193458557129
MDN,5,244,NLL,-0.23341700434684753,0.9218900203704834
MDN,5,245,NLL,-0.2116408348083496,0.9218116402626038
MDN,5,246,NLL,-0.2430259883403778,0.9207687377929688
MDN,5,247,NLL,-0.24478815495967865,0.9223781228065491
MDN,5,248,NLL,-0.24045568704605103,0.9208992719650269
MDN,5,249,NLL,-0.24294103682041168,0.9212642908096313
MDN,5,250,NLL,-0.23861786723136902,0.9203479290008545
MDN,5,251,NLL,-0.22265774011611938,0.9208855032920837
MDN,5,252,NLL,-0.2537730634212494,0.9208858609199524
MDN,5,253,NLL,-0.21352264285087585,0.9205928444862366
MDN,5,254,NLL,-0.253791481256485,0.9208257794380188
MDN,5,255,NLL,-0.2410842329263687,0.9210086464881897
MDN,5,256,NLL,-0.2522352635860443,0.9220558404922485
MDN,5,257,NLL,-0.22981539368629456,0.9231109619140625
MDN,5,258,NLL,-0.2448250949382782,0.9203590750694275
MDN,5,259,NLL,-0.25440871715545654,0.920517086982727
MDN,5,260,NLL,-0.24587072432041168,0.923704206943512
MDN,5,261,NLL,-0.24221135675907135,0.9198967814445496
MDN,5,262,NLL,-0.2414427548646927,0.9218188524246216
MDN,5,263,NLL,-0.25013411045074463,0.920009970664978
MDN,5,264,NLL,-0.2575077414512634,0.9220194816589355
MDN,5,265,NLL,-0.18552514910697937,0.9211615324020386
MDN,5,266,NLL,-0.24972398579120636,0.9231512546539307
MDN,5,267,NLL,-0.248154416680336,0.9218375086784363
MDN,5,268,NLL,-0.20568403601646423,0.9204253554344177
MDN,5,269,NLL,-0.2524319291114807,0.92127525806427
MDN,5,270,NLL,-0.24894900619983673,0.9197168946266174
MDN,5,271,NLL,-0.24991239607334137,0.920703649520874
MDN,5,272,NLL,-0.2559284567832947,0.9245670437812805
MDN,5,273,NLL,-0.26039329171180725,0.9206189513206482
MDN,5,274,NLL,-0.2395133525133133,0.9206876754760742
MDN,5,275,NLL,-0.24660351872444153,0.9202685952186584
MDN,5,276,NLL,-0.22918261587619781,0.9211449027061462
MDN,5,277,NLL,-0.2550565302371979,0.9205290675163269
MDN,5,278,NLL,-0.24275006353855133,0.926429271697998
MDN,5,279,NLL,-0.22509759664535522,0.9197123646736145
MDN,5,280,NLL,-0.24398255348205566,0.9219833612442017
MDN,5,281,NLL,-0.25087520480155945,0.9203143119812012
MDN,5,282,NLL,-0.2376181036233902,0.9207994937896729
MDN,5,283,NLL,-0.24156399071216583,0.9207751750946045
MDN,5,284,NLL,-0.2424883097410202,0.9199830889701843
MDN,5,285,NLL,-0.25118696689605713,0.9213664531707764
MDN,5,286,NLL,-0.2536395788192749,0.9199314713478088
MDN,5,287,NLL,-0.24219579994678497,0.9231045246124268
MDN,5,288,NLL,-0.24831102788448334,0.9216782450675964
MDN,5,289,NLL,-0.2034892439842224,0.9201610088348389
MDN,5,290,NLL,-0.25614506006240845,0.9201036095619202
MDN,5,291,NLL,-0.23517826199531555,0.9204646348953247
MDN,5,292,NLL,-0.2531626224517822,0.9206624031066895
MDN,5,293,NLL,-0.2416907697916031,0.9217991828918457
MDN,5,294,NLL,-0.2529817819595337,0.9210069179534912
MDN,5,295,NLL,-0.24804794788360596,0.919866681098938
MDN,5,296,NLL,-0.24659253656864166,0.9232404232025146
MDN,5,297,NLL,-0.2572942078113556,0.9198534488677979
MDN,5,298,NLL,-0.25665879249572754,0.9205043315887451
MDN,5,299,NLL,-0.2291869819164276,0.92034912109375
MDN,5,300,NLL,-0.23972775042057037,0.9199763536453247
